;              
CREATE USER IF NOT EXISTS SA SALT '9474e3917ec4dffd' HASH 'c94cc00e69525ba94a178027dc63c8d059ed82a5e0f94f89f595ffa79d928869' ADMIN;            
Drop all Objects;
CREATE SEQUENCE PUBLIC.HIBERNATE_SEQUENCE START WITH 3568;     
CREATE CACHED TABLE PUBLIC.FEATURE(
    ID BIGINT NOT NULL,
    DESCRIPTION VARCHAR(255),
    IMAGE_PATH VARCHAR(255),
    INDEX VARCHAR(255),
    NAME VARCHAR(255),
    PRICE DOUBLE,
    ORDER_FEATURES_ID BIGINT
);        
ALTER TABLE PUBLIC.FEATURE ADD CONSTRAINT PUBLIC.CONSTRAINT_F PRIMARY KEY(ID); 
-- 92 +/- SELECT COUNT(*) FROM PUBLIC.FEATURE; 
INSERT INTO PUBLIC.FEATURE(ID, DESCRIPTION, IMAGE_PATH, INDEX, NAME, PRICE, ORDER_FEATURES_ID) VALUES
(1, '5-th wheel height', 'default.png', 'K144976', '1250', 55.1, 2994),
(2, '5-th wheel height', 'default.png', 'K123411', '1200', 55.1, NULL),
(3, 'aXLE', 'default.png', '', 'SAF drum', 55.1, 1376),
(4, '', '', '', 'BPW drum', 0.0, 2996),
(21, '', '', '', 'standard curtain with tail lift', 0.0, 53),
(24, '', '', 'K237100', 'standard BPW', 0.0, 2998),
(27, '', '', '', 'with flat rear main beam', 0.0, 896),
(33, '', '', '', 'DH 20 tail lift', 0.0, 898),
(37, '', '', '', 'DH SKS tail lift', 0.0, 59),
(41, '', '', '', 'other tail lift', 0.0, NULL),
(68, '', '', '', 'Jost disc', 0.0, NULL),
(71, '', '', '', '158 mm', 0.0, 3002),
(84, '', '', '', '100 mm', 0.0, 1382),
(88, '', '', '', 'Not fited', 0.0, 1435),
(92, '', '', '', 'Aspock RDC', 0.0, NULL),
(94, '', '', 'K313004', 'V-tech Reversing Sensors', 0.0, 3004),
(97, '', '', 'K235884', 'Front pulpit 600', 0.0, 3006),
(99, '', '', 'K145810', 'Front pulpit 900', 0.0, NULL),
(101, '', '', 'K205370', 'Front pulpit 1200 INOX', 0.0, 2822),
(103, '', '', 'K237062', 'Front pulpit 1200 ', 0.0, NULL),
(108, '', '', 'K145719', 'Front Pulpit 200 for Suzie', 0.0, 1568),
(111, '', '', 'K145180', 'Real ladder, assembled nearside', 0.0, 3008),
(113, '', '', '', 'Ladder not fitted', 0.0, NULL),
(119, '', '', '', 'Tail lift not fitted', 0.0, 3000),
(122, '', '', 'K237112', 'Plywood with anti slippery plate on last 1.2 m', 0.0, 1441),
(130, '', '', 'K237428', 'Full Plywood', 0.0, NULL),
(133, '', '', 'K237687', 'Keruing Wood Floor', 0.0, 3010),
(137, '', '', 'K237453', 'Standard Underrun', 0.0, 3012),
(141, '', '', '', 'Underrun  not fited', 0.0, NULL),
(144, '', '', 'K238031', 'Rear lamps brackets for Tail lift', 0.0, NULL),
(146, '', '', 'K292164', 'Rear lamps brackets for Tail lift 2', 0.0, NULL),
(148, '', '', 'K238035', 'Rear underrun for V-tech revers sensor', 0.0, NULL),
(150, '', '', 'K292153', 'Rear underrun with Deker logo', 0.0, NULL),
(152, '', '', 'K145235', 'Rear underrun with ADR plate', 0.0, 2720),
(154, '', '', 'K145784', 'Rear underrun for Hamburgers', 0.0, NULL),
(157, '', '', 'K145238-W6', 'Jost L500 landing legs', 0.0, 2899),
(159, '', '', 'K237826-W6', 'Jost CW (with wheel) landing legs', 0.0, 3014),
(161, '', '', 'K237306-W6', 'Saf Hercules Landing legs', 0.0, 1445),
(165, '', '', '', 'other landing legs', 0.0, NULL),
(168, '', '', '2x W658476', 'Steel air tanks 2x 60L', 0.0, 3016),
(172, '', '', 'K237204', 'Aluminium side protection', 0.0, 3018),
(174, '', '', 'K238024', 'Aluminium side protection for different wheel base, tail lift', 0.0, NULL),
(176, '', '', 'K292173', 'Aluminium side protection with anodized plate between', 0.0, NULL),
(178, '', '', 'K237739', 'Aluminium side protection with plate between', 0.0, NULL),
(182, '', '', 'K237631-W6 K238057-W2', 'Mudguards with side wallance, with LD logo', 0.0, NULL),
(184, '', '', 'K238043', 'Full mudguards with Dowson logo', 0.0, 3020),
(188, '', '', '', 'LD logo', 0.0, NULL),
(190, '', '', '', 'Dowson logo', 0.0, NULL),
(192, '', '', '', 'No logo', 0.0, 1188),
(196, '', '', 'K237326', 'GTO rubber buffer', 0.0, 3022),
(198, '', '', '2x M170309_04', 'Pommier ROLL STOP 39.50800 BO', 0.0, 1717),
(200, '', '', '2x M17030901', 'Double roll buffer', 0.0, NULL),
(202, '', '', '', 'No Buffer', 0.0, 1402),
(206, '', '', '', 'Alcoa aluminium rims', 0.0, NULL),
(208, '', '', '', 'Steel rims', 0.0, 3024),
(213, '', '', '', 'Continental HT3 HYBRID', 0.0, 2253),
(215, '', '', '', 'Goodyear Fuelmax T', 0.0, 3026),
(219, '', '', '', 'Fited Info center', 0.0, 2638),
(221, '', '', '', 'Not fited info center', 0.0, 3028),
(225, '', '', '', 'Haldex', 0.0, 3030),
(227, '', '', '', 'Knorr Bremse', 0.0, 2109),
(231, '', '', 'K300289', 'Aspock EP3 withiout end outline marker', 0.0, 3032),
(233, '', '', 'K236162', 'Aspock EP3', 0.0, NULL),
(235, '', '', '', 'Aspock full led with end outline marker', 0.0, NULL),
(237, '', '', '', 'Aspock EcoLed without end outline marker', 0.0, NULL),
(239, '', '', '', 'Aspock EP3 Full led with side light', 0.0, NULL);      
INSERT INTO PUBLIC.FEATURE(ID, DESCRIPTION, IMAGE_PATH, INDEX, NAME, PRICE, ORDER_FEATURES_ID) VALUES
(241, '', '', 'K300277', 'Rubbolite 2x7', 0.0, NULL),
(243, '', '', 'K312434', 'Rubbolite M800', 0.0, NULL),
(245, '', '', 'K312412', 'Rubbolite M810', 0.0, 312),
(247, '', '', 'K312420', 'Rubbolite M900', 0.0, NULL),
(249, '', '', 'K300292', 'Rubbolite full led 2x7', 0.0, NULL),
(324, '', '', '', 'Hubodometer fited', 0.0, 3034),
(326, '', '', '', 'Hubodometer not fitted', 0.0, 2919),
(353, '', '', 'part of the chassis', 'Standard front vertical plate', 0.0, 3036),
(355, '', '', 'K237495', 'Front vertical plate with anderson connector', 0.0, NULL),
(359, '', '', 'K394327', 'Front Vertical plate for TEM Haldex', 0.0, NULL),
(364, '', '', '', '13 pairs of lashing rings', 0.0, NULL),
(366, '', '', 'K238069-W2 K238080-W6', '14 pairs of lashing rings', 0.0, NULL),
(368, '', '', 'K292167-W2 K292170-W6', '26 pairs of lashing rings', 0.0, 3038),
(372, '', '', '', 'No lashing rings', 0.0, 2315),
(375, '', '', '', '3 pairs of ferry rings', 0.0, 2215),
(377, '', '', 'K237812-W2', '4 pairs of ferry rings', 0.0, 3040),
(381, '', '', '13x M141235', '13 pairs of lashing rings with 500DaNstraps', 0.0, NULL),
(667, '', '', '', '5', 0.0, NULL),
(1081, '', '', '', 'Tail lift not fitted', 0.0, NULL),
(1281, '', '', 'K237580-W6', 'curtain 100 Neck SAF drum', 0.0, 1378),
(3097, '', '', 'K292200-W6', 'standard for tail lift DH-20, BPW', 0.0, NULL),
(3276, '', '', 'K145830-W6', 'curtain 100 Neck SAF drum with GTO rubber buffers', 0.0, NULL),
(3332, '', '', 'K238010-W6', 'standard curtain BPW for DH SKS tail lif', 0.0, NULL),
(3423, '', '', 'K237600-W6', '300mm cross barrers distance with RDC', 0.0, NULL),
(3502, '', '', 'K145790-W6', 'standard curtain SAF drum', 0.0, NULL),
(3560, '', '', 'K145196-W6', 'standard curtain Jost disc', 0.0, NULL);    
CREATE CACHED TABLE PUBLIC.FEATURE_AUD(
    ID BIGINT NOT NULL,
    REV INTEGER NOT NULL,
    REVTYPE TINYINT,
    DESCRIPTION VARCHAR(255),
    IMAGE_PATH VARCHAR(255),
    INDEX VARCHAR(255),
    NAME VARCHAR(255),
    PRICE DOUBLE,
    ORDER_FEATURES_ID BIGINT
);     
ALTER TABLE PUBLIC.FEATURE_AUD ADD CONSTRAINT PUBLIC.CONSTRAINT_6 PRIMARY KEY(ID, REV);        
-- 936 +/- SELECT COUNT(*) FROM PUBLIC.FEATURE_AUD;            
INSERT INTO PUBLIC.FEATURE_AUD(ID, REV, REVTYPE, DESCRIPTION, IMAGE_PATH, INDEX, NAME, PRICE, ORDER_FEATURES_ID) VALUES
(4, 5, 0, '', '', '', 'BPW', 0.0, NULL),
(3, 7, 1, 'aXLE', 'default.png', 'K234555', 'SAF', 55.1, NULL),
(1, 17, 1, '5-th wheel height', 'default.png', 'K125444', '1250', 55.1, 14),
(3, 19, 1, 'aXLE', 'default.png', 'K234555', 'SAF', 55.1, 16),
(21, 22, 0, '', '', '', 'standard curtain with tail lift', 0.0, NULL),
(24, 25, 0, '', '', '', 'standard', 0.0, NULL),
(27, 28, 0, '', '', '', 'with flat rear main beam', 0.0, NULL),
(33, 34, 0, '', '', '', 'DH 20 tail lift', 0.0, NULL),
(37, 38, 0, '', '', '', 'DH SKS tail lift', 0.0, NULL),
(41, 42, 0, '', '', '', 'other tail lift', 0.0, NULL),
(21, 56, 1, '', '', '', 'standard curtain with tail lift', 0.0, 53),
(1, 58, 1, '5-th wheel height', 'default.png', 'K125444', '1250', 55.1, 55),
(3, 60, 1, 'aXLE', 'default.png', 'K234555', 'SAF', 55.1, 57),
(37, 62, 1, '', '', '', 'DH SKS tail lift', 0.0, 59),
(4, 63, 1, '', '', '', 'BPW drum', 0.0, NULL),
(1, 64, 1, '5-th wheel height', 'default.png', 'K144976', '1250', 55.1, 55),
(3, 67, 1, 'aXLE', 'default.png', '', 'SAF drum', 55.1, 57),
(68, 69, 0, '', '', '', 'Jost disk', 0.0, NULL),
(71, 72, 0, '', '', '', '158 mm', 0.0, NULL),
(84, 85, 0, '', '', '', '100 mm', 0.0, NULL),
(24, 87, 1, '', '', 'K237100', 'standard', 0.0, NULL),
(88, 89, 0, '', '', '', 'Not fited', 0.0, NULL),
(92, 93, 0, '', '', '', 'Aspock RDC', 0.0, NULL),
(94, 95, 0, '', '', '', 'V-tech Revering Sensors', 0.0, NULL),
(97, 98, 0, '', '', 'K235884', 'Front pulpit 600', 0.0, NULL),
(99, 100, 0, '', '', 'K145810', 'Front pulpit 900', 0.0, NULL),
(101, 102, 0, '', '', 'K205370', 'Front pulpit 1200 INOX', 0.0, NULL),
(103, 104, 0, '', '', 'K237062', 'Front pulpit 1200 ', 0.0, NULL),
(108, 109, 0, '', '', 'K145719', 'Front Pulpit 200 for Suzie', 0.0, NULL),
(111, 112, 0, '', '', 'K145180', 'Real ladder, assembled nearside', 0.0, NULL),
(113, 114, 0, '', '', '', 'Ladder not fitted', 0.0, NULL),
(119, 120, 0, '', '', '', 'Tail lift not fitted', 0.0, NULL),
(122, 123, 0, '', '', '', 'eqwer', 0.0, NULL),
(122, 127, 1, '', '', 'K237112', 'Plywood with anti slippery plate on last 1.2 m', 0.0, NULL),
(130, 131, 0, '', '', 'K237428', 'Full Plywood', 0.0, NULL),
(133, 134, 0, '', '', 'K237687', 'Keruing Wood Floor', 0.0, NULL),
(94, 136, 1, '', '', 'K313004', 'V-tech Revering Sensors', 0.0, NULL),
(137, 138, 0, '', '', 'K237453', 'Standard Underrun', 0.0, NULL),
(141, 142, 0, '', '', '', 'Underrun  not fited', 0.0, NULL),
(144, 145, 0, '', '', 'K238031', 'Rear lamps brackets for Tail lift', 0.0, NULL),
(146, 147, 0, '', '', 'K292164', 'Rear lamps brackets for Tail lift 2', 0.0, NULL),
(148, 149, 0, '', '', 'K238035', 'Rear underrun for V-tech revers sensor', 0.0, NULL),
(150, 151, 0, '', '', 'K292153', 'Rear underrun with Deker logo', 0.0, NULL),
(152, 153, 0, '', '', 'K145235', 'Rear underrun with ADR plate', 0.0, NULL),
(154, 155, 0, '', '', 'K145784', 'Rear underrun for Hamburgers', 0.0, NULL),
(157, 158, 0, '', '', 'K145238-W6', 'Jost L500 landing legs', 0.0, NULL),
(159, 160, 0, '', '', 'K237826-W6', 'Jost CW (with wheel) landing legs', 0.0, NULL),
(161, 162, 0, '', '', 'K237306-W6', 'Saf Hercules Landing legs', 0.0, NULL),
(165, 166, 0, '', '', '', 'other landing legs', 0.0, NULL),
(168, 169, 0, '', '', '2x W658476', 'Steel air tanks 2x 60L', 0.0, NULL),
(172, 173, 0, '', '', 'K237204', 'Aluminium side protection', 0.0, NULL),
(174, 175, 0, '', '', 'K238024', 'Aluminium side protection for different wheel base, tail lift', 0.0, NULL),
(176, 177, 0, '', '', 'K292173', 'Aluminium side protection with anodized plate between', 0.0, NULL),
(178, 179, 0, '', '', 'K237739', 'Aluminium side protection with plate between', 0.0, NULL),
(182, 183, 0, '', '', '', 'Mudguards with side wallance', 0.0, NULL),
(184, 185, 0, '', '', '', 'Full mudguards', 0.0, NULL),
(188, 189, 0, '', '', '', 'LD logo', 0.0, NULL),
(190, 191, 0, '', '', '', 'Dowson logo', 0.0, NULL),
(192, 193, 0, '', '', '', 'No logo', 0.0, NULL),
(196, 197, 0, '', '', 'K237326', 'GTO rubber buffer', 0.0, NULL);      
INSERT INTO PUBLIC.FEATURE_AUD(ID, REV, REVTYPE, DESCRIPTION, IMAGE_PATH, INDEX, NAME, PRICE, ORDER_FEATURES_ID) VALUES
(198, 199, 0, '', '', '2x M170309_04', 'Pommier ROLL STOP 39.50800 BO', 0.0, NULL),
(200, 201, 0, '', '', '2x M17030901', 'Double roll buffer', 0.0, NULL),
(202, 203, 0, '', '', '', 'No Buffer', 0.0, NULL),
(206, 207, 0, '', '', '', 'Alcoa aluminium rims', 0.0, NULL),
(208, 209, 0, '', '', '', 'Steel rims', 0.0, NULL),
(213, 214, 0, '', '', '', 'Continental HT3 HYBRID', 0.0, NULL),
(215, 216, 0, '', '', '', 'Goodyear Fuelmax T', 0.0, NULL),
(219, 220, 0, '', '', '', 'Fited Info center', 0.0, NULL),
(221, 222, 0, '', '', '', 'Not fited info center', 0.0, NULL),
(225, 226, 0, '', '', '', 'Haldex', 0.0, NULL),
(227, 228, 0, '', '', '', 'Knorr Bremse', 0.0, NULL),
(231, 232, 0, '', '', 'K300289', 'Aspock EP3 withiout side lights', 0.0, NULL),
(233, 234, 0, '', '', 'K236162', 'Aspock EP3', 0.0, NULL),
(235, 236, 0, '', '', '', 'Aspock full led with side light', 0.0, NULL),
(237, 238, 0, '', '', '', 'Aspock EcoLed without side light', 0.0, NULL),
(239, 240, 0, '', '', '', 'Aspock EP3 Full led with side light', 0.0, NULL),
(241, 242, 0, '', '', 'K300277', 'Rubbolite 2x7', 0.0, NULL),
(243, 244, 0, '', '', 'K312434', 'Rubbolite M800', 0.0, NULL),
(245, 246, 0, '', '', 'K312412', 'Rubbolite M810', 0.0, NULL),
(247, 248, 0, '', '', 'K312420', 'Rubbolite M900', 0.0, NULL),
(249, 250, 0, '', '', 'K300292', 'Rubbolite full led 2x7', 0.0, NULL),
(1, 275, 1, '5-th wheel height', 'default.png', 'K144976', '1250', 55.1, 272),
(3, 277, 1, 'aXLE', 'default.png', '', 'SAF drum', 55.1, 274),
(27, 279, 1, '', '', '', 'with flat rear main beam', 0.0, 276),
(33, 281, 1, '', '', '', 'DH 20 tail lift', 0.0, 278),
(71, 283, 1, '', '', '', '158 mm', 0.0, 280),
(94, 285, 1, '', '', 'K313004', 'V-tech Revering Sensors', 0.0, 282),
(97, 287, 1, '', '', 'K235884', 'Front pulpit 600', 0.0, 284),
(111, 289, 1, '', '', 'K145180', 'Real ladder, assembled nearside', 0.0, 286),
(133, 291, 1, '', '', 'K237687', 'Keruing Wood Floor', 0.0, 288),
(137, 293, 1, '', '', 'K237453', 'Standard Underrun', 0.0, 290),
(157, 295, 1, '', '', 'K145238-W6', 'Jost L500 landing legs', 0.0, 292),
(168, 297, 1, '', '', '2x W658476', 'Steel air tanks 2x 60L', 0.0, 294),
(172, 299, 1, '', '', 'K237204', 'Aluminium side protection', 0.0, 296),
(184, 301, 1, '', '', '', 'Full mudguards', 0.0, 298),
(192, 303, 1, '', '', '', 'No logo', 0.0, 300),
(196, 305, 1, '', '', 'K237326', 'GTO rubber buffer', 0.0, 302),
(208, 307, 1, '', '', '', 'Steel rims', 0.0, 304),
(215, 309, 1, '', '', '', 'Goodyear Fuelmax T', 0.0, 306),
(221, 311, 1, '', '', '', 'Not fited info center', 0.0, 308),
(225, 313, 1, '', '', '', 'Haldex', 0.0, 310),
(245, 315, 1, '', '', 'K312412', 'Rubbolite M810', 0.0, 312),
(94, 316, 1, '', '', 'K313004', 'V-tech Reversing Sensors', 0.0, 282),
(237, 318, 1, '', '', '', 'Aspock EcoLed without end outline marker', 0.0, NULL),
(235, 319, 1, '', '', '', 'Aspock full led with end outline marker', 0.0, NULL),
(231, 320, 1, '', '', 'K300289', 'Aspock EP3 withiout end outline marker', 0.0, NULL),
(324, 325, 0, '', '', '', 'Hubodometer fited', 0.0, NULL),
(326, 327, 0, '', '', '', 'Hubodometer not fitted', 0.0, NULL),
(353, 354, 0, '', '', 'K237509', 'Standard front vertical plate', 0.0, NULL),
(355, 356, 0, '', '', 'K237495', 'Front vertical plate with andercon connector', 0.0, NULL),
(359, 360, 0, '', '', 'K394327', 'Front Vertical plate for TEM Haldex', 0.0, NULL),
(182, 361, 1, '', '', 'K238057-W2', 'Mudguards with side wallance', 0.0, NULL),
(355, 363, 1, '', '', 'K237495', 'Front vertical plate with anderson connector', 0.0, NULL),
(364, 365, 0, '', '', '', '13 pairs of lashing rings', 0.0, NULL),
(366, 367, 0, '', '', 'K238069-W2 K238080-W6', '14 pairs of lashing rings', 0.0, NULL),
(368, 369, 0, '', '', 'K292167-W2 K292170-W6', '26 pairs of lashing rings', 0.0, NULL),
(372, 373, 0, '', '', '', 'No lashing rings', 0.0, NULL),
(375, 376, 0, '', '', '', '3 pairs of ferry rings', 0.0, NULL),
(377, 378, 0, '', '', 'K237812-W2', '4 pairs of ferry rings', 0.0, NULL);         
INSERT INTO PUBLIC.FEATURE_AUD(ID, REV, REVTYPE, DESCRIPTION, IMAGE_PATH, INDEX, NAME, PRICE, ORDER_FEATURES_ID) VALUES
(381, 382, 0, '', '', '13x M141235', '13 pairs of lashing rings with 500DaNstraps', 0.0, NULL),
(667, 668, 0, '', '', '', '5', 0.0, NULL),
(1, 843, 1, '5-th wheel height', 'default.png', 'K144976', '1250', 55.1, 840),
(3, 845, 1, 'aXLE', 'default.png', '', 'SAF drum', 55.1, 842),
(27, 847, 1, '', '', '', 'with flat rear main beam', 0.0, 844),
(33, 849, 1, '', '', '', 'DH 20 tail lift', 0.0, 846),
(71, 851, 1, '', '', '', '158 mm', 0.0, 848),
(94, 853, 1, '', '', 'K313004', 'V-tech Reversing Sensors', 0.0, 850),
(97, 855, 1, '', '', 'K235884', 'Front pulpit 600', 0.0, 852),
(111, 857, 1, '', '', 'K145180', 'Real ladder, assembled nearside', 0.0, 854),
(133, 859, 1, '', '', 'K237687', 'Keruing Wood Floor', 0.0, 856),
(137, 861, 1, '', '', 'K237453', 'Standard Underrun', 0.0, 858),
(157, 863, 1, '', '', 'K145238-W6', 'Jost L500 landing legs', 0.0, 860),
(168, 865, 1, '', '', '2x W658476', 'Steel air tanks 2x 60L', 0.0, 862),
(172, 867, 1, '', '', 'K237204', 'Aluminium side protection', 0.0, 864),
(184, 869, 1, '', '', '', 'Full mudguards', 0.0, 866),
(192, 871, 1, '', '', '', 'No logo', 0.0, 868),
(196, 873, 1, '', '', 'K237326', 'GTO rubber buffer', 0.0, 870),
(208, 875, 1, '', '', '', 'Steel rims', 0.0, 872),
(215, 877, 1, '', '', '', 'Goodyear Fuelmax T', 0.0, 874),
(221, 879, 1, '', '', '', 'Not fited info center', 0.0, 876),
(225, 881, 1, '', '', '', 'Haldex', 0.0, 878),
(231, 883, 1, '', '', 'K300289', 'Aspock EP3 withiout end outline marker', 0.0, 880),
(324, 885, 1, '', '', '', 'Hubodometer fited', 0.0, 882),
(353, 887, 1, '', '', 'K237509', 'Standard front vertical plate', 0.0, 884),
(368, 889, 1, '', '', 'K292167-W2 K292170-W6', '26 pairs of lashing rings', 0.0, 886),
(377, 891, 1, '', '', 'K237812-W2', '4 pairs of ferry rings', 0.0, 888),
(1, 895, 1, '5-th wheel height', 'default.png', 'K144976', '1250', 55.1, 892),
(3, 897, 1, 'aXLE', 'default.png', '', 'SAF drum', 55.1, 894),
(27, 899, 1, '', '', '', 'with flat rear main beam', 0.0, 896),
(33, 901, 1, '', '', '', 'DH 20 tail lift', 0.0, 898),
(71, 903, 1, '', '', '', '158 mm', 0.0, 900),
(94, 905, 1, '', '', 'K313004', 'V-tech Reversing Sensors', 0.0, 902),
(97, 907, 1, '', '', 'K235884', 'Front pulpit 600', 0.0, 904),
(111, 909, 1, '', '', 'K145180', 'Real ladder, assembled nearside', 0.0, 906),
(133, 911, 1, '', '', 'K237687', 'Keruing Wood Floor', 0.0, 908),
(137, 913, 1, '', '', 'K237453', 'Standard Underrun', 0.0, 910),
(157, 915, 1, '', '', 'K145238-W6', 'Jost L500 landing legs', 0.0, 912),
(168, 917, 1, '', '', '2x W658476', 'Steel air tanks 2x 60L', 0.0, 914),
(172, 919, 1, '', '', 'K237204', 'Aluminium side protection', 0.0, 916),
(184, 921, 1, '', '', '', 'Full mudguards', 0.0, 918),
(192, 923, 1, '', '', '', 'No logo', 0.0, 920),
(196, 925, 1, '', '', 'K237326', 'GTO rubber buffer', 0.0, 922),
(208, 927, 1, '', '', '', 'Steel rims', 0.0, 924),
(215, 929, 1, '', '', '', 'Goodyear Fuelmax T', 0.0, 926),
(221, 931, 1, '', '', '', 'Not fited info center', 0.0, 928),
(225, 933, 1, '', '', '', 'Haldex', 0.0, 930),
(231, 935, 1, '', '', 'K300289', 'Aspock EP3 withiout end outline marker', 0.0, 932),
(324, 937, 1, '', '', '', 'Hubodometer fited', 0.0, 934),
(353, 939, 1, '', '', 'K237509', 'Standard front vertical plate', 0.0, 936),
(368, 941, 1, '', '', 'K292167-W2 K292170-W6', '26 pairs of lashing rings', 0.0, 938),
(377, 943, 1, '', '', 'K237812-W2', '4 pairs of ferry rings', 0.0, 940),
(1081, 1082, 0, '', '', '', 'Tail lift not fitted', 0.0, NULL),
(1, 1111, 1, '5-th wheel height', 'default.png', 'K144976', '1250', 55.1, 1108),
(3, 1113, 1, 'aXLE', 'default.png', '', 'SAF drum', 55.1, 1110),
(24, 1115, 1, '', '', 'K237100', 'standard', 0.0, 1112),
(119, 1117, 1, '', '', '', 'Tail lift not fitted', 0.0, 1114),
(84, 1119, 1, '', '', '', '100 mm', 0.0, 1116),
(88, 1121, 1, '', '', '', 'Not fited', 0.0, 1118),
(97, 1123, 1, '', '', 'K235884', 'Front pulpit 600', 0.0, 1120),
(111, 1125, 1, '', '', 'K145180', 'Real ladder, assembled nearside', 0.0, 1122);  
INSERT INTO PUBLIC.FEATURE_AUD(ID, REV, REVTYPE, DESCRIPTION, IMAGE_PATH, INDEX, NAME, PRICE, ORDER_FEATURES_ID) VALUES
(133, 1127, 1, '', '', 'K237687', 'Keruing Wood Floor', 0.0, 1124),
(137, 1129, 1, '', '', 'K237453', 'Standard Underrun', 0.0, 1126),
(157, 1131, 1, '', '', 'K145238-W6', 'Jost L500 landing legs', 0.0, 1128),
(168, 1133, 1, '', '', '2x W658476', 'Steel air tanks 2x 60L', 0.0, 1130),
(172, 1135, 1, '', '', 'K237204', 'Aluminium side protection', 0.0, 1132),
(184, 1137, 1, '', '', '', 'Full mudguards', 0.0, 1134),
(192, 1139, 1, '', '', '', 'No logo', 0.0, 1136),
(202, 1141, 1, '', '', '', 'No Buffer', 0.0, 1138),
(208, 1143, 1, '', '', '', 'Steel rims', 0.0, 1140),
(215, 1145, 1, '', '', '', 'Goodyear Fuelmax T', 0.0, 1142),
(221, 1147, 1, '', '', '', 'Not fited info center', 0.0, 1144),
(225, 1149, 1, '', '', '', 'Haldex', 0.0, 1146),
(231, 1151, 1, '', '', 'K300289', 'Aspock EP3 withiout end outline marker', 0.0, 1148),
(324, 1153, 1, '', '', '', 'Hubodometer fited', 0.0, 1150),
(353, 1155, 1, '', '', 'K237509', 'Standard front vertical plate', 0.0, 1152),
(368, 1157, 1, '', '', 'K292167-W2 K292170-W6', '26 pairs of lashing rings', 0.0, 1154),
(377, 1159, 1, '', '', 'K237812-W2', '4 pairs of ferry rings', 0.0, 1156),
(1, 1163, 1, '5-th wheel height', 'default.png', 'K144976', '1250', 55.1, 1160),
(3, 1165, 1, 'aXLE', 'default.png', '', 'SAF drum', 55.1, 1162),
(24, 1167, 1, '', '', 'K237100', 'standard', 0.0, 1164),
(119, 1169, 1, '', '', '', 'Tail lift not fitted', 0.0, 1166),
(71, 1171, 1, '', '', '', '158 mm', 0.0, 1168),
(94, 1173, 1, '', '', 'K313004', 'V-tech Reversing Sensors', 0.0, 1170),
(97, 1175, 1, '', '', 'K235884', 'Front pulpit 600', 0.0, 1172),
(111, 1177, 1, '', '', 'K145180', 'Real ladder, assembled nearside', 0.0, 1174),
(133, 1179, 1, '', '', 'K237687', 'Keruing Wood Floor', 0.0, 1176),
(137, 1181, 1, '', '', 'K237453', 'Standard Underrun', 0.0, 1178),
(157, 1183, 1, '', '', 'K145238-W6', 'Jost L500 landing legs', 0.0, 1180),
(168, 1185, 1, '', '', '2x W658476', 'Steel air tanks 2x 60L', 0.0, 1182),
(172, 1187, 1, '', '', 'K237204', 'Aluminium side protection', 0.0, 1184),
(184, 1189, 1, '', '', '', 'Full mudguards', 0.0, 1186),
(192, 1191, 1, '', '', '', 'No logo', 0.0, 1188),
(196, 1193, 1, '', '', 'K237326', 'GTO rubber buffer', 0.0, 1190),
(208, 1195, 1, '', '', '', 'Steel rims', 0.0, 1192),
(215, 1197, 1, '', '', '', 'Goodyear Fuelmax T', 0.0, 1194),
(221, 1199, 1, '', '', '', 'Not fited info center', 0.0, 1196),
(225, 1201, 1, '', '', '', 'Haldex', 0.0, 1198),
(231, 1203, 1, '', '', 'K300289', 'Aspock EP3 withiout end outline marker', 0.0, 1200),
(324, 1205, 1, '', '', '', 'Hubodometer fited', 0.0, 1202),
(353, 1207, 1, '', '', 'K237509', 'Standard front vertical plate', 0.0, 1204),
(368, 1209, 1, '', '', 'K292167-W2 K292170-W6', '26 pairs of lashing rings', 0.0, 1206),
(377, 1211, 1, '', '', 'K237812-W2', '4 pairs of ferry rings', 0.0, 1208),
(184, 1212, 1, '', '', 'K238043', 'Full mudguards with Dowson logo', 0.0, 1186),
(182, 1215, 1, '', '', 'K237631-W6 K238057-W2', 'Mudguards with side wallance, with LD logo', 0.0, NULL),
(1281, 1282, 0, '', '', 'K237580-W6', 'curtain 100 Neck SAF drum', 0.0, NULL),
(24, 1287, 1, '', '', 'K237100', 'standard BPW', 0.0, 1164),
(1, 1327, 1, '5-th wheel height', 'default.png', 'K144976', '1250', 55.1, 1324),
(4, 1329, 1, '', '', '', 'BPW drum', 0.0, 1326),
(24, 1331, 1, '', '', 'K237100', 'standard BPW', 0.0, 1328),
(119, 1333, 1, '', '', '', 'Tail lift not fitted', 0.0, 1330),
(71, 1335, 1, '', '', '', '158 mm', 0.0, 1332),
(94, 1337, 1, '', '', 'K313004', 'V-tech Reversing Sensors', 0.0, 1334),
(97, 1339, 1, '', '', 'K235884', 'Front pulpit 600', 0.0, 1336),
(111, 1341, 1, '', '', 'K145180', 'Real ladder, assembled nearside', 0.0, 1338),
(133, 1343, 1, '', '', 'K237687', 'Keruing Wood Floor', 0.0, 1340),
(137, 1345, 1, '', '', 'K237453', 'Standard Underrun', 0.0, 1342),
(157, 1347, 1, '', '', 'K145238-W6', 'Jost L500 landing legs', 0.0, 1344),
(168, 1349, 1, '', '', '2x W658476', 'Steel air tanks 2x 60L', 0.0, 1346),
(172, 1351, 1, '', '', 'K237204', 'Aluminium side protection', 0.0, 1348);          
INSERT INTO PUBLIC.FEATURE_AUD(ID, REV, REVTYPE, DESCRIPTION, IMAGE_PATH, INDEX, NAME, PRICE, ORDER_FEATURES_ID) VALUES
(184, 1353, 1, '', '', 'K238043', 'Full mudguards with Dowson logo', 0.0, 1350),
(196, 1355, 1, '', '', 'K237326', 'GTO rubber buffer', 0.0, 1352),
(208, 1357, 1, '', '', '', 'Steel rims', 0.0, 1354),
(215, 1359, 1, '', '', '', 'Goodyear Fuelmax T', 0.0, 1356),
(221, 1361, 1, '', '', '', 'Not fited info center', 0.0, 1358),
(225, 1363, 1, '', '', '', 'Haldex', 0.0, 1360),
(231, 1365, 1, '', '', 'K300289', 'Aspock EP3 withiout end outline marker', 0.0, 1362),
(324, 1367, 1, '', '', '', 'Hubodometer fited', 0.0, 1364),
(353, 1369, 1, '', '', 'K237509', 'Standard front vertical plate', 0.0, 1366),
(368, 1371, 1, '', '', 'K292167-W2 K292170-W6', '26 pairs of lashing rings', 0.0, 1368),
(377, 1373, 1, '', '', 'K237812-W2', '4 pairs of ferry rings', 0.0, 1370),
(1, 1377, 1, '5-th wheel height', 'default.png', 'K144976', '1250', 55.1, 1374),
(3, 1379, 1, 'aXLE', 'default.png', '', 'SAF drum', 55.1, 1376),
(1281, 1381, 1, '', '', 'K237580-W6', 'curtain 100 Neck SAF drum', 0.0, 1378),
(119, 1383, 1, '', '', '', 'Tail lift not fitted', 0.0, 1380),
(84, 1385, 1, '', '', '', '100 mm', 0.0, 1382),
(88, 1387, 1, '', '', '', 'Not fited', 0.0, 1384),
(97, 1389, 1, '', '', 'K235884', 'Front pulpit 600', 0.0, 1386),
(111, 1391, 1, '', '', 'K145180', 'Real ladder, assembled nearside', 0.0, 1388),
(133, 1393, 1, '', '', 'K237687', 'Keruing Wood Floor', 0.0, 1390),
(137, 1395, 1, '', '', 'K237453', 'Standard Underrun', 0.0, 1392),
(157, 1397, 1, '', '', 'K145238-W6', 'Jost L500 landing legs', 0.0, 1394),
(168, 1399, 1, '', '', '2x W658476', 'Steel air tanks 2x 60L', 0.0, 1396),
(172, 1401, 1, '', '', 'K237204', 'Aluminium side protection', 0.0, 1398),
(184, 1403, 1, '', '', 'K238043', 'Full mudguards with Dowson logo', 0.0, 1400),
(202, 1405, 1, '', '', '', 'No Buffer', 0.0, 1402),
(208, 1407, 1, '', '', '', 'Steel rims', 0.0, 1404),
(215, 1409, 1, '', '', '', 'Goodyear Fuelmax T', 0.0, 1406),
(221, 1411, 1, '', '', '', 'Not fited info center', 0.0, 1408),
(225, 1413, 1, '', '', '', 'Haldex', 0.0, 1410),
(231, 1415, 1, '', '', 'K300289', 'Aspock EP3 withiout end outline marker', 0.0, 1412),
(324, 1417, 1, '', '', '', 'Hubodometer fited', 0.0, 1414),
(353, 1419, 1, '', '', 'K237509', 'Standard front vertical plate', 0.0, 1416),
(368, 1421, 1, '', '', 'K292167-W2 K292170-W6', '26 pairs of lashing rings', 0.0, 1418),
(377, 1423, 1, '', '', 'K237812-W2', '4 pairs of ferry rings', 0.0, 1420),
(1, 1428, 1, '5-th wheel height', 'default.png', 'K144976', '1250', 55.1, 1425),
(4, 1430, 1, '', '', '', 'BPW drum', 0.0, 1427),
(24, 1432, 1, '', '', 'K237100', 'standard BPW', 0.0, 1429),
(119, 1434, 1, '', '', '', 'Tail lift not fitted', 0.0, 1431),
(71, 1436, 1, '', '', '', '158 mm', 0.0, 1433),
(88, 1438, 1, '', '', '', 'Not fited', 0.0, 1435),
(97, 1440, 1, '', '', 'K235884', 'Front pulpit 600', 0.0, 1437),
(111, 1442, 1, '', '', 'K145180', 'Real ladder, assembled nearside', 0.0, 1439),
(122, 1444, 1, '', '', 'K237112', 'Plywood with anti slippery plate on last 1.2 m', 0.0, 1441),
(137, 1446, 1, '', '', 'K237453', 'Standard Underrun', 0.0, 1443),
(161, 1448, 1, '', '', 'K237306-W6', 'Saf Hercules Landing legs', 0.0, 1445),
(168, 1450, 1, '', '', '2x W658476', 'Steel air tanks 2x 60L', 0.0, 1447),
(172, 1452, 1, '', '', 'K237204', 'Aluminium side protection', 0.0, 1449),
(184, 1454, 1, '', '', 'K238043', 'Full mudguards with Dowson logo', 0.0, 1451),
(196, 1456, 1, '', '', 'K237326', 'GTO rubber buffer', 0.0, 1453),
(208, 1458, 1, '', '', '', 'Steel rims', 0.0, 1455),
(215, 1460, 1, '', '', '', 'Goodyear Fuelmax T', 0.0, 1457),
(221, 1462, 1, '', '', '', 'Not fited info center', 0.0, 1459),
(225, 1464, 1, '', '', '', 'Haldex', 0.0, 1461),
(231, 1466, 1, '', '', 'K300289', 'Aspock EP3 withiout end outline marker', 0.0, 1463),
(324, 1468, 1, '', '', '', 'Hubodometer fited', 0.0, 1465),
(353, 1470, 1, '', '', 'K237509', 'Standard front vertical plate', 0.0, 1467),
(368, 1472, 1, '', '', 'K292167-W2 K292170-W6', '26 pairs of lashing rings', 0.0, 1469); 
INSERT INTO PUBLIC.FEATURE_AUD(ID, REV, REVTYPE, DESCRIPTION, IMAGE_PATH, INDEX, NAME, PRICE, ORDER_FEATURES_ID) VALUES
(377, 1474, 1, '', '', 'K237812-W2', '4 pairs of ferry rings', 0.0, 1471),
(94, 1520, 1, '', '', 'K313004', 'V-tech Reversing Sensors', 0.0, 1517),
(108, 1522, 1, '', '', 'K145719', 'Front Pulpit 200 for Suzie', 0.0, 1519),
(111, 1524, 1, '', '', 'K145180', 'Real ladder, assembled nearside', 0.0, 1521),
(133, 1526, 1, '', '', 'K237687', 'Keruing Wood Floor', 0.0, 1523),
(137, 1528, 1, '', '', 'K237453', 'Standard Underrun', 0.0, 1525),
(157, 1530, 1, '', '', 'K145238-W6', 'Jost L500 landing legs', 0.0, 1527),
(172, 1532, 1, '', '', 'K237204', 'Aluminium side protection', 0.0, 1529),
(184, 1534, 1, '', '', 'K238043', 'Full mudguards with Dowson logo', 0.0, 1531),
(196, 1536, 1, '', '', 'K237326', 'GTO rubber buffer', 0.0, 1533),
(208, 1538, 1, '', '', '', 'Steel rims', 0.0, 1535),
(215, 1540, 1, '', '', '', 'Goodyear Fuelmax T', 0.0, 1537),
(221, 1542, 1, '', '', '', 'Not fited info center', 0.0, 1539),
(225, 1544, 1, '', '', '', 'Haldex', 0.0, 1541),
(231, 1546, 1, '', '', 'K300289', 'Aspock EP3 withiout end outline marker', 0.0, 1543),
(324, 1548, 1, '', '', '', 'Hubodometer fited', 0.0, 1545),
(353, 1550, 1, '', '', 'K237509', 'Standard front vertical plate', 0.0, 1547),
(368, 1552, 1, '', '', 'K292167-W2 K292170-W6', '26 pairs of lashing rings', 0.0, 1549),
(377, 1554, 1, '', '', 'K237812-W2', '4 pairs of ferry rings', 0.0, 1551),
(1, 1559, 1, '5-th wheel height', 'default.png', 'K144976', '1250', 55.1, 1556),
(4, 1561, 1, '', '', '', 'BPW drum', 0.0, 1558),
(24, 1563, 1, '', '', 'K237100', 'standard BPW', 0.0, 1560),
(119, 1565, 1, '', '', '', 'Tail lift not fitted', 0.0, 1562),
(71, 1567, 1, '', '', '', '158 mm', 0.0, 1564),
(94, 1569, 1, '', '', 'K313004', 'V-tech Reversing Sensors', 0.0, 1566),
(108, 1571, 1, '', '', 'K145719', 'Front Pulpit 200 for Suzie', 0.0, 1568),
(111, 1573, 1, '', '', 'K145180', 'Real ladder, assembled nearside', 0.0, 1570),
(133, 1575, 1, '', '', 'K237687', 'Keruing Wood Floor', 0.0, 1572),
(137, 1577, 1, '', '', 'K237453', 'Standard Underrun', 0.0, 1574),
(157, 1579, 1, '', '', 'K145238-W6', 'Jost L500 landing legs', 0.0, 1576),
(168, 1581, 1, '', '', '2x W658476', 'Steel air tanks 2x 60L', 0.0, 1578),
(172, 1583, 1, '', '', 'K237204', 'Aluminium side protection', 0.0, 1580),
(184, 1585, 1, '', '', 'K238043', 'Full mudguards with Dowson logo', 0.0, 1582),
(196, 1587, 1, '', '', 'K237326', 'GTO rubber buffer', 0.0, 1584),
(208, 1589, 1, '', '', '', 'Steel rims', 0.0, 1586),
(215, 1591, 1, '', '', '', 'Goodyear Fuelmax T', 0.0, 1588),
(221, 1593, 1, '', '', '', 'Not fited info center', 0.0, 1590),
(225, 1595, 1, '', '', '', 'Haldex', 0.0, 1592),
(231, 1597, 1, '', '', 'K300289', 'Aspock EP3 withiout end outline marker', 0.0, 1594),
(324, 1599, 1, '', '', '', 'Hubodometer fited', 0.0, 1596),
(353, 1601, 1, '', '', 'K237509', 'Standard front vertical plate', 0.0, 1598),
(368, 1603, 1, '', '', 'K292167-W2 K292170-W6', '26 pairs of lashing rings', 0.0, 1600),
(377, 1605, 1, '', '', 'K237812-W2', '4 pairs of ferry rings', 0.0, 1602),
(1, 1644, 1, '5-th wheel height', 'default.png', 'K144976', '1250', 55.1, 1641),
(4, 1646, 1, '', '', '', 'BPW drum', 0.0, 1643),
(24, 1648, 1, '', '', 'K237100', 'standard BPW', 0.0, 1645),
(119, 1650, 1, '', '', '', 'Tail lift not fitted', 0.0, 1647),
(71, 1652, 1, '', '', '', '158 mm', 0.0, 1649),
(94, 1654, 1, '', '', 'K313004', 'V-tech Reversing Sensors', 0.0, 1651),
(97, 1656, 1, '', '', 'K235884', 'Front pulpit 600', 0.0, 1653),
(111, 1658, 1, '', '', 'K145180', 'Real ladder, assembled nearside', 0.0, 1655),
(133, 1660, 1, '', '', 'K237687', 'Keruing Wood Floor', 0.0, 1657),
(137, 1662, 1, '', '', 'K237453', 'Standard Underrun', 0.0, 1659),
(157, 1664, 1, '', '', 'K145238-W6', 'Jost L500 landing legs', 0.0, 1661),
(168, 1666, 1, '', '', '2x W658476', 'Steel air tanks 2x 60L', 0.0, 1663),
(172, 1668, 1, '', '', 'K237204', 'Aluminium side protection', 0.0, 1665),
(184, 1670, 1, '', '', 'K238043', 'Full mudguards with Dowson logo', 0.0, 1667),
(198, 1672, 1, '', '', '2x M170309_04', 'Pommier ROLL STOP 39.50800 BO', 0.0, 1669);           
INSERT INTO PUBLIC.FEATURE_AUD(ID, REV, REVTYPE, DESCRIPTION, IMAGE_PATH, INDEX, NAME, PRICE, ORDER_FEATURES_ID) VALUES
(208, 1674, 1, '', '', '', 'Steel rims', 0.0, 1671),
(215, 1676, 1, '', '', '', 'Goodyear Fuelmax T', 0.0, 1673),
(221, 1678, 1, '', '', '', 'Not fited info center', 0.0, 1675),
(225, 1680, 1, '', '', '', 'Haldex', 0.0, 1677),
(231, 1682, 1, '', '', 'K300289', 'Aspock EP3 withiout end outline marker', 0.0, 1679),
(324, 1684, 1, '', '', '', 'Hubodometer fited', 0.0, 1681),
(353, 1686, 1, '', '', 'K237509', 'Standard front vertical plate', 0.0, 1683),
(368, 1688, 1, '', '', 'K292167-W2 K292170-W6', '26 pairs of lashing rings', 0.0, 1685),
(1, 1692, 1, '5-th wheel height', 'default.png', 'K144976', '1250', 55.1, 1689),
(4, 1694, 1, '', '', '', 'BPW drum', 0.0, 1691),
(24, 1696, 1, '', '', 'K237100', 'standard BPW', 0.0, 1693),
(119, 1698, 1, '', '', '', 'Tail lift not fitted', 0.0, 1695),
(71, 1700, 1, '', '', '', '158 mm', 0.0, 1697),
(94, 1702, 1, '', '', 'K313004', 'V-tech Reversing Sensors', 0.0, 1699),
(97, 1704, 1, '', '', 'K235884', 'Front pulpit 600', 0.0, 1701),
(111, 1706, 1, '', '', 'K145180', 'Real ladder, assembled nearside', 0.0, 1703),
(133, 1708, 1, '', '', 'K237687', 'Keruing Wood Floor', 0.0, 1705),
(137, 1710, 1, '', '', 'K237453', 'Standard Underrun', 0.0, 1707),
(157, 1712, 1, '', '', 'K145238-W6', 'Jost L500 landing legs', 0.0, 1709),
(168, 1714, 1, '', '', '2x W658476', 'Steel air tanks 2x 60L', 0.0, 1711),
(172, 1716, 1, '', '', 'K237204', 'Aluminium side protection', 0.0, 1713),
(184, 1718, 1, '', '', 'K238043', 'Full mudguards with Dowson logo', 0.0, 1715),
(198, 1720, 1, '', '', '2x M170309_04', 'Pommier ROLL STOP 39.50800 BO', 0.0, 1717),
(208, 1722, 1, '', '', '', 'Steel rims', 0.0, 1719),
(215, 1724, 1, '', '', '', 'Goodyear Fuelmax T', 0.0, 1721),
(221, 1726, 1, '', '', '', 'Not fited info center', 0.0, 1723),
(225, 1728, 1, '', '', '', 'Haldex', 0.0, 1725),
(231, 1730, 1, '', '', 'K300289', 'Aspock EP3 withiout end outline marker', 0.0, 1727),
(324, 1732, 1, '', '', '', 'Hubodometer fited', 0.0, 1729),
(353, 1734, 1, '', '', 'K237509', 'Standard front vertical plate', 0.0, 1731),
(368, 1736, 1, '', '', 'K292167-W2 K292170-W6', '26 pairs of lashing rings', 0.0, 1733),
(1, 1740, 1, '5-th wheel height', 'default.png', 'K144976', '1250', 55.1, 1737),
(4, 1742, 1, '', '', '', 'BPW drum', 0.0, 1739),
(24, 1744, 1, '', '', 'K237100', 'standard BPW', 0.0, 1741),
(119, 1746, 1, '', '', '', 'Tail lift not fitted', 0.0, 1743),
(71, 1748, 1, '', '', '', '158 mm', 0.0, 1745),
(94, 1750, 1, '', '', 'K313004', 'V-tech Reversing Sensors', 0.0, 1747),
(97, 1752, 1, '', '', 'K235884', 'Front pulpit 600', 0.0, 1749),
(111, 1754, 1, '', '', 'K145180', 'Real ladder, assembled nearside', 0.0, 1751),
(133, 1756, 1, '', '', 'K237687', 'Keruing Wood Floor', 0.0, 1753),
(137, 1758, 1, '', '', 'K237453', 'Standard Underrun', 0.0, 1755),
(157, 1760, 1, '', '', 'K145238-W6', 'Jost L500 landing legs', 0.0, 1757),
(168, 1762, 1, '', '', '2x W658476', 'Steel air tanks 2x 60L', 0.0, 1759),
(172, 1764, 1, '', '', 'K237204', 'Aluminium side protection', 0.0, 1761),
(184, 1766, 1, '', '', 'K238043', 'Full mudguards with Dowson logo', 0.0, 1763),
(196, 1768, 1, '', '', 'K237326', 'GTO rubber buffer', 0.0, 1765),
(208, 1770, 1, '', '', '', 'Steel rims', 0.0, 1767),
(215, 1772, 1, '', '', '', 'Goodyear Fuelmax T', 0.0, 1769),
(221, 1774, 1, '', '', '', 'Not fited info center', 0.0, 1771),
(225, 1776, 1, '', '', '', 'Haldex', 0.0, 1773),
(231, 1778, 1, '', '', 'K300289', 'Aspock EP3 withiout end outline marker', 0.0, 1775),
(324, 1780, 1, '', '', '', 'Hubodometer fited', 0.0, 1777),
(353, 1782, 1, '', '', 'K237509', 'Standard front vertical plate', 0.0, 1779),
(368, 1784, 1, '', '', 'K292167-W2 K292170-W6', '26 pairs of lashing rings', 0.0, 1781),
(1, 1788, 1, '5-th wheel height', 'default.png', 'K144976', '1250', 55.1, 1785),
(4, 1790, 1, '', '', '', 'BPW drum', 0.0, 1787),
(24, 1792, 1, '', '', 'K237100', 'standard BPW', 0.0, 1789),
(119, 1794, 1, '', '', '', 'Tail lift not fitted', 0.0, 1791),
(71, 1796, 1, '', '', '', '158 mm', 0.0, 1793); 
INSERT INTO PUBLIC.FEATURE_AUD(ID, REV, REVTYPE, DESCRIPTION, IMAGE_PATH, INDEX, NAME, PRICE, ORDER_FEATURES_ID) VALUES
(94, 1798, 1, '', '', 'K313004', 'V-tech Reversing Sensors', 0.0, 1795),
(97, 1800, 1, '', '', 'K235884', 'Front pulpit 600', 0.0, 1797),
(111, 1802, 1, '', '', 'K145180', 'Real ladder, assembled nearside', 0.0, 1799),
(133, 1804, 1, '', '', 'K237687', 'Keruing Wood Floor', 0.0, 1801),
(137, 1806, 1, '', '', 'K237453', 'Standard Underrun', 0.0, 1803),
(157, 1808, 1, '', '', 'K145238-W6', 'Jost L500 landing legs', 0.0, 1805),
(168, 1810, 1, '', '', '2x W658476', 'Steel air tanks 2x 60L', 0.0, 1807),
(172, 1812, 1, '', '', 'K237204', 'Aluminium side protection', 0.0, 1809),
(184, 1814, 1, '', '', 'K238043', 'Full mudguards with Dowson logo', 0.0, 1811),
(196, 1816, 1, '', '', 'K237326', 'GTO rubber buffer', 0.0, 1813),
(208, 1818, 1, '', '', '', 'Steel rims', 0.0, 1815),
(215, 1820, 1, '', '', '', 'Goodyear Fuelmax T', 0.0, 1817),
(221, 1822, 1, '', '', '', 'Not fited info center', 0.0, 1819),
(225, 1824, 1, '', '', '', 'Haldex', 0.0, 1821),
(231, 1826, 1, '', '', 'K300289', 'Aspock EP3 withiout end outline marker', 0.0, 1823),
(324, 1828, 1, '', '', '', 'Hubodometer fited', 0.0, 1825),
(353, 1830, 1, '', '', 'K237509', 'Standard front vertical plate', 0.0, 1827),
(368, 1832, 1, '', '', 'K292167-W2 K292170-W6', '26 pairs of lashing rings', 0.0, 1829),
(1, 1836, 1, '5-th wheel height', 'default.png', 'K144976', '1250', 55.1, 1833),
(4, 1838, 1, '', '', '', 'BPW drum', 0.0, 1835),
(24, 1840, 1, '', '', 'K237100', 'standard BPW', 0.0, 1837),
(119, 1842, 1, '', '', '', 'Tail lift not fitted', 0.0, 1839),
(71, 1844, 1, '', '', '', '158 mm', 0.0, 1841),
(94, 1846, 1, '', '', 'K313004', 'V-tech Reversing Sensors', 0.0, 1843),
(97, 1848, 1, '', '', 'K235884', 'Front pulpit 600', 0.0, 1845),
(111, 1850, 1, '', '', 'K145180', 'Real ladder, assembled nearside', 0.0, 1847),
(133, 1852, 1, '', '', 'K237687', 'Keruing Wood Floor', 0.0, 1849),
(137, 1854, 1, '', '', 'K237453', 'Standard Underrun', 0.0, 1851),
(157, 1856, 1, '', '', 'K145238-W6', 'Jost L500 landing legs', 0.0, 1853),
(168, 1858, 1, '', '', '2x W658476', 'Steel air tanks 2x 60L', 0.0, 1855),
(172, 1860, 1, '', '', 'K237204', 'Aluminium side protection', 0.0, 1857),
(184, 1862, 1, '', '', 'K238043', 'Full mudguards with Dowson logo', 0.0, 1859),
(196, 1864, 1, '', '', 'K237326', 'GTO rubber buffer', 0.0, 1861),
(208, 1866, 1, '', '', '', 'Steel rims', 0.0, 1863),
(215, 1868, 1, '', '', '', 'Goodyear Fuelmax T', 0.0, 1865),
(221, 1870, 1, '', '', '', 'Not fited info center', 0.0, 1867),
(225, 1872, 1, '', '', '', 'Haldex', 0.0, 1869),
(231, 1874, 1, '', '', 'K300289', 'Aspock EP3 withiout end outline marker', 0.0, 1871),
(324, 1876, 1, '', '', '', 'Hubodometer fited', 0.0, 1873),
(353, 1878, 1, '', '', 'K237509', 'Standard front vertical plate', 0.0, 1875),
(368, 1880, 1, '', '', 'K292167-W2 K292170-W6', '26 pairs of lashing rings', 0.0, 1877),
(1, 1884, 1, '5-th wheel height', 'default.png', 'K144976', '1250', 55.1, 1881),
(4, 1886, 1, '', '', '', 'BPW drum', 0.0, 1883),
(24, 1888, 1, '', '', 'K237100', 'standard BPW', 0.0, 1885),
(119, 1890, 1, '', '', '', 'Tail lift not fitted', 0.0, 1887),
(71, 1892, 1, '', '', '', '158 mm', 0.0, 1889),
(94, 1894, 1, '', '', 'K313004', 'V-tech Reversing Sensors', 0.0, 1891),
(97, 1896, 1, '', '', 'K235884', 'Front pulpit 600', 0.0, 1893),
(111, 1898, 1, '', '', 'K145180', 'Real ladder, assembled nearside', 0.0, 1895),
(133, 1900, 1, '', '', 'K237687', 'Keruing Wood Floor', 0.0, 1897),
(137, 1902, 1, '', '', 'K237453', 'Standard Underrun', 0.0, 1899),
(157, 1904, 1, '', '', 'K145238-W6', 'Jost L500 landing legs', 0.0, 1901),
(168, 1906, 1, '', '', '2x W658476', 'Steel air tanks 2x 60L', 0.0, 1903),
(172, 1908, 1, '', '', 'K237204', 'Aluminium side protection', 0.0, 1905),
(184, 1910, 1, '', '', 'K238043', 'Full mudguards with Dowson logo', 0.0, 1907),
(196, 1912, 1, '', '', 'K237326', 'GTO rubber buffer', 0.0, 1909),
(208, 1914, 1, '', '', '', 'Steel rims', 0.0, 1911),
(215, 1916, 1, '', '', '', 'Goodyear Fuelmax T', 0.0, 1913);       
INSERT INTO PUBLIC.FEATURE_AUD(ID, REV, REVTYPE, DESCRIPTION, IMAGE_PATH, INDEX, NAME, PRICE, ORDER_FEATURES_ID) VALUES
(221, 1918, 1, '', '', '', 'Not fited info center', 0.0, 1915),
(227, 1920, 1, '', '', '', 'Knorr Bremse', 0.0, 1917),
(231, 1922, 1, '', '', 'K300289', 'Aspock EP3 withiout end outline marker', 0.0, 1919),
(324, 1924, 1, '', '', '', 'Hubodometer fited', 0.0, 1921),
(353, 1926, 1, '', '', 'K237509', 'Standard front vertical plate', 0.0, 1923),
(368, 1928, 1, '', '', 'K292167-W2 K292170-W6', '26 pairs of lashing rings', 0.0, 1925),
(1, 1932, 1, '5-th wheel height', 'default.png', 'K144976', '1250', 55.1, 1929),
(4, 1934, 1, '', '', '', 'BPW drum', 0.0, 1931),
(24, 1936, 1, '', '', 'K237100', 'standard BPW', 0.0, 1933),
(119, 1938, 1, '', '', '', 'Tail lift not fitted', 0.0, 1935),
(71, 1940, 1, '', '', '', '158 mm', 0.0, 1937),
(94, 1942, 1, '', '', 'K313004', 'V-tech Reversing Sensors', 0.0, 1939),
(97, 1944, 1, '', '', 'K235884', 'Front pulpit 600', 0.0, 1941),
(111, 1946, 1, '', '', 'K145180', 'Real ladder, assembled nearside', 0.0, 1943),
(133, 1948, 1, '', '', 'K237687', 'Keruing Wood Floor', 0.0, 1945),
(137, 1950, 1, '', '', 'K237453', 'Standard Underrun', 0.0, 1947),
(157, 1952, 1, '', '', 'K145238-W6', 'Jost L500 landing legs', 0.0, 1949),
(168, 1954, 1, '', '', '2x W658476', 'Steel air tanks 2x 60L', 0.0, 1951),
(172, 1956, 1, '', '', 'K237204', 'Aluminium side protection', 0.0, 1953),
(184, 1958, 1, '', '', 'K238043', 'Full mudguards with Dowson logo', 0.0, 1955),
(196, 1960, 1, '', '', 'K237326', 'GTO rubber buffer', 0.0, 1957),
(208, 1962, 1, '', '', '', 'Steel rims', 0.0, 1959),
(215, 1964, 1, '', '', '', 'Goodyear Fuelmax T', 0.0, 1961),
(221, 1966, 1, '', '', '', 'Not fited info center', 0.0, 1963),
(227, 1968, 1, '', '', '', 'Knorr Bremse', 0.0, 1965),
(231, 1970, 1, '', '', 'K300289', 'Aspock EP3 withiout end outline marker', 0.0, 1967),
(324, 1972, 1, '', '', '', 'Hubodometer fited', 0.0, 1969),
(353, 1974, 1, '', '', 'K237509', 'Standard front vertical plate', 0.0, 1971),
(368, 1976, 1, '', '', 'K292167-W2 K292170-W6', '26 pairs of lashing rings', 0.0, 1973),
(1, 1980, 1, '5-th wheel height', 'default.png', 'K144976', '1250', 55.1, 1977),
(4, 1982, 1, '', '', '', 'BPW drum', 0.0, 1979),
(24, 1984, 1, '', '', 'K237100', 'standard BPW', 0.0, 1981),
(119, 1986, 1, '', '', '', 'Tail lift not fitted', 0.0, 1983),
(71, 1988, 1, '', '', '', '158 mm', 0.0, 1985),
(94, 1990, 1, '', '', 'K313004', 'V-tech Reversing Sensors', 0.0, 1987),
(97, 1992, 1, '', '', 'K235884', 'Front pulpit 600', 0.0, 1989),
(111, 1994, 1, '', '', 'K145180', 'Real ladder, assembled nearside', 0.0, 1991),
(133, 1996, 1, '', '', 'K237687', 'Keruing Wood Floor', 0.0, 1993),
(137, 1998, 1, '', '', 'K237453', 'Standard Underrun', 0.0, 1995),
(157, 2000, 1, '', '', 'K145238-W6', 'Jost L500 landing legs', 0.0, 1997),
(168, 2002, 1, '', '', '2x W658476', 'Steel air tanks 2x 60L', 0.0, 1999),
(172, 2004, 1, '', '', 'K237204', 'Aluminium side protection', 0.0, 2001),
(184, 2006, 1, '', '', 'K238043', 'Full mudguards with Dowson logo', 0.0, 2003),
(196, 2008, 1, '', '', 'K237326', 'GTO rubber buffer', 0.0, 2005),
(208, 2010, 1, '', '', '', 'Steel rims', 0.0, 2007),
(215, 2012, 1, '', '', '', 'Goodyear Fuelmax T', 0.0, 2009),
(221, 2014, 1, '', '', '', 'Not fited info center', 0.0, 2011),
(227, 2016, 1, '', '', '', 'Knorr Bremse', 0.0, 2013),
(231, 2018, 1, '', '', 'K300289', 'Aspock EP3 withiout end outline marker', 0.0, 2015),
(324, 2020, 1, '', '', '', 'Hubodometer fited', 0.0, 2017),
(353, 2022, 1, '', '', 'K237509', 'Standard front vertical plate', 0.0, 2019),
(368, 2024, 1, '', '', 'K292167-W2 K292170-W6', '26 pairs of lashing rings', 0.0, 2021),
(1, 2028, 1, '5-th wheel height', 'default.png', 'K144976', '1250', 55.1, 2025),
(4, 2030, 1, '', '', '', 'BPW drum', 0.0, 2027),
(24, 2032, 1, '', '', 'K237100', 'standard BPW', 0.0, 2029),
(119, 2034, 1, '', '', '', 'Tail lift not fitted', 0.0, 2031),
(71, 2036, 1, '', '', '', '158 mm', 0.0, 2033),
(94, 2038, 1, '', '', 'K313004', 'V-tech Reversing Sensors', 0.0, 2035),
(97, 2040, 1, '', '', 'K235884', 'Front pulpit 600', 0.0, 2037);         
INSERT INTO PUBLIC.FEATURE_AUD(ID, REV, REVTYPE, DESCRIPTION, IMAGE_PATH, INDEX, NAME, PRICE, ORDER_FEATURES_ID) VALUES
(111, 2042, 1, '', '', 'K145180', 'Real ladder, assembled nearside', 0.0, 2039),
(133, 2044, 1, '', '', 'K237687', 'Keruing Wood Floor', 0.0, 2041),
(137, 2046, 1, '', '', 'K237453', 'Standard Underrun', 0.0, 2043),
(157, 2048, 1, '', '', 'K145238-W6', 'Jost L500 landing legs', 0.0, 2045),
(168, 2050, 1, '', '', '2x W658476', 'Steel air tanks 2x 60L', 0.0, 2047),
(172, 2052, 1, '', '', 'K237204', 'Aluminium side protection', 0.0, 2049),
(184, 2054, 1, '', '', 'K238043', 'Full mudguards with Dowson logo', 0.0, 2051),
(196, 2056, 1, '', '', 'K237326', 'GTO rubber buffer', 0.0, 2053),
(208, 2058, 1, '', '', '', 'Steel rims', 0.0, 2055),
(215, 2060, 1, '', '', '', 'Goodyear Fuelmax T', 0.0, 2057),
(221, 2062, 1, '', '', '', 'Not fited info center', 0.0, 2059),
(227, 2064, 1, '', '', '', 'Knorr Bremse', 0.0, 2061),
(231, 2066, 1, '', '', 'K300289', 'Aspock EP3 withiout end outline marker', 0.0, 2063),
(324, 2068, 1, '', '', '', 'Hubodometer fited', 0.0, 2065),
(353, 2070, 1, '', '', 'K237509', 'Standard front vertical plate', 0.0, 2067),
(368, 2072, 1, '', '', 'K292167-W2 K292170-W6', '26 pairs of lashing rings', 0.0, 2069),
(1, 2076, 1, '5-th wheel height', 'default.png', 'K144976', '1250', 55.1, 2073),
(4, 2078, 1, '', '', '', 'BPW drum', 0.0, 2075),
(24, 2080, 1, '', '', 'K237100', 'standard BPW', 0.0, 2077),
(119, 2082, 1, '', '', '', 'Tail lift not fitted', 0.0, 2079),
(71, 2084, 1, '', '', '', '158 mm', 0.0, 2081),
(94, 2086, 1, '', '', 'K313004', 'V-tech Reversing Sensors', 0.0, 2083),
(97, 2088, 1, '', '', 'K235884', 'Front pulpit 600', 0.0, 2085),
(111, 2090, 1, '', '', 'K145180', 'Real ladder, assembled nearside', 0.0, 2087),
(133, 2092, 1, '', '', 'K237687', 'Keruing Wood Floor', 0.0, 2089),
(137, 2094, 1, '', '', 'K237453', 'Standard Underrun', 0.0, 2091),
(157, 2096, 1, '', '', 'K145238-W6', 'Jost L500 landing legs', 0.0, 2093),
(168, 2098, 1, '', '', '2x W658476', 'Steel air tanks 2x 60L', 0.0, 2095),
(172, 2100, 1, '', '', 'K237204', 'Aluminium side protection', 0.0, 2097),
(184, 2102, 1, '', '', 'K238043', 'Full mudguards with Dowson logo', 0.0, 2099),
(196, 2104, 1, '', '', 'K237326', 'GTO rubber buffer', 0.0, 2101),
(208, 2106, 1, '', '', '', 'Steel rims', 0.0, 2103),
(215, 2108, 1, '', '', '', 'Goodyear Fuelmax T', 0.0, 2105),
(221, 2110, 1, '', '', '', 'Not fited info center', 0.0, 2107),
(227, 2112, 1, '', '', '', 'Knorr Bremse', 0.0, 2109),
(231, 2114, 1, '', '', 'K300289', 'Aspock EP3 withiout end outline marker', 0.0, 2111),
(324, 2116, 1, '', '', '', 'Hubodometer fited', 0.0, 2113),
(353, 2118, 1, '', '', 'K237509', 'Standard front vertical plate', 0.0, 2115),
(368, 2120, 1, '', '', 'K292167-W2 K292170-W6', '26 pairs of lashing rings', 0.0, 2117),
(1, 2124, 1, '5-th wheel height', 'default.png', 'K144976', '1250', 55.1, 2121),
(4, 2126, 1, '', '', '', 'BPW drum', 0.0, 2123),
(24, 2128, 1, '', '', 'K237100', 'standard BPW', 0.0, 2125),
(119, 2130, 1, '', '', '', 'Tail lift not fitted', 0.0, 2127),
(71, 2132, 1, '', '', '', '158 mm', 0.0, 2129),
(94, 2134, 1, '', '', 'K313004', 'V-tech Reversing Sensors', 0.0, 2131),
(97, 2136, 1, '', '', 'K235884', 'Front pulpit 600', 0.0, 2133),
(111, 2138, 1, '', '', 'K145180', 'Real ladder, assembled nearside', 0.0, 2135),
(133, 2140, 1, '', '', 'K237687', 'Keruing Wood Floor', 0.0, 2137),
(137, 2142, 1, '', '', 'K237453', 'Standard Underrun', 0.0, 2139),
(157, 2144, 1, '', '', 'K145238-W6', 'Jost L500 landing legs', 0.0, 2141),
(168, 2146, 1, '', '', '2x W658476', 'Steel air tanks 2x 60L', 0.0, 2143),
(172, 2148, 1, '', '', 'K237204', 'Aluminium side protection', 0.0, 2145),
(184, 2150, 1, '', '', 'K238043', 'Full mudguards with Dowson logo', 0.0, 2147),
(196, 2152, 1, '', '', 'K237326', 'GTO rubber buffer', 0.0, 2149),
(208, 2154, 1, '', '', '', 'Steel rims', 0.0, 2151),
(215, 2156, 1, '', '', '', 'Goodyear Fuelmax T', 0.0, 2153),
(221, 2158, 1, '', '', '', 'Not fited info center', 0.0, 2155),
(225, 2160, 1, '', '', '', 'Haldex', 0.0, 2157),
(231, 2162, 1, '', '', 'K300289', 'Aspock EP3 withiout end outline marker', 0.0, 2159);            
INSERT INTO PUBLIC.FEATURE_AUD(ID, REV, REVTYPE, DESCRIPTION, IMAGE_PATH, INDEX, NAME, PRICE, ORDER_FEATURES_ID) VALUES
(324, 2164, 1, '', '', '', 'Hubodometer fited', 0.0, 2161),
(353, 2166, 1, '', '', 'K237509', 'Standard front vertical plate', 0.0, 2163),
(368, 2168, 1, '', '', 'K292167-W2 K292170-W6', '26 pairs of lashing rings', 0.0, 2165),
(1, 2172, 1, '5-th wheel height', 'default.png', 'K144976', '1250', 55.1, 2169),
(4, 2174, 1, '', '', '', 'BPW drum', 0.0, 2171),
(24, 2176, 1, '', '', 'K237100', 'standard BPW', 0.0, 2173),
(119, 2178, 1, '', '', '', 'Tail lift not fitted', 0.0, 2175),
(71, 2180, 1, '', '', '', '158 mm', 0.0, 2177),
(94, 2182, 1, '', '', 'K313004', 'V-tech Reversing Sensors', 0.0, 2179),
(97, 2184, 1, '', '', 'K235884', 'Front pulpit 600', 0.0, 2181),
(111, 2186, 1, '', '', 'K145180', 'Real ladder, assembled nearside', 0.0, 2183),
(133, 2188, 1, '', '', 'K237687', 'Keruing Wood Floor', 0.0, 2185),
(137, 2190, 1, '', '', 'K237453', 'Standard Underrun', 0.0, 2187),
(157, 2192, 1, '', '', 'K145238-W6', 'Jost L500 landing legs', 0.0, 2189),
(168, 2194, 1, '', '', '2x W658476', 'Steel air tanks 2x 60L', 0.0, 2191),
(172, 2196, 1, '', '', 'K237204', 'Aluminium side protection', 0.0, 2193),
(184, 2198, 1, '', '', 'K238043', 'Full mudguards with Dowson logo', 0.0, 2195),
(196, 2200, 1, '', '', 'K237326', 'GTO rubber buffer', 0.0, 2197),
(208, 2202, 1, '', '', '', 'Steel rims', 0.0, 2199),
(215, 2204, 1, '', '', '', 'Goodyear Fuelmax T', 0.0, 2201),
(221, 2206, 1, '', '', '', 'Not fited info center', 0.0, 2203),
(225, 2208, 1, '', '', '', 'Haldex', 0.0, 2205),
(231, 2210, 1, '', '', 'K300289', 'Aspock EP3 withiout end outline marker', 0.0, 2207),
(324, 2212, 1, '', '', '', 'Hubodometer fited', 0.0, 2209),
(353, 2214, 1, '', '', 'K237509', 'Standard front vertical plate', 0.0, 2211),
(368, 2216, 1, '', '', 'K292167-W2 K292170-W6', '26 pairs of lashing rings', 0.0, 2213),
(375, 2218, 1, '', '', '', '3 pairs of ferry rings', 0.0, 2215),
(1, 2224, 1, '5-th wheel height', 'default.png', 'K144976', '1250', 55.1, 2221),
(4, 2226, 1, '', '', '', 'BPW drum', 0.0, 2223),
(24, 2228, 1, '', '', 'K237100', 'standard BPW', 0.0, 2225),
(119, 2230, 1, '', '', '', 'Tail lift not fitted', 0.0, 2227),
(71, 2232, 1, '', '', '', '158 mm', 0.0, 2229),
(94, 2234, 1, '', '', 'K313004', 'V-tech Reversing Sensors', 0.0, 2231),
(97, 2236, 1, '', '', 'K235884', 'Front pulpit 600', 0.0, 2233),
(111, 2238, 1, '', '', 'K145180', 'Real ladder, assembled nearside', 0.0, 2235),
(133, 2240, 1, '', '', 'K237687', 'Keruing Wood Floor', 0.0, 2237),
(137, 2242, 1, '', '', 'K237453', 'Standard Underrun', 0.0, 2239),
(157, 2244, 1, '', '', 'K145238-W6', 'Jost L500 landing legs', 0.0, 2241),
(168, 2246, 1, '', '', '2x W658476', 'Steel air tanks 2x 60L', 0.0, 2243),
(172, 2248, 1, '', '', 'K237204', 'Aluminium side protection', 0.0, 2245),
(184, 2250, 1, '', '', 'K238043', 'Full mudguards with Dowson logo', 0.0, 2247),
(196, 2252, 1, '', '', 'K237326', 'GTO rubber buffer', 0.0, 2249),
(208, 2254, 1, '', '', '', 'Steel rims', 0.0, 2251),
(213, 2256, 1, '', '', '', 'Continental HT3 HYBRID', 0.0, 2253),
(221, 2258, 1, '', '', '', 'Not fited info center', 0.0, 2255),
(225, 2260, 1, '', '', '', 'Haldex', 0.0, 2257),
(231, 2262, 1, '', '', 'K300289', 'Aspock EP3 withiout end outline marker', 0.0, 2259),
(324, 2264, 1, '', '', '', 'Hubodometer fited', 0.0, 2261),
(353, 2266, 1, '', '', 'K237509', 'Standard front vertical plate', 0.0, 2263),
(368, 2268, 1, '', '', 'K292167-W2 K292170-W6', '26 pairs of lashing rings', 0.0, 2265),
(377, 2270, 1, '', '', 'K237812-W2', '4 pairs of ferry rings', 0.0, 2267),
(1, 2274, 1, '5-th wheel height', 'default.png', 'K144976', '1250', 55.1, 2271),
(4, 2276, 1, '', '', '', 'BPW drum', 0.0, 2273),
(24, 2278, 1, '', '', 'K237100', 'standard BPW', 0.0, 2275),
(119, 2280, 1, '', '', '', 'Tail lift not fitted', 0.0, 2277),
(71, 2282, 1, '', '', '', '158 mm', 0.0, 2279),
(94, 2284, 1, '', '', 'K313004', 'V-tech Reversing Sensors', 0.0, 2281),
(97, 2286, 1, '', '', 'K235884', 'Front pulpit 600', 0.0, 2283),
(111, 2288, 1, '', '', 'K145180', 'Real ladder, assembled nearside', 0.0, 2285);   
INSERT INTO PUBLIC.FEATURE_AUD(ID, REV, REVTYPE, DESCRIPTION, IMAGE_PATH, INDEX, NAME, PRICE, ORDER_FEATURES_ID) VALUES
(133, 2290, 1, '', '', 'K237687', 'Keruing Wood Floor', 0.0, 2287),
(137, 2292, 1, '', '', 'K237453', 'Standard Underrun', 0.0, 2289),
(157, 2294, 1, '', '', 'K145238-W6', 'Jost L500 landing legs', 0.0, 2291),
(168, 2296, 1, '', '', '2x W658476', 'Steel air tanks 2x 60L', 0.0, 2293),
(172, 2298, 1, '', '', 'K237204', 'Aluminium side protection', 0.0, 2295),
(184, 2300, 1, '', '', 'K238043', 'Full mudguards with Dowson logo', 0.0, 2297),
(196, 2302, 1, '', '', 'K237326', 'GTO rubber buffer', 0.0, 2299),
(208, 2304, 1, '', '', '', 'Steel rims', 0.0, 2301),
(215, 2306, 1, '', '', '', 'Goodyear Fuelmax T', 0.0, 2303),
(221, 2308, 1, '', '', '', 'Not fited info center', 0.0, 2305),
(225, 2310, 1, '', '', '', 'Haldex', 0.0, 2307),
(231, 2312, 1, '', '', 'K300289', 'Aspock EP3 withiout end outline marker', 0.0, 2309),
(324, 2314, 1, '', '', '', 'Hubodometer fited', 0.0, 2311),
(353, 2316, 1, '', '', 'K237509', 'Standard front vertical plate', 0.0, 2313),
(372, 2318, 1, '', '', '', 'No lashing rings', 0.0, 2315),
(1, 2325, 1, '5-th wheel height', 'default.png', 'K144976', '1250', 55.1, 2322),
(4, 2327, 1, '', '', '', 'BPW drum', 0.0, 2324),
(24, 2329, 1, '', '', 'K237100', 'standard BPW', 0.0, 2326),
(119, 2331, 1, '', '', '', 'Tail lift not fitted', 0.0, 2328),
(71, 2333, 1, '', '', '', '158 mm', 0.0, 2330),
(94, 2335, 1, '', '', 'K313004', 'V-tech Reversing Sensors', 0.0, 2332),
(97, 2337, 1, '', '', 'K235884', 'Front pulpit 600', 0.0, 2334),
(111, 2339, 1, '', '', 'K145180', 'Real ladder, assembled nearside', 0.0, 2336),
(133, 2341, 1, '', '', 'K237687', 'Keruing Wood Floor', 0.0, 2338),
(137, 2343, 1, '', '', 'K237453', 'Standard Underrun', 0.0, 2340),
(157, 2345, 1, '', '', 'K145238-W6', 'Jost L500 landing legs', 0.0, 2342),
(168, 2347, 1, '', '', '2x W658476', 'Steel air tanks 2x 60L', 0.0, 2344),
(172, 2349, 1, '', '', 'K237204', 'Aluminium side protection', 0.0, 2346),
(184, 2351, 1, '', '', 'K238043', 'Full mudguards with Dowson logo', 0.0, 2348),
(196, 2353, 1, '', '', 'K237326', 'GTO rubber buffer', 0.0, 2350),
(208, 2355, 1, '', '', '', 'Steel rims', 0.0, 2352),
(215, 2357, 1, '', '', '', 'Goodyear Fuelmax T', 0.0, 2354),
(219, 2359, 1, '', '', '', 'Fited Info center', 0.0, 2356),
(225, 2361, 1, '', '', '', 'Haldex', 0.0, 2358),
(231, 2363, 1, '', '', 'K300289', 'Aspock EP3 withiout end outline marker', 0.0, 2360),
(324, 2365, 1, '', '', '', 'Hubodometer fited', 0.0, 2362),
(353, 2367, 1, '', '', 'K237509', 'Standard front vertical plate', 0.0, 2364),
(368, 2369, 1, '', '', 'K292167-W2 K292170-W6', '26 pairs of lashing rings', 0.0, 2366),
(1, 2374, 1, '5-th wheel height', 'default.png', 'K144976', '1250', 55.1, 2371),
(4, 2376, 1, '', '', '', 'BPW drum', 0.0, 2373),
(24, 2378, 1, '', '', 'K237100', 'standard BPW', 0.0, 2375),
(119, 2380, 1, '', '', '', 'Tail lift not fitted', 0.0, 2377),
(71, 2382, 1, '', '', '', '158 mm', 0.0, 2379),
(94, 2384, 1, '', '', 'K313004', 'V-tech Reversing Sensors', 0.0, 2381),
(97, 2386, 1, '', '', 'K235884', 'Front pulpit 600', 0.0, 2383),
(111, 2388, 1, '', '', 'K145180', 'Real ladder, assembled nearside', 0.0, 2385),
(133, 2390, 1, '', '', 'K237687', 'Keruing Wood Floor', 0.0, 2387),
(137, 2392, 1, '', '', 'K237453', 'Standard Underrun', 0.0, 2389),
(157, 2394, 1, '', '', 'K145238-W6', 'Jost L500 landing legs', 0.0, 2391),
(168, 2396, 1, '', '', '2x W658476', 'Steel air tanks 2x 60L', 0.0, 2393),
(172, 2398, 1, '', '', 'K237204', 'Aluminium side protection', 0.0, 2395),
(184, 2400, 1, '', '', 'K238043', 'Full mudguards with Dowson logo', 0.0, 2397),
(196, 2402, 1, '', '', 'K237326', 'GTO rubber buffer', 0.0, 2399),
(208, 2404, 1, '', '', '', 'Steel rims', 0.0, 2401),
(215, 2406, 1, '', '', '', 'Goodyear Fuelmax T', 0.0, 2403),
(219, 2408, 1, '', '', '', 'Fited Info center', 0.0, 2405),
(225, 2410, 1, '', '', '', 'Haldex', 0.0, 2407),
(231, 2412, 1, '', '', 'K300289', 'Aspock EP3 withiout end outline marker', 0.0, 2409),
(324, 2414, 1, '', '', '', 'Hubodometer fited', 0.0, 2411);   
INSERT INTO PUBLIC.FEATURE_AUD(ID, REV, REVTYPE, DESCRIPTION, IMAGE_PATH, INDEX, NAME, PRICE, ORDER_FEATURES_ID) VALUES
(353, 2416, 1, '', '', 'K237509', 'Standard front vertical plate', 0.0, 2413),
(368, 2418, 1, '', '', 'K292167-W2 K292170-W6', '26 pairs of lashing rings', 0.0, 2415),
(377, 2420, 1, '', '', 'K237812-W2', '4 pairs of ferry rings', 0.0, 2417),
(1, 2428, 1, '5-th wheel height', 'default.png', 'K144976', '1250', 55.1, 2425),
(4, 2430, 1, '', '', '', 'BPW drum', 0.0, 2427),
(24, 2432, 1, '', '', 'K237100', 'standard BPW', 0.0, 2429),
(119, 2434, 1, '', '', '', 'Tail lift not fitted', 0.0, 2431),
(71, 2436, 1, '', '', '', '158 mm', 0.0, 2433),
(94, 2438, 1, '', '', 'K313004', 'V-tech Reversing Sensors', 0.0, 2435),
(97, 2440, 1, '', '', 'K235884', 'Front pulpit 600', 0.0, 2437),
(111, 2442, 1, '', '', 'K145180', 'Real ladder, assembled nearside', 0.0, 2439),
(133, 2444, 1, '', '', 'K237687', 'Keruing Wood Floor', 0.0, 2441),
(137, 2446, 1, '', '', 'K237453', 'Standard Underrun', 0.0, 2443),
(157, 2448, 1, '', '', 'K145238-W6', 'Jost L500 landing legs', 0.0, 2445),
(168, 2450, 1, '', '', '2x W658476', 'Steel air tanks 2x 60L', 0.0, 2447),
(172, 2452, 1, '', '', 'K237204', 'Aluminium side protection', 0.0, 2449),
(184, 2454, 1, '', '', 'K238043', 'Full mudguards with Dowson logo', 0.0, 2451),
(196, 2456, 1, '', '', 'K237326', 'GTO rubber buffer', 0.0, 2453),
(208, 2458, 1, '', '', '', 'Steel rims', 0.0, 2455),
(215, 2460, 1, '', '', '', 'Goodyear Fuelmax T', 0.0, 2457),
(221, 2462, 1, '', '', '', 'Not fited info center', 0.0, 2459),
(225, 2464, 1, '', '', '', 'Haldex', 0.0, 2461),
(231, 2466, 1, '', '', 'K300289', 'Aspock EP3 withiout end outline marker', 0.0, 2463),
(324, 2468, 1, '', '', '', 'Hubodometer fited', 0.0, 2465),
(353, 2470, 1, '', '', 'K237509', 'Standard front vertical plate', 0.0, 2467),
(368, 2472, 1, '', '', 'K292167-W2 K292170-W6', '26 pairs of lashing rings', 0.0, 2469),
(377, 2474, 1, '', '', 'K237812-W2', '4 pairs of ferry rings', 0.0, 2471),
(1, 2479, 1, '5-th wheel height', 'default.png', 'K144976', '1250', 55.1, 2476),
(4, 2481, 1, '', '', '', 'BPW drum', 0.0, 2478),
(24, 2483, 1, '', '', 'K237100', 'standard BPW', 0.0, 2480),
(119, 2485, 1, '', '', '', 'Tail lift not fitted', 0.0, 2482),
(71, 2487, 1, '', '', '', '158 mm', 0.0, 2484),
(94, 2489, 1, '', '', 'K313004', 'V-tech Reversing Sensors', 0.0, 2486),
(97, 2491, 1, '', '', 'K235884', 'Front pulpit 600', 0.0, 2488),
(111, 2493, 1, '', '', 'K145180', 'Real ladder, assembled nearside', 0.0, 2490),
(133, 2495, 1, '', '', 'K237687', 'Keruing Wood Floor', 0.0, 2492),
(137, 2497, 1, '', '', 'K237453', 'Standard Underrun', 0.0, 2494),
(157, 2499, 1, '', '', 'K145238-W6', 'Jost L500 landing legs', 0.0, 2496),
(168, 2501, 1, '', '', '2x W658476', 'Steel air tanks 2x 60L', 0.0, 2498),
(172, 2503, 1, '', '', 'K237204', 'Aluminium side protection', 0.0, 2500),
(184, 2505, 1, '', '', 'K238043', 'Full mudguards with Dowson logo', 0.0, 2502),
(196, 2507, 1, '', '', 'K237326', 'GTO rubber buffer', 0.0, 2504),
(208, 2509, 1, '', '', '', 'Steel rims', 0.0, 2506),
(215, 2511, 1, '', '', '', 'Goodyear Fuelmax T', 0.0, 2508),
(219, 2513, 1, '', '', '', 'Fited Info center', 0.0, 2510),
(225, 2515, 1, '', '', '', 'Haldex', 0.0, 2512),
(231, 2517, 1, '', '', 'K300289', 'Aspock EP3 withiout end outline marker', 0.0, 2514),
(324, 2519, 1, '', '', '', 'Hubodometer fited', 0.0, 2516),
(353, 2521, 1, '', '', 'K237509', 'Standard front vertical plate', 0.0, 2518),
(368, 2523, 1, '', '', 'K292167-W2 K292170-W6', '26 pairs of lashing rings', 0.0, 2520),
(1, 2543, 1, '5-th wheel height', 'default.png', 'K144976', '1250', 55.1, 2540),
(4, 2545, 1, '', '', '', 'BPW drum', 0.0, 2542),
(24, 2547, 1, '', '', 'K237100', 'standard BPW', 0.0, 2544),
(119, 2549, 1, '', '', '', 'Tail lift not fitted', 0.0, 2546),
(71, 2551, 1, '', '', '', '158 mm', 0.0, 2548),
(94, 2553, 1, '', '', 'K313004', 'V-tech Reversing Sensors', 0.0, 2550),
(97, 2555, 1, '', '', 'K235884', 'Front pulpit 600', 0.0, 2552),
(111, 2557, 1, '', '', 'K145180', 'Real ladder, assembled nearside', 0.0, 2554);             
INSERT INTO PUBLIC.FEATURE_AUD(ID, REV, REVTYPE, DESCRIPTION, IMAGE_PATH, INDEX, NAME, PRICE, ORDER_FEATURES_ID) VALUES
(133, 2559, 1, '', '', 'K237687', 'Keruing Wood Floor', 0.0, 2556),
(137, 2561, 1, '', '', 'K237453', 'Standard Underrun', 0.0, 2558),
(157, 2563, 1, '', '', 'K145238-W6', 'Jost L500 landing legs', 0.0, 2560),
(168, 2565, 1, '', '', '2x W658476', 'Steel air tanks 2x 60L', 0.0, 2562),
(172, 2567, 1, '', '', 'K237204', 'Aluminium side protection', 0.0, 2564),
(184, 2569, 1, '', '', 'K238043', 'Full mudguards with Dowson logo', 0.0, 2566),
(196, 2571, 1, '', '', 'K237326', 'GTO rubber buffer', 0.0, 2568),
(208, 2573, 1, '', '', '', 'Steel rims', 0.0, 2570),
(215, 2575, 1, '', '', '', 'Goodyear Fuelmax T', 0.0, 2572),
(219, 2577, 1, '', '', '', 'Fited Info center', 0.0, 2574),
(225, 2579, 1, '', '', '', 'Haldex', 0.0, 2576),
(231, 2581, 1, '', '', 'K300289', 'Aspock EP3 withiout end outline marker', 0.0, 2578),
(324, 2583, 1, '', '', '', 'Hubodometer fited', 0.0, 2580),
(353, 2585, 1, '', '', 'K237509', 'Standard front vertical plate', 0.0, 2582),
(368, 2587, 1, '', '', 'K292167-W2 K292170-W6', '26 pairs of lashing rings', 0.0, 2584),
(1, 2607, 1, '5-th wheel height', 'default.png', 'K144976', '1250', 55.1, 2604),
(4, 2609, 1, '', '', '', 'BPW drum', 0.0, 2606),
(24, 2611, 1, '', '', 'K237100', 'standard BPW', 0.0, 2608),
(119, 2613, 1, '', '', '', 'Tail lift not fitted', 0.0, 2610),
(71, 2615, 1, '', '', '', '158 mm', 0.0, 2612),
(94, 2617, 1, '', '', 'K313004', 'V-tech Reversing Sensors', 0.0, 2614),
(97, 2619, 1, '', '', 'K235884', 'Front pulpit 600', 0.0, 2616),
(111, 2621, 1, '', '', 'K145180', 'Real ladder, assembled nearside', 0.0, 2618),
(133, 2623, 1, '', '', 'K237687', 'Keruing Wood Floor', 0.0, 2620),
(137, 2625, 1, '', '', 'K237453', 'Standard Underrun', 0.0, 2622),
(157, 2627, 1, '', '', 'K145238-W6', 'Jost L500 landing legs', 0.0, 2624),
(168, 2629, 1, '', '', '2x W658476', 'Steel air tanks 2x 60L', 0.0, 2626),
(172, 2631, 1, '', '', 'K237204', 'Aluminium side protection', 0.0, 2628),
(184, 2633, 1, '', '', 'K238043', 'Full mudguards with Dowson logo', 0.0, 2630),
(196, 2635, 1, '', '', 'K237326', 'GTO rubber buffer', 0.0, 2632),
(208, 2637, 1, '', '', '', 'Steel rims', 0.0, 2634),
(215, 2639, 1, '', '', '', 'Goodyear Fuelmax T', 0.0, 2636),
(219, 2641, 1, '', '', '', 'Fited Info center', 0.0, 2638),
(225, 2643, 1, '', '', '', 'Haldex', 0.0, 2640),
(231, 2645, 1, '', '', 'K300289', 'Aspock EP3 withiout end outline marker', 0.0, 2642),
(324, 2647, 1, '', '', '', 'Hubodometer fited', 0.0, 2644),
(353, 2649, 1, '', '', 'K237509', 'Standard front vertical plate', 0.0, 2646),
(368, 2651, 1, '', '', 'K292167-W2 K292170-W6', '26 pairs of lashing rings', 0.0, 2648),
(377, 2653, 1, '', '', 'K237812-W2', '4 pairs of ferry rings', 0.0, 2650),
(1, 2705, 1, '5-th wheel height', 'default.png', 'K144976', '1250', 55.1, 2702),
(4, 2707, 1, '', '', '', 'BPW drum', 0.0, 2704),
(24, 2709, 1, '', '', 'K237100', 'standard BPW', 0.0, 2706),
(119, 2711, 1, '', '', '', 'Tail lift not fitted', 0.0, 2708),
(71, 2713, 1, '', '', '', '158 mm', 0.0, 2710),
(94, 2715, 1, '', '', 'K313004', 'V-tech Reversing Sensors', 0.0, 2712),
(97, 2717, 1, '', '', 'K235884', 'Front pulpit 600', 0.0, 2714),
(111, 2719, 1, '', '', 'K145180', 'Real ladder, assembled nearside', 0.0, 2716),
(133, 2721, 1, '', '', 'K237687', 'Keruing Wood Floor', 0.0, 2718),
(152, 2723, 1, '', '', 'K145235', 'Rear underrun with ADR plate', 0.0, 2720),
(157, 2725, 1, '', '', 'K145238-W6', 'Jost L500 landing legs', 0.0, 2722),
(168, 2727, 1, '', '', '2x W658476', 'Steel air tanks 2x 60L', 0.0, 2724),
(172, 2729, 1, '', '', 'K237204', 'Aluminium side protection', 0.0, 2726),
(184, 2731, 1, '', '', 'K238043', 'Full mudguards with Dowson logo', 0.0, 2728),
(196, 2733, 1, '', '', 'K237326', 'GTO rubber buffer', 0.0, 2730),
(208, 2735, 1, '', '', '', 'Steel rims', 0.0, 2732),
(215, 2737, 1, '', '', '', 'Goodyear Fuelmax T', 0.0, 2734),
(221, 2739, 1, '', '', '', 'Not fited info center', 0.0, 2736),
(225, 2741, 1, '', '', '', 'Haldex', 0.0, 2738),
(231, 2743, 1, '', '', 'K300289', 'Aspock EP3 withiout end outline marker', 0.0, 2740);           
INSERT INTO PUBLIC.FEATURE_AUD(ID, REV, REVTYPE, DESCRIPTION, IMAGE_PATH, INDEX, NAME, PRICE, ORDER_FEATURES_ID) VALUES
(324, 2745, 1, '', '', '', 'Hubodometer fited', 0.0, 2742),
(353, 2747, 1, '', '', 'K237509', 'Standard front vertical plate', 0.0, 2744),
(368, 2749, 1, '', '', 'K292167-W2 K292170-W6', '26 pairs of lashing rings', 0.0, 2746),
(377, 2751, 1, '', '', 'K237812-W2', '4 pairs of ferry rings', 0.0, 2748),
(1, 2813, 1, '5-th wheel height', 'default.png', 'K144976', '1250', 55.1, 2810),
(4, 2815, 1, '', '', '', 'BPW drum', 0.0, 2812),
(24, 2817, 1, '', '', 'K237100', 'standard BPW', 0.0, 2814),
(119, 2819, 1, '', '', '', 'Tail lift not fitted', 0.0, 2816),
(71, 2821, 1, '', '', '', '158 mm', 0.0, 2818),
(94, 2823, 1, '', '', 'K313004', 'V-tech Reversing Sensors', 0.0, 2820),
(101, 2825, 1, '', '', 'K205370', 'Front pulpit 1200 INOX', 0.0, 2822),
(111, 2827, 1, '', '', 'K145180', 'Real ladder, assembled nearside', 0.0, 2824),
(133, 2829, 1, '', '', 'K237687', 'Keruing Wood Floor', 0.0, 2826),
(137, 2831, 1, '', '', 'K237453', 'Standard Underrun', 0.0, 2828),
(157, 2833, 1, '', '', 'K145238-W6', 'Jost L500 landing legs', 0.0, 2830),
(168, 2835, 1, '', '', '2x W658476', 'Steel air tanks 2x 60L', 0.0, 2832),
(172, 2837, 1, '', '', 'K237204', 'Aluminium side protection', 0.0, 2834),
(184, 2839, 1, '', '', 'K238043', 'Full mudguards with Dowson logo', 0.0, 2836),
(196, 2841, 1, '', '', 'K237326', 'GTO rubber buffer', 0.0, 2838),
(208, 2843, 1, '', '', '', 'Steel rims', 0.0, 2840),
(215, 2845, 1, '', '', '', 'Goodyear Fuelmax T', 0.0, 2842),
(221, 2847, 1, '', '', '', 'Not fited info center', 0.0, 2844),
(225, 2849, 1, '', '', '', 'Haldex', 0.0, 2846),
(231, 2851, 1, '', '', 'K300289', 'Aspock EP3 withiout end outline marker', 0.0, 2848),
(324, 2853, 1, '', '', '', 'Hubodometer fited', 0.0, 2850),
(353, 2855, 1, '', '', 'K237509', 'Standard front vertical plate', 0.0, 2852),
(368, 2857, 1, '', '', 'K292167-W2 K292170-W6', '26 pairs of lashing rings', 0.0, 2854),
(377, 2859, 1, '', '', 'K237812-W2', '4 pairs of ferry rings', 0.0, 2856),
(1, 2882, 1, '5-th wheel height', 'default.png', 'K144976', '1250', 55.1, 2879),
(4, 2884, 1, '', '', '', 'BPW drum', 0.0, 2881),
(24, 2886, 1, '', '', 'K237100', 'standard BPW', 0.0, 2883),
(119, 2888, 1, '', '', '', 'Tail lift not fitted', 0.0, 2885),
(71, 2890, 1, '', '', '', '158 mm', 0.0, 2887),
(94, 2892, 1, '', '', 'K313004', 'V-tech Reversing Sensors', 0.0, 2889),
(97, 2894, 1, '', '', 'K235884', 'Front pulpit 600', 0.0, 2891),
(111, 2896, 1, '', '', 'K145180', 'Real ladder, assembled nearside', 0.0, 2893),
(133, 2898, 1, '', '', 'K237687', 'Keruing Wood Floor', 0.0, 2895),
(137, 2900, 1, '', '', 'K237453', 'Standard Underrun', 0.0, 2897),
(157, 2902, 1, '', '', 'K145238-W6', 'Jost L500 landing legs', 0.0, 2899),
(168, 2904, 1, '', '', '2x W658476', 'Steel air tanks 2x 60L', 0.0, 2901),
(172, 2906, 1, '', '', 'K237204', 'Aluminium side protection', 0.0, 2903),
(184, 2908, 1, '', '', 'K238043', 'Full mudguards with Dowson logo', 0.0, 2905),
(196, 2910, 1, '', '', 'K237326', 'GTO rubber buffer', 0.0, 2907),
(208, 2912, 1, '', '', '', 'Steel rims', 0.0, 2909),
(215, 2914, 1, '', '', '', 'Goodyear Fuelmax T', 0.0, 2911),
(221, 2916, 1, '', '', '', 'Not fited info center', 0.0, 2913),
(225, 2918, 1, '', '', '', 'Haldex', 0.0, 2915),
(231, 2920, 1, '', '', 'K300289', 'Aspock EP3 withiout end outline marker', 0.0, 2917),
(326, 2922, 1, '', '', '', 'Hubodometer not fitted', 0.0, 2919),
(353, 2924, 1, '', '', 'K237509', 'Standard front vertical plate', 0.0, 2921),
(368, 2926, 1, '', '', 'K292167-W2 K292170-W6', '26 pairs of lashing rings', 0.0, 2923),
(377, 2928, 1, '', '', 'K237812-W2', '4 pairs of ferry rings', 0.0, 2925),
(1, 2932, 1, '5-th wheel height', 'default.png', 'K144976', '1250', 55.1, 2929),
(4, 2934, 1, '', '', '', 'BPW drum', 0.0, 2931),
(24, 2936, 1, '', '', 'K237100', 'standard BPW', 0.0, 2933),
(119, 2938, 1, '', '', '', 'Tail lift not fitted', 0.0, 2935),
(71, 2940, 1, '', '', '', '158 mm', 0.0, 2937),
(94, 2942, 1, '', '', 'K313004', 'V-tech Reversing Sensors', 0.0, 2939);        
INSERT INTO PUBLIC.FEATURE_AUD(ID, REV, REVTYPE, DESCRIPTION, IMAGE_PATH, INDEX, NAME, PRICE, ORDER_FEATURES_ID) VALUES
(97, 2944, 1, '', '', 'K235884', 'Front pulpit 600', 0.0, 2941),
(111, 2946, 1, '', '', 'K145180', 'Real ladder, assembled nearside', 0.0, 2943),
(133, 2948, 1, '', '', 'K237687', 'Keruing Wood Floor', 0.0, 2945),
(137, 2950, 1, '', '', 'K237453', 'Standard Underrun', 0.0, 2947),
(159, 2952, 1, '', '', 'K237826-W6', 'Jost CW (with wheel) landing legs', 0.0, 2949),
(168, 2954, 1, '', '', '2x W658476', 'Steel air tanks 2x 60L', 0.0, 2951),
(172, 2956, 1, '', '', 'K237204', 'Aluminium side protection', 0.0, 2953),
(184, 2958, 1, '', '', 'K238043', 'Full mudguards with Dowson logo', 0.0, 2955),
(196, 2960, 1, '', '', 'K237326', 'GTO rubber buffer', 0.0, 2957),
(208, 2962, 1, '', '', '', 'Steel rims', 0.0, 2959),
(215, 2964, 1, '', '', '', 'Goodyear Fuelmax T', 0.0, 2961),
(221, 2966, 1, '', '', '', 'Not fited info center', 0.0, 2963),
(225, 2968, 1, '', '', '', 'Haldex', 0.0, 2965),
(231, 2970, 1, '', '', 'K300289', 'Aspock EP3 withiout end outline marker', 0.0, 2967),
(324, 2972, 1, '', '', '', 'Hubodometer fited', 0.0, 2969),
(353, 2974, 1, '', '', 'K237509', 'Standard front vertical plate', 0.0, 2971),
(368, 2976, 1, '', '', 'K292167-W2 K292170-W6', '26 pairs of lashing rings', 0.0, 2973),
(377, 2978, 1, '', '', 'K237812-W2', '4 pairs of ferry rings', 0.0, 2975),
(1, 2997, 1, '5-th wheel height', 'default.png', 'K144976', '1250', 55.1, 2994),
(4, 2999, 1, '', '', '', 'BPW drum', 0.0, 2996),
(24, 3001, 1, '', '', 'K237100', 'standard BPW', 0.0, 2998),
(119, 3003, 1, '', '', '', 'Tail lift not fitted', 0.0, 3000),
(71, 3005, 1, '', '', '', '158 mm', 0.0, 3002),
(94, 3007, 1, '', '', 'K313004', 'V-tech Reversing Sensors', 0.0, 3004),
(97, 3009, 1, '', '', 'K235884', 'Front pulpit 600', 0.0, 3006),
(111, 3011, 1, '', '', 'K145180', 'Real ladder, assembled nearside', 0.0, 3008),
(133, 3013, 1, '', '', 'K237687', 'Keruing Wood Floor', 0.0, 3010),
(137, 3015, 1, '', '', 'K237453', 'Standard Underrun', 0.0, 3012),
(159, 3017, 1, '', '', 'K237826-W6', 'Jost CW (with wheel) landing legs', 0.0, 3014),
(168, 3019, 1, '', '', '2x W658476', 'Steel air tanks 2x 60L', 0.0, 3016),
(172, 3021, 1, '', '', 'K237204', 'Aluminium side protection', 0.0, 3018),
(184, 3023, 1, '', '', 'K238043', 'Full mudguards with Dowson logo', 0.0, 3020),
(196, 3025, 1, '', '', 'K237326', 'GTO rubber buffer', 0.0, 3022),
(208, 3027, 1, '', '', '', 'Steel rims', 0.0, 3024),
(215, 3029, 1, '', '', '', 'Goodyear Fuelmax T', 0.0, 3026),
(221, 3031, 1, '', '', '', 'Not fited info center', 0.0, 3028),
(225, 3033, 1, '', '', '', 'Haldex', 0.0, 3030),
(231, 3035, 1, '', '', 'K300289', 'Aspock EP3 withiout end outline marker', 0.0, 3032),
(324, 3037, 1, '', '', '', 'Hubodometer fited', 0.0, 3034),
(353, 3039, 1, '', '', 'K237509', 'Standard front vertical plate', 0.0, 3036),
(368, 3041, 1, '', '', 'K292167-W2 K292170-W6', '26 pairs of lashing rings', 0.0, 3038),
(377, 3043, 1, '', '', 'K237812-W2', '4 pairs of ferry rings', 0.0, 3040),
(3097, 3098, 0, '', '', 'K292200-W6', 'standard for tail lift DH-20, BPW', 0.0, NULL),
(353, 3217, 1, '', '', 'welded on chassis', 'Standard front vertical plate', 0.0, 3036),
(353, 3218, 1, '', '', 'part of the chassis', 'Standard front vertical plate', 0.0, 3036),
(3276, 3277, 0, '', '', 'O rubber buffers', 'curtain 100 Neck SAF drum with GTO rubber buffers', 0.0, NULL),
(3276, 3280, 1, '', '', 'K145830-W6', 'curtain 100 Neck SAF drum with GTO rubber buffers', 0.0, NULL),
(3332, 3333, 0, '', '', 'K238010-W6', 'standard curtain BPW fir SKS tail lif', 0.0, NULL),
(3332, 3336, 1, '', '', 'K238010-W6', 'standard curtain BPW for DH SKS tail lif', 0.0, NULL),
(3423, 3424, 0, '', '', 'K237600-W6', '300mm cross barrers distance with RDC', 0.0, NULL),
(3502, 3503, 0, '', '', 'K145790-W6', 'standard curtain SAF drum', 0.0, NULL),
(3560, 3561, 0, '', '', 'K145196-W6', 'standard curtain Jost disc', 0.0, NULL),
(68, 3564, 1, '', '', '', 'Jost disc', 0.0, NULL);      
CREATE CACHED TABLE PUBLIC.FEATURE_PRODUCT_FEATURE_LIST_AUD(
    REV INTEGER NOT NULL,
    FEATURE_ID BIGINT NOT NULL,
    PRODUCT_FEATURE_LIST_ID BIGINT NOT NULL,
    REVTYPE TINYINT
);     
ALTER TABLE PUBLIC.FEATURE_PRODUCT_FEATURE_LIST_AUD ADD CONSTRAINT PUBLIC.CONSTRAINT_2 PRIMARY KEY(REV, FEATURE_ID, PRODUCT_FEATURE_LIST_ID);  
-- 0 +/- SELECT COUNT(*) FROM PUBLIC.FEATURE_PRODUCT_FEATURE_LIST_AUD;         
CREATE CACHED TABLE PUBLIC.FEATURE_PRODUCT_FEATURE_LIST(
    FEATURE_ID BIGINT NOT NULL,
    PRODUCT_FEATURE_LIST_ID BIGINT NOT NULL
);        
ALTER TABLE PUBLIC.FEATURE_PRODUCT_FEATURE_LIST ADD CONSTRAINT PUBLIC.CONSTRAINT_B PRIMARY KEY(FEATURE_ID, PRODUCT_FEATURE_LIST_ID);           
-- 0 +/- SELECT COUNT(*) FROM PUBLIC.FEATURE_PRODUCT_FEATURE_LIST;             
CREATE CACHED TABLE PUBLIC.ORD_AUD(
    ID BIGINT NOT NULL,
    REV INTEGER NOT NULL,
    REVTYPE TINYINT,
    CLIENT VARCHAR(255),
    ORDER_NAME VARCHAR(255),
    PRICE DOUBLE,
    UNITS_TO_PRODUCE INTEGER,
    CREATED_BY VARCHAR(255),
    CREATED_DATE DATE,
    LAST_MODIFIED_BY VARCHAR(255),
    LAST_MODIFIED_DATE DATE,
    CREATED_DATE2 DECIMAL(19, 2),
    CREATED_DATE3 TIMESTAMP,
    REVISION INTEGER
);    
ALTER TABLE PUBLIC.ORD_AUD ADD CONSTRAINT PUBLIC.CONSTRAINT_E PRIMARY KEY(ID, REV);            
-- 79 +/- SELECT COUNT(*) FROM PUBLIC.ORD_AUD; 
INSERT INTO PUBLIC.ORD_AUD(ID, REV, REVTYPE, CLIENT, ORDER_NAME, PRICE, UNITS_TO_PRODUCE, CREATED_BY, CREATED_DATE, LAST_MODIFIED_BY, LAST_MODIFIED_DATE, CREATED_DATE2, CREATED_DATE3, REVISION) VALUES
(18, 19, 0, NULL, NULL, NULL, NULL, NULL, NULL, NULL, NULL, NULL, NULL, NULL),
(18, 20, 1, 'adf', 'A12341', 23452.0, 4, NULL, NULL, NULL, NULL, NULL, NULL, NULL),
(61, 62, 0, NULL, NULL, NULL, NULL, NULL, NULL, NULL, NULL, NULL, NULL, NULL),
(314, 315, 0, NULL, NULL, NULL, NULL, NULL, NULL, NULL, NULL, NULL, NULL, NULL),
(18, 321, 2, NULL, NULL, NULL, NULL, NULL, NULL, NULL, NULL, NULL, NULL, NULL),
(61, 322, 2, NULL, NULL, NULL, NULL, NULL, NULL, NULL, NULL, NULL, NULL, NULL),
(890, 891, 0, NULL, NULL, NULL, NULL, NULL, NULL, NULL, NULL, NULL, NULL, NULL),
(942, 943, 0, NULL, NULL, NULL, NULL, NULL, NULL, NULL, NULL, NULL, NULL, NULL),
(942, 944, 2, NULL, NULL, NULL, NULL, NULL, NULL, NULL, NULL, NULL, NULL, NULL),
(314, 945, 2, NULL, NULL, NULL, NULL, NULL, NULL, NULL, NULL, NULL, NULL, NULL),
(890, 946, 2, NULL, NULL, NULL, NULL, NULL, NULL, NULL, NULL, NULL, NULL, NULL),
(1158, 1159, 0, NULL, NULL, NULL, NULL, NULL, NULL, NULL, NULL, NULL, NULL, NULL),
(1210, 1211, 0, NULL, NULL, NULL, NULL, NULL, NULL, NULL, NULL, NULL, NULL, NULL),
(1210, 1216, 2, NULL, NULL, NULL, NULL, NULL, NULL, NULL, NULL, NULL, NULL, NULL),
(1158, 1217, 2, NULL, NULL, NULL, NULL, NULL, NULL, NULL, NULL, NULL, NULL, NULL),
(1372, 1373, 0, NULL, NULL, NULL, NULL, NULL, NULL, NULL, NULL, NULL, NULL, NULL),
(1422, 1423, 0, NULL, NULL, NULL, NULL, NULL, NULL, NULL, NULL, NULL, NULL, NULL),
(1372, 1424, 2, NULL, NULL, NULL, NULL, NULL, NULL, NULL, NULL, NULL, NULL, NULL),
(1473, 1474, 0, NULL, NULL, NULL, NULL, NULL, NULL, NULL, NULL, NULL, NULL, NULL),
(1422, 1508, 1, '', 'A1', 1.0, NULL, NULL, NULL, NULL, NULL, NULL, NULL, NULL),
(1473, 1509, 1, '', 'A22', NULL, 2, NULL, NULL, NULL, NULL, NULL, NULL, NULL),
(1553, 1554, 0, NULL, NULL, NULL, NULL, NULL, NULL, NULL, NULL, NULL, NULL, NULL),
(1553, 1555, 2, NULL, NULL, NULL, NULL, NULL, NULL, NULL, NULL, NULL, NULL, NULL),
(1604, 1605, 0, NULL, NULL, NULL, NULL, NULL, NULL, NULL, NULL, NULL, NULL, NULL),
(1604, 1609, 1, '', 'A5', NULL, NULL, NULL, NULL, NULL, NULL, NULL, NULL, NULL),
(2217, 2218, 0, NULL, NULL, NULL, NULL, 'uuu', DATE '2020-01-04', 'uuu', DATE '2020-01-04', NULL, NULL, NULL),
(2217, 2219, 1, '', 'r4', NULL, 5, 'uuu', DATE '2020-01-04', 'uuu', DATE '2020-01-04', NULL, NULL, NULL),
(2217, 2220, 1, '', '3ggg', NULL, 44, 'uuu', DATE '2020-01-04', 'uuu', DATE '2020-01-04', NULL, NULL, NULL),
(2269, 2270, 0, NULL, NULL, NULL, NULL, 'uuu', DATE '2020-01-04', 'uuu', DATE '2020-01-04', NULL, NULL, NULL),
(2269, 2320, 2, NULL, NULL, NULL, NULL, NULL, NULL, NULL, NULL, NULL, NULL, NULL),
(2217, 2321, 2, NULL, NULL, NULL, NULL, NULL, NULL, NULL, NULL, NULL, NULL, NULL),
(2419, 2420, 0, NULL, NULL, NULL, NULL, 'uuu', NULL, 'uuu', DATE '2020-01-04', NULL, TIMESTAMP '2020-01-04 23:25:40.952', NULL),
(1422, 2421, 2, NULL, NULL, NULL, NULL, NULL, NULL, NULL, NULL, NULL, NULL, NULL),
(1473, 2422, 2, NULL, NULL, NULL, NULL, NULL, NULL, NULL, NULL, NULL, NULL, NULL),
(1604, 2423, 2, NULL, NULL, NULL, NULL, NULL, NULL, NULL, NULL, NULL, NULL, NULL),
(2419, 2424, 2, NULL, NULL, NULL, NULL, NULL, NULL, NULL, NULL, NULL, NULL, NULL),
(2473, 2474, 0, NULL, NULL, NULL, NULL, 'uuu', DATE '2020-01-04', 'uuu', DATE '2020-01-04', NULL, NULL, NULL),
(2473, 2475, 1, '', 'A1', NULL, 3, 'uuu', DATE '2020-01-04', 'uuu', DATE '2020-01-04', NULL, NULL, NULL),
(2652, 2653, 0, NULL, NULL, NULL, NULL, 'uuu', DATE '2020-01-05', 'uuu', DATE '2020-01-05', NULL, NULL, NULL),
(2652, 2654, 1, NULL, NULL, NULL, NULL, 'uuu', DATE '2020-01-05', 'uuu', DATE '2020-01-05', NULL, NULL, NULL),
(2473, 2657, 1, '', 'q3', NULL, 55, 'uuu', DATE '2020-01-04', 'uuu', DATE '2020-01-05', NULL, NULL, NULL),
(2652, 2689, 1, NULL, NULL, NULL, NULL, 'uuu', DATE '2020-01-05', 'uuu', DATE '2020-01-05', NULL, NULL, NULL),
(2652, 2691, 1, NULL, NULL, NULL, NULL, 'uuu', DATE '2020-01-05', 'uuu', DATE '2020-01-05', NULL, NULL, NULL),
(2652, 2693, 1, '', 'dd4', NULL, 5, 'uuu', DATE '2020-01-05', 'uuu', DATE '2020-01-05', NULL, NULL, NULL);           
INSERT INTO PUBLIC.ORD_AUD(ID, REV, REVTYPE, CLIENT, ORDER_NAME, PRICE, UNITS_TO_PRODUCE, CREATED_BY, CREATED_DATE, LAST_MODIFIED_BY, LAST_MODIFIED_DATE, CREATED_DATE2, CREATED_DATE3, REVISION) VALUES
(2652, 2694, 1, '', 'dd4', NULL, 5, 'uuu', DATE '2020-01-05', 'uuu', DATE '2020-01-05', NULL, NULL, NULL),
(2652, 2696, 1, '', 'dd4', NULL, 5, 'uuu', DATE '2020-01-05', 'uuu', DATE '2020-01-05', NULL, NULL, NULL),
(2473, 2698, 1, '', 'q3', NULL, 55, 'uuu', DATE '2020-01-04', 'uuu', DATE '2020-01-05', NULL, NULL, 1),
(2473, 2700, 1, '', 'q3', NULL, 55, 'uuu', DATE '2020-01-04', 'uuu', DATE '2020-01-05', NULL, NULL, 2),
(2750, 2751, 0, NULL, NULL, NULL, NULL, 'uuu', DATE '2020-01-05', 'uuu', DATE '2020-01-05', NULL, NULL, 0),
(2750, 2752, 1, NULL, NULL, NULL, NULL, 'uuu', DATE '2020-01-05', 'uuu', DATE '2020-01-05', NULL, NULL, 1),
(2750, 2754, 1, NULL, NULL, NULL, NULL, 'uuu', DATE '2020-01-05', 'uuu', DATE '2020-01-05', NULL, NULL, 2),
(2750, 2755, 1, NULL, NULL, NULL, NULL, 'uuu', DATE '2020-01-05', 'uuu', DATE '2020-01-05', NULL, NULL, 3),
(2750, 2757, 1, NULL, NULL, NULL, NULL, 'uuu', DATE '2020-01-05', 'uuu', DATE '2020-01-05', NULL, NULL, 4),
(2652, 2761, 1, '', 'dd4', NULL, 5, 'uuu', DATE '2020-01-05', 'uuu', DATE '2020-01-05', NULL, NULL, 1),
(2652, 2765, 1, '', 'dd4', NULL, 5, 'uuu', DATE '2020-01-05', 'uuu', DATE '2020-01-05', NULL, NULL, 2),
(2652, 2766, 2, NULL, NULL, NULL, NULL, NULL, NULL, NULL, NULL, NULL, NULL, NULL),
(2473, 2767, 1, '', 'q3', NULL, 55, 'uuu', DATE '2020-01-04', 'uuu', DATE '2020-01-05', NULL, NULL, 3),
(2473, 2768, 1, '', 'q3', NULL, 55, 'uuu', DATE '2020-01-04', 'uuu', DATE '2020-01-05', NULL, NULL, 4),
(2473, 2770, 1, '', 'q3', NULL, 55, 'uuu', DATE '2020-01-04', 'uuu', DATE '2020-01-05', NULL, NULL, 5),
(2473, 2771, 1, '', 'q3', NULL, 55, 'uuu', DATE '2020-01-04', 'uuu', DATE '2020-01-05', NULL, NULL, 6),
(2473, 2773, 1, '', 'q3', NULL, 55, 'uuu', DATE '2020-01-04', 'uuu', DATE '2020-01-05', NULL, NULL, 7),
(2473, 2775, 1, '', 'q3', NULL, 55, 'uuu', DATE '2020-01-04', 'uuu', DATE '2020-01-05', NULL, NULL, 8),
(2473, 2807, 1, '', 'q3', NULL, 55, 'uuu', DATE '2020-01-04', 'uuu', DATE '2020-01-05', NULL, NULL, 9),
(2473, 2809, 1, '', 'q3', NULL, 55, 'uuu', DATE '2020-01-04', 'uuu', DATE '2020-01-05', NULL, NULL, 10),
(2858, 2859, 0, NULL, NULL, NULL, NULL, 'uuu', DATE '2020-01-05', 'uuu', DATE '2020-01-05', NULL, NULL, 0),
(2858, 2860, 1, NULL, NULL, NULL, NULL, 'uuu', DATE '2020-01-05', 'uuu', DATE '2020-01-05', NULL, NULL, 1),
(2858, 2862, 1, NULL, NULL, NULL, NULL, 'uuu', DATE '2020-01-05', 'uuu', DATE '2020-01-05', NULL, NULL, 2),
(2858, 2866, 1, NULL, NULL, NULL, NULL, 'uuu', DATE '2020-01-05', 'uuu', DATE '2020-01-05', NULL, NULL, 3),
(2858, 2869, 1, NULL, NULL, NULL, NULL, 'uuu', DATE '2020-01-05', 'uuu', DATE '2020-01-05', NULL, NULL, 4),
(2858, 2874, 1, NULL, NULL, NULL, NULL, 'uuu', DATE '2020-01-05', 'uuu', DATE '2020-01-05', NULL, NULL, 5),
(2858, 2877, 1, NULL, NULL, NULL, NULL, 'uuu', DATE '2020-01-05', 'uuu', DATE '2020-01-05', NULL, NULL, 6),
(2927, 2928, 0, NULL, NULL, NULL, NULL, 'uuu', DATE '2020-01-05', 'uuu', DATE '2020-01-05', NULL, NULL, 0),
(2977, 2978, 0, NULL, NULL, NULL, NULL, 'uuu', DATE '2020-01-05', 'uuu', DATE '2020-01-05', NULL, NULL, 0),
(2977, 2993, 2, NULL, NULL, NULL, NULL, NULL, NULL, NULL, NULL, NULL, NULL, NULL),
(3042, 3043, 0, NULL, NULL, NULL, NULL, 'uuu', DATE '2020-01-05', 'uuu', DATE '2020-01-05', NULL, NULL, 0),
(3042, 3044, 1, NULL, NULL, NULL, NULL, 'uuu', DATE '2020-01-05', 'uuu', DATE '2020-01-05', NULL, NULL, 1),
(2858, 3048, 2, NULL, NULL, NULL, NULL, NULL, NULL, NULL, NULL, NULL, NULL, NULL),
(2473, 3049, 2, NULL, NULL, NULL, NULL, NULL, NULL, NULL, NULL, NULL, NULL, NULL),
(2750, 3050, 2, NULL, NULL, NULL, NULL, NULL, NULL, NULL, NULL, NULL, NULL, NULL); 
CREATE CACHED TABLE PUBLIC.ORD(
    ID BIGINT NOT NULL,
    CLIENT VARCHAR(255),
    CREATED_BY VARCHAR(255),
    CREATED_DATE TIMESTAMP,
    LAST_MODIFIED_BY VARCHAR(255),
    LAST_MODIFIED_DATE TIMESTAMP,
    ORDER_NAME VARCHAR(255),
    PRICE DOUBLE,
    UNITS_TO_PRODUCE INTEGER,
    REVISION INTEGER
);            
ALTER TABLE PUBLIC.ORD ADD CONSTRAINT PUBLIC.CONSTRAINT_1 PRIMARY KEY(ID);     
-- 2 +/- SELECT COUNT(*) FROM PUBLIC.ORD;      
INSERT INTO PUBLIC.ORD(ID, CLIENT, CREATED_BY, CREATED_DATE, LAST_MODIFIED_BY, LAST_MODIFIED_DATE, ORDER_NAME, PRICE, UNITS_TO_PRODUCE, REVISION) VALUES
(2927, NULL, 'uuu', TIMESTAMP '2020-01-05 22:00:10.322', 'uuu', TIMESTAMP '2020-01-05 22:00:10.323', NULL, NULL, NULL, 0),
(3042, NULL, 'uuu', TIMESTAMP '2020-01-05 22:08:37.02', 'uuu', TIMESTAMP '2020-01-05 22:08:51.482', NULL, NULL, NULL, 1);  
CREATE CACHED TABLE PUBLIC.ORDER_FEATURE_AUD(
    ID BIGINT NOT NULL,
    REV INTEGER NOT NULL,
    REVTYPE TINYINT,
    FEATURE_ID BIGINT,
    PRODUCT_FEATURE_ID BIGINT
);   
ALTER TABLE PUBLIC.ORDER_FEATURE_AUD ADD CONSTRAINT PUBLIC.CONSTRAINT_8 PRIMARY KEY(ID, REV);  
-- 1802 +/- SELECT COUNT(*) FROM PUBLIC.ORDER_FEATURE_AUD;     
INSERT INTO PUBLIC.ORDER_FEATURE_AUD(ID, REV, REVTYPE, FEATURE_ID, PRODUCT_FEATURE_ID) VALUES
(14, 15, 0, 1, 11),
(16, 17, 0, 3, 12),
(14, 19, 1, 1, 11),
(16, 19, 1, 3, 12),
(53, 54, 0, 21, 13),
(55, 56, 0, 1, 11),
(57, 58, 0, 3, 12),
(59, 60, 0, 37, 35),
(53, 62, 1, 21, 13),
(55, 62, 1, 1, 11),
(57, 62, 1, 3, 12),
(59, 62, 1, 37, 35),
(272, 273, 0, 1, 11),
(274, 275, 0, 3, 12),
(276, 277, 0, 27, 13),
(278, 279, 0, 33, 35),
(280, 281, 0, 71, 73),
(282, 283, 0, 94, 90),
(284, 285, 0, 97, 105),
(286, 287, 0, 111, 115),
(288, 289, 0, 133, 124),
(290, 291, 0, 137, 139),
(292, 293, 0, 157, 163),
(294, 295, 0, 168, 170),
(296, 297, 0, 172, 180),
(298, 299, 0, 184, 186),
(300, 301, 0, 192, 194),
(302, 303, 0, 196, 204),
(304, 305, 0, 208, 210),
(306, 307, 0, 215, 217),
(308, 309, 0, 221, 223),
(310, 311, 0, 225, 229),
(312, 313, 0, 245, 251),
(272, 315, 1, 1, 11),
(274, 315, 1, 3, 12),
(276, 315, 1, 27, 13),
(278, 315, 1, 33, 35),
(280, 315, 1, 71, 73),
(282, 315, 1, 94, 90),
(284, 315, 1, 97, 105),
(286, 315, 1, 111, 115),
(288, 315, 1, 133, 124),
(290, 315, 1, 137, 139),
(292, 315, 1, 157, 163),
(294, 315, 1, 168, 170),
(296, 315, 1, 172, 180),
(298, 315, 1, 184, 186),
(300, 315, 1, 192, 194),
(302, 315, 1, 196, 204),
(304, 315, 1, 208, 210),
(306, 315, 1, 215, 217),
(308, 315, 1, 221, 223),
(310, 315, 1, 225, 229),
(312, 315, 1, 245, 251),
(14, 321, 1, 1, 11),
(16, 321, 1, 3, 12),
(53, 322, 1, 21, 13),
(55, 322, 1, 1, 11),
(57, 322, 1, 3, 12),
(59, 322, 1, 37, 35),
(840, 841, 0, 1, 11),
(842, 843, 0, 3, 12),
(844, 845, 0, 27, 13),
(846, 847, 0, 33, 35),
(848, 849, 0, 71, 73),
(850, 851, 0, 94, 90),
(852, 853, 0, 97, 105),
(854, 855, 0, 111, 115),
(856, 857, 0, 133, 124),
(858, 859, 0, 137, 139),
(860, 861, 0, 157, 163),
(862, 863, 0, 168, 170),
(864, 865, 0, 172, 180),
(866, 867, 0, 184, 186),
(868, 869, 0, 192, 194),
(870, 871, 0, 196, 204),
(872, 873, 0, 208, 210),
(874, 875, 0, 215, 217),
(876, 877, 0, 221, 223),
(878, 879, 0, 225, 229),
(880, 881, 0, 231, 251),
(882, 883, 0, 324, 328),
(884, 885, 0, 353, 357),
(886, 887, 0, 368, 370),
(888, 889, 0, 377, 379),
(840, 891, 1, 1, 11),
(842, 891, 1, 3, 12),
(844, 891, 1, 27, 13),
(846, 891, 1, 33, 35),
(848, 891, 1, 71, 73),
(850, 891, 1, 94, 90),
(852, 891, 1, 97, 105),
(854, 891, 1, 111, 115),
(856, 891, 1, 133, 124),
(858, 891, 1, 137, 139),
(860, 891, 1, 157, 163),
(862, 891, 1, 168, 170),
(864, 891, 1, 172, 180),
(866, 891, 1, 184, 186),
(868, 891, 1, 192, 194),
(870, 891, 1, 196, 204),
(872, 891, 1, 208, 210),
(874, 891, 1, 215, 217),
(876, 891, 1, 221, 223),
(878, 891, 1, 225, 229),
(880, 891, 1, 231, 251),
(882, 891, 1, 324, 328),
(884, 891, 1, 353, 357),
(886, 891, 1, 368, 370),
(888, 891, 1, 377, 379),
(892, 893, 0, 1, 11),
(894, 895, 0, 3, 12),
(896, 897, 0, 27, 13),
(898, 899, 0, 33, 35),
(900, 901, 0, 71, 73),
(902, 903, 0, 94, 90),
(904, 905, 0, 97, 105),
(906, 907, 0, 111, 115),
(908, 909, 0, 133, 124),
(910, 911, 0, 137, 139),
(912, 913, 0, 157, 163),
(914, 915, 0, 168, 170),
(916, 917, 0, 172, 180),
(918, 919, 0, 184, 186),
(920, 921, 0, 192, 194),
(922, 923, 0, 196, 204),
(924, 925, 0, 208, 210),
(926, 927, 0, 215, 217),
(928, 929, 0, 221, 223),
(930, 931, 0, 225, 229),
(932, 933, 0, 231, 251),
(934, 935, 0, 324, 328),
(936, 937, 0, 353, 357),
(938, 939, 0, 368, 370),
(940, 941, 0, 377, 379),
(892, 943, 1, 1, 11),
(894, 943, 1, 3, 12),
(896, 943, 1, 27, 13),
(898, 943, 1, 33, 35),
(900, 943, 1, 71, 73),
(902, 943, 1, 94, 90),
(904, 943, 1, 97, 105),
(906, 943, 1, 111, 115),
(908, 943, 1, 133, 124),
(910, 943, 1, 137, 139),
(912, 943, 1, 157, 163),
(914, 943, 1, 168, 170),
(916, 943, 1, 172, 180),
(918, 943, 1, 184, 186),
(920, 943, 1, 192, 194),
(922, 943, 1, 196, 204),
(924, 943, 1, 208, 210),
(926, 943, 1, 215, 217),
(928, 943, 1, 221, 223),
(930, 943, 1, 225, 229),
(932, 943, 1, 231, 251),
(934, 943, 1, 324, 328),
(936, 943, 1, 353, 357),
(938, 943, 1, 368, 370),
(940, 943, 1, 377, 379),
(892, 944, 1, 1, 11),
(894, 944, 1, 3, 12),
(896, 944, 1, 27, 13),
(898, 944, 1, 33, 35),
(900, 944, 1, 71, 73),
(902, 944, 1, 94, 90),
(904, 944, 1, 97, 105),
(906, 944, 1, 111, 115); 
INSERT INTO PUBLIC.ORDER_FEATURE_AUD(ID, REV, REVTYPE, FEATURE_ID, PRODUCT_FEATURE_ID) VALUES
(908, 944, 1, 133, 124),
(910, 944, 1, 137, 139),
(912, 944, 1, 157, 163),
(914, 944, 1, 168, 170),
(916, 944, 1, 172, 180),
(918, 944, 1, 184, 186),
(920, 944, 1, 192, 194),
(922, 944, 1, 196, 204),
(924, 944, 1, 208, 210),
(926, 944, 1, 215, 217),
(928, 944, 1, 221, 223),
(930, 944, 1, 225, 229),
(932, 944, 1, 231, 251),
(934, 944, 1, 324, 328),
(936, 944, 1, 353, 357),
(938, 944, 1, 368, 370),
(940, 944, 1, 377, 379),
(272, 945, 1, 1, 11),
(274, 945, 1, 3, 12),
(276, 945, 1, 27, 13),
(278, 945, 1, 33, 35),
(280, 945, 1, 71, 73),
(282, 945, 1, 94, 90),
(284, 945, 1, 97, 105),
(286, 945, 1, 111, 115),
(288, 945, 1, 133, 124),
(290, 945, 1, 137, 139),
(292, 945, 1, 157, 163),
(294, 945, 1, 168, 170),
(296, 945, 1, 172, 180),
(298, 945, 1, 184, 186),
(300, 945, 1, 192, 194),
(302, 945, 1, 196, 204),
(304, 945, 1, 208, 210),
(306, 945, 1, 215, 217),
(308, 945, 1, 221, 223),
(310, 945, 1, 225, 229),
(312, 945, 1, 245, 251),
(840, 946, 1, 1, 11),
(842, 946, 1, 3, 12),
(844, 946, 1, 27, 13),
(846, 946, 1, 33, 35),
(848, 946, 1, 71, 73),
(850, 946, 1, 94, 90),
(852, 946, 1, 97, 105),
(854, 946, 1, 111, 115),
(856, 946, 1, 133, 124),
(858, 946, 1, 137, 139),
(860, 946, 1, 157, 163),
(862, 946, 1, 168, 170),
(864, 946, 1, 172, 180),
(866, 946, 1, 184, 186),
(868, 946, 1, 192, 194),
(870, 946, 1, 196, 204),
(872, 946, 1, 208, 210),
(874, 946, 1, 215, 217),
(876, 946, 1, 221, 223),
(878, 946, 1, 225, 229),
(880, 946, 1, 231, 251),
(882, 946, 1, 324, 328),
(884, 946, 1, 353, 357),
(886, 946, 1, 368, 370),
(888, 946, 1, 377, 379),
(1108, 1109, 0, 1, 755),
(1110, 1111, 0, 3, 757),
(1112, 1113, 0, 24, 759),
(1114, 1115, 0, 119, 761),
(1116, 1117, 0, 84, 763),
(1118, 1119, 0, 88, 765),
(1120, 1121, 0, 97, 767),
(1122, 1123, 0, 111, 769),
(1124, 1125, 0, 133, 771),
(1126, 1127, 0, 137, 773),
(1128, 1129, 0, 157, 775),
(1130, 1131, 0, 168, 777),
(1132, 1133, 0, 172, 779),
(1134, 1135, 0, 184, 781),
(1136, 1137, 0, 192, 783),
(1138, 1139, 0, 202, 785),
(1140, 1141, 0, 208, 787),
(1142, 1143, 0, 215, 789),
(1144, 1145, 0, 221, 791),
(1146, 1147, 0, 225, 793),
(1148, 1149, 0, 231, 795),
(1150, 1151, 0, 324, 797),
(1152, 1153, 0, 353, 799),
(1154, 1155, 0, 368, 801),
(1156, 1157, 0, 377, 803),
(1108, 1159, 1, 1, 755),
(1110, 1159, 1, 3, 757),
(1112, 1159, 1, 24, 759),
(1114, 1159, 1, 119, 761),
(1116, 1159, 1, 84, 763),
(1118, 1159, 1, 88, 765),
(1120, 1159, 1, 97, 767),
(1122, 1159, 1, 111, 769),
(1124, 1159, 1, 133, 771),
(1126, 1159, 1, 137, 773),
(1128, 1159, 1, 157, 775),
(1130, 1159, 1, 168, 777),
(1132, 1159, 1, 172, 779),
(1134, 1159, 1, 184, 781),
(1136, 1159, 1, 192, 783),
(1138, 1159, 1, 202, 785),
(1140, 1159, 1, 208, 787),
(1142, 1159, 1, 215, 789),
(1144, 1159, 1, 221, 791),
(1146, 1159, 1, 225, 793),
(1148, 1159, 1, 231, 795),
(1150, 1159, 1, 324, 797),
(1152, 1159, 1, 353, 799),
(1154, 1159, 1, 368, 801),
(1156, 1159, 1, 377, 803),
(1160, 1161, 0, 1, 1035),
(1162, 1163, 0, 3, 987),
(1164, 1165, 0, 24, 989),
(1166, 1167, 0, 119, 991),
(1168, 1169, 0, 71, 993),
(1170, 1171, 0, 94, 995),
(1172, 1173, 0, 97, 997),
(1174, 1175, 0, 111, 999),
(1176, 1177, 0, 133, 1001),
(1178, 1179, 0, 137, 1003),
(1180, 1181, 0, 157, 1005),
(1182, 1183, 0, 168, 1007),
(1184, 1185, 0, 172, 1009),
(1186, 1187, 0, 184, 1011),
(1188, 1189, 0, 192, 1013),
(1190, 1191, 0, 196, 1015),
(1192, 1193, 0, 208, 1017),
(1194, 1195, 0, 215, 1019),
(1196, 1197, 0, 221, 1021),
(1198, 1199, 0, 225, 1023),
(1200, 1201, 0, 231, 1025),
(1202, 1203, 0, 324, 1027),
(1204, 1205, 0, 353, 1029),
(1206, 1207, 0, 368, 1031),
(1208, 1209, 0, 377, 1033),
(1160, 1211, 1, 1, 1035),
(1162, 1211, 1, 3, 987),
(1164, 1211, 1, 24, 989),
(1166, 1211, 1, 119, 991),
(1168, 1211, 1, 71, 993),
(1170, 1211, 1, 94, 995),
(1172, 1211, 1, 97, 997),
(1174, 1211, 1, 111, 999),
(1176, 1211, 1, 133, 1001),
(1178, 1211, 1, 137, 1003),
(1180, 1211, 1, 157, 1005),
(1182, 1211, 1, 168, 1007),
(1184, 1211, 1, 172, 1009),
(1186, 1211, 1, 184, 1011),
(1188, 1211, 1, 192, 1013),
(1190, 1211, 1, 196, 1015),
(1192, 1211, 1, 208, 1017);         
INSERT INTO PUBLIC.ORDER_FEATURE_AUD(ID, REV, REVTYPE, FEATURE_ID, PRODUCT_FEATURE_ID) VALUES
(1194, 1211, 1, 215, 1019),
(1196, 1211, 1, 221, 1021),
(1198, 1211, 1, 225, 1023),
(1200, 1211, 1, 231, 1025),
(1202, 1211, 1, 324, 1027),
(1204, 1211, 1, 353, 1029),
(1206, 1211, 1, 368, 1031),
(1208, 1211, 1, 377, 1033),
(1160, 1216, 1, 1, 1035),
(1162, 1216, 1, 3, 987),
(1164, 1216, 1, 24, 989),
(1166, 1216, 1, 119, 991),
(1168, 1216, 1, 71, 993),
(1170, 1216, 1, 94, 995),
(1172, 1216, 1, 97, 997),
(1174, 1216, 1, 111, 999),
(1176, 1216, 1, 133, 1001),
(1178, 1216, 1, 137, 1003),
(1180, 1216, 1, 157, 1005),
(1182, 1216, 1, 168, 1007),
(1184, 1216, 1, 172, 1009),
(1186, 1216, 1, 184, 1011),
(1188, 1216, 1, 192, 1013),
(1190, 1216, 1, 196, 1015),
(1192, 1216, 1, 208, 1017),
(1194, 1216, 1, 215, 1019),
(1196, 1216, 1, 221, 1021),
(1198, 1216, 1, 225, 1023),
(1200, 1216, 1, 231, 1025),
(1202, 1216, 1, 324, 1027),
(1204, 1216, 1, 353, 1029),
(1206, 1216, 1, 368, 1031),
(1208, 1216, 1, 377, 1033),
(1108, 1217, 1, 1, 755),
(1110, 1217, 1, 3, 757),
(1112, 1217, 1, 24, 759),
(1114, 1217, 1, 119, 761),
(1116, 1217, 1, 84, 763),
(1118, 1217, 1, 88, 765),
(1120, 1217, 1, 97, 767),
(1122, 1217, 1, 111, 769),
(1124, 1217, 1, 133, 771),
(1126, 1217, 1, 137, 773),
(1128, 1217, 1, 157, 775),
(1130, 1217, 1, 168, 777),
(1132, 1217, 1, 172, 779),
(1134, 1217, 1, 184, 781),
(1136, 1217, 1, 192, 783),
(1138, 1217, 1, 202, 785),
(1140, 1217, 1, 208, 787),
(1142, 1217, 1, 215, 789),
(1144, 1217, 1, 221, 791),
(1146, 1217, 1, 225, 793),
(1148, 1217, 1, 231, 795),
(1150, 1217, 1, 324, 797),
(1152, 1217, 1, 353, 799),
(1154, 1217, 1, 368, 801),
(1156, 1217, 1, 377, 803),
(1324, 1325, 0, 1, 1035),
(1326, 1327, 0, 4, 987),
(1328, 1329, 0, 24, 989),
(1330, 1331, 0, 119, 991),
(1332, 1333, 0, 71, 993),
(1334, 1335, 0, 94, 995),
(1336, 1337, 0, 97, 997),
(1338, 1339, 0, 111, 999),
(1340, 1341, 0, 133, 1001),
(1342, 1343, 0, 137, 1003),
(1344, 1345, 0, 157, 1005),
(1346, 1347, 0, 168, 1007),
(1348, 1349, 0, 172, 1009),
(1350, 1351, 0, 184, 1011),
(1352, 1353, 0, 196, 1015),
(1354, 1355, 0, 208, 1017),
(1356, 1357, 0, 215, 1019),
(1358, 1359, 0, 221, 1021),
(1360, 1361, 0, 225, 1023),
(1362, 1363, 0, 231, 1025),
(1364, 1365, 0, 324, 1027),
(1366, 1367, 0, 353, 1029),
(1368, 1369, 0, 368, 1031),
(1370, 1371, 0, 377, 1033),
(1324, 1373, 1, 1, 1035),
(1326, 1373, 1, 4, 987),
(1328, 1373, 1, 24, 989),
(1330, 1373, 1, 119, 991),
(1332, 1373, 1, 71, 993),
(1334, 1373, 1, 94, 995),
(1336, 1373, 1, 97, 997),
(1338, 1373, 1, 111, 999),
(1340, 1373, 1, 133, 1001),
(1342, 1373, 1, 137, 1003),
(1344, 1373, 1, 157, 1005),
(1346, 1373, 1, 168, 1007),
(1348, 1373, 1, 172, 1009),
(1350, 1373, 1, 184, 1011),
(1352, 1373, 1, 196, 1015),
(1354, 1373, 1, 208, 1017),
(1356, 1373, 1, 215, 1019),
(1358, 1373, 1, 221, 1021),
(1360, 1373, 1, 225, 1023),
(1362, 1373, 1, 231, 1025),
(1364, 1373, 1, 324, 1027),
(1366, 1373, 1, 353, 1029),
(1368, 1373, 1, 368, 1031),
(1370, 1373, 1, 377, 1033),
(1374, 1375, 0, 1, 1218),
(1376, 1377, 0, 3, 1220),
(1378, 1379, 0, 1281, 1222),
(1380, 1381, 0, 119, 1224),
(1382, 1383, 0, 84, 1226),
(1384, 1385, 0, 88, 1228),
(1386, 1387, 0, 97, 1230),
(1388, 1389, 0, 111, 1232),
(1390, 1391, 0, 133, 1234),
(1392, 1393, 0, 137, 1236),
(1394, 1395, 0, 157, 1238),
(1396, 1397, 0, 168, 1240),
(1398, 1399, 0, 172, 1242),
(1400, 1401, 0, 184, 1244),
(1402, 1403, 0, 202, 1246),
(1404, 1405, 0, 208, 1248),
(1406, 1407, 0, 215, 1250),
(1408, 1409, 0, 221, 1252),
(1410, 1411, 0, 225, 1254),
(1412, 1413, 0, 231, 1256),
(1414, 1415, 0, 324, 1258),
(1416, 1417, 0, 353, 1260),
(1418, 1419, 0, 368, 1262),
(1420, 1421, 0, 377, 1264),
(1374, 1423, 1, 1, 1218),
(1376, 1423, 1, 3, 1220),
(1378, 1423, 1, 1281, 1222),
(1380, 1423, 1, 119, 1224),
(1382, 1423, 1, 84, 1226),
(1384, 1423, 1, 88, 1228),
(1386, 1423, 1, 97, 1230),
(1388, 1423, 1, 111, 1232),
(1390, 1423, 1, 133, 1234),
(1392, 1423, 1, 137, 1236),
(1394, 1423, 1, 157, 1238),
(1396, 1423, 1, 168, 1240),
(1398, 1423, 1, 172, 1242),
(1400, 1423, 1, 184, 1244),
(1402, 1423, 1, 202, 1246),
(1404, 1423, 1, 208, 1248),
(1406, 1423, 1, 215, 1250);        
INSERT INTO PUBLIC.ORDER_FEATURE_AUD(ID, REV, REVTYPE, FEATURE_ID, PRODUCT_FEATURE_ID) VALUES
(1408, 1423, 1, 221, 1252),
(1410, 1423, 1, 225, 1254),
(1412, 1423, 1, 231, 1256),
(1414, 1423, 1, 324, 1258),
(1416, 1423, 1, 353, 1260),
(1418, 1423, 1, 368, 1262),
(1420, 1423, 1, 377, 1264),
(1324, 1424, 1, 1, 1035),
(1326, 1424, 1, 4, 987),
(1328, 1424, 1, 24, 989),
(1330, 1424, 1, 119, 991),
(1332, 1424, 1, 71, 993),
(1334, 1424, 1, 94, 995),
(1336, 1424, 1, 97, 997),
(1338, 1424, 1, 111, 999),
(1340, 1424, 1, 133, 1001),
(1342, 1424, 1, 137, 1003),
(1344, 1424, 1, 157, 1005),
(1346, 1424, 1, 168, 1007),
(1348, 1424, 1, 172, 1009),
(1350, 1424, 1, 184, 1011),
(1352, 1424, 1, 196, 1015),
(1354, 1424, 1, 208, 1017),
(1356, 1424, 1, 215, 1019),
(1358, 1424, 1, 221, 1021),
(1360, 1424, 1, 225, 1023),
(1362, 1424, 1, 231, 1025),
(1364, 1424, 1, 324, 1027),
(1366, 1424, 1, 353, 1029),
(1368, 1424, 1, 368, 1031),
(1370, 1424, 1, 377, 1033),
(1425, 1426, 0, 1, 1035),
(1427, 1428, 0, 4, 987),
(1429, 1430, 0, 24, 989),
(1431, 1432, 0, 119, 991),
(1433, 1434, 0, 71, 993),
(1435, 1436, 0, 88, 995),
(1437, 1438, 0, 97, 997),
(1439, 1440, 0, 111, 999),
(1441, 1442, 0, 122, 1001),
(1443, 1444, 0, 137, 1003),
(1445, 1446, 0, 161, 1005),
(1447, 1448, 0, 168, 1007),
(1449, 1450, 0, 172, 1009),
(1451, 1452, 0, 184, 1011),
(1453, 1454, 0, 196, 1015),
(1455, 1456, 0, 208, 1017),
(1457, 1458, 0, 215, 1019),
(1459, 1460, 0, 221, 1021),
(1461, 1462, 0, 225, 1023),
(1463, 1464, 0, 231, 1025),
(1465, 1466, 0, 324, 1027),
(1467, 1468, 0, 353, 1029),
(1469, 1470, 0, 368, 1031),
(1471, 1472, 0, 377, 1033),
(1425, 1474, 1, 1, 1035),
(1427, 1474, 1, 4, 987),
(1429, 1474, 1, 24, 989),
(1431, 1474, 1, 119, 991),
(1433, 1474, 1, 71, 993),
(1435, 1474, 1, 88, 995),
(1437, 1474, 1, 97, 997),
(1439, 1474, 1, 111, 999),
(1441, 1474, 1, 122, 1001),
(1443, 1474, 1, 137, 1003),
(1445, 1474, 1, 161, 1005),
(1447, 1474, 1, 168, 1007),
(1449, 1474, 1, 172, 1009),
(1451, 1474, 1, 184, 1011),
(1453, 1474, 1, 196, 1015),
(1455, 1474, 1, 208, 1017),
(1457, 1474, 1, 215, 1019),
(1459, 1474, 1, 221, 1021),
(1461, 1474, 1, 225, 1023),
(1463, 1474, 1, 231, 1025),
(1465, 1474, 1, 324, 1027),
(1467, 1474, 1, 353, 1029),
(1469, 1474, 1, 368, 1031),
(1471, 1474, 1, 377, 1033),
(1386, 1510, 1, 101, 1230),
(1410, 1511, 1, 227, 1254),
(1392, 1512, 1, 148, 1236),
(1412, 1513, 1, 247, 1256),
(1392, 1515, 1, 141, 1236),
(1390, 1516, 1, 130, 1234),
(1517, 1518, 0, 94, 995),
(1519, 1520, 0, 108, 997),
(1521, 1522, 0, 111, 999),
(1523, 1524, 0, 133, 1001),
(1525, 1526, 0, 137, 1003),
(1527, 1528, 0, 157, 1005),
(1529, 1530, 0, 172, 1009),
(1531, 1532, 0, 184, 1011),
(1533, 1534, 0, 196, 1015),
(1535, 1536, 0, 208, 1017),
(1537, 1538, 0, 215, 1019),
(1539, 1540, 0, 221, 1021),
(1541, 1542, 0, 225, 1023),
(1543, 1544, 0, 231, 1025),
(1545, 1546, 0, 324, 1027),
(1547, 1548, 0, 353, 1029),
(1549, 1550, 0, 368, 1031),
(1551, 1552, 0, 377, 1033),
(1517, 1554, 1, 94, 995),
(1519, 1554, 1, 108, 997),
(1521, 1554, 1, 111, 999),
(1523, 1554, 1, 133, 1001),
(1525, 1554, 1, 137, 1003),
(1527, 1554, 1, 157, 1005),
(1529, 1554, 1, 172, 1009),
(1531, 1554, 1, 184, 1011),
(1533, 1554, 1, 196, 1015),
(1535, 1554, 1, 208, 1017),
(1537, 1554, 1, 215, 1019),
(1539, 1554, 1, 221, 1021),
(1541, 1554, 1, 225, 1023),
(1543, 1554, 1, 231, 1025),
(1545, 1554, 1, 324, 1027),
(1547, 1554, 1, 353, 1029),
(1549, 1554, 1, 368, 1031),
(1551, 1554, 1, 377, 1033),
(1517, 1555, 1, 94, 995),
(1519, 1555, 1, 108, 997),
(1521, 1555, 1, 111, 999),
(1523, 1555, 1, 133, 1001),
(1525, 1555, 1, 137, 1003),
(1527, 1555, 1, 157, 1005),
(1529, 1555, 1, 172, 1009),
(1531, 1555, 1, 184, 1011),
(1533, 1555, 1, 196, 1015),
(1535, 1555, 1, 208, 1017),
(1537, 1555, 1, 215, 1019),
(1539, 1555, 1, 221, 1021),
(1541, 1555, 1, 225, 1023),
(1543, 1555, 1, 231, 1025),
(1545, 1555, 1, 324, 1027),
(1547, 1555, 1, 353, 1029),
(1549, 1555, 1, 368, 1031),
(1551, 1555, 1, 377, 1033),
(1556, 1557, 0, 1, 1035),
(1558, 1559, 0, 4, 987),
(1560, 1561, 0, 24, 989),
(1562, 1563, 0, 119, 991),
(1564, 1565, 0, 71, 993),
(1566, 1567, 0, 94, 995),
(1568, 1569, 0, 108, 997);
INSERT INTO PUBLIC.ORDER_FEATURE_AUD(ID, REV, REVTYPE, FEATURE_ID, PRODUCT_FEATURE_ID) VALUES
(1570, 1571, 0, 111, 999),
(1572, 1573, 0, 133, 1001),
(1574, 1575, 0, 137, 1003),
(1576, 1577, 0, 157, 1005),
(1578, 1579, 0, 168, 1007),
(1580, 1581, 0, 172, 1009),
(1582, 1583, 0, 184, 1011),
(1584, 1585, 0, 196, 1015),
(1586, 1587, 0, 208, 1017),
(1588, 1589, 0, 215, 1019),
(1590, 1591, 0, 221, 1021),
(1592, 1593, 0, 225, 1023),
(1594, 1595, 0, 231, 1025),
(1596, 1597, 0, 324, 1027),
(1598, 1599, 0, 353, 1029),
(1600, 1601, 0, 368, 1031),
(1602, 1603, 0, 377, 1033),
(1556, 1605, 1, 1, 1035),
(1558, 1605, 1, 4, 987),
(1560, 1605, 1, 24, 989),
(1562, 1605, 1, 119, 991),
(1564, 1605, 1, 71, 993),
(1566, 1605, 1, 94, 995),
(1568, 1605, 1, 108, 997),
(1570, 1605, 1, 111, 999),
(1572, 1605, 1, 133, 1001),
(1574, 1605, 1, 137, 1003),
(1576, 1605, 1, 157, 1005),
(1578, 1605, 1, 168, 1007),
(1580, 1605, 1, 172, 1009),
(1582, 1605, 1, 184, 1011),
(1584, 1605, 1, 196, 1015),
(1586, 1605, 1, 208, 1017),
(1588, 1605, 1, 215, 1019),
(1590, 1605, 1, 221, 1021),
(1592, 1605, 1, 225, 1023),
(1594, 1605, 1, 231, 1025),
(1596, 1605, 1, 324, 1027),
(1598, 1605, 1, 353, 1029),
(1600, 1605, 1, 368, 1031),
(1602, 1605, 1, 377, 1033),
(1568, 1606, 1, 99, 997),
(1566, 1607, 1, 92, 995),
(1566, 1608, 1, 88, 995),
(1566, 1640, 1, 92, 995),
(1641, 1642, 0, 1, 1035),
(1643, 1644, 0, 4, 987),
(1645, 1646, 0, 24, 989),
(1647, 1648, 0, 119, 991),
(1649, 1650, 0, 71, 993),
(1651, 1652, 0, 94, 995),
(1653, 1654, 0, 97, 997),
(1655, 1656, 0, 111, 999),
(1657, 1658, 0, 133, 1001),
(1659, 1660, 0, 137, 1003),
(1661, 1662, 0, 157, 1005),
(1663, 1664, 0, 168, 1007),
(1665, 1666, 0, 172, 1009),
(1667, 1668, 0, 184, 1011),
(1669, 1670, 0, 198, 1015),
(1671, 1672, 0, 208, 1017),
(1673, 1674, 0, 215, 1019),
(1675, 1676, 0, 221, 1021),
(1677, 1678, 0, 225, 1023),
(1679, 1680, 0, 231, 1025),
(1681, 1682, 0, 324, 1027),
(1683, 1684, 0, 353, 1029),
(1685, 1686, 0, 368, 1031),
(1687, 1688, 0, 377, 1033),
(1689, 1690, 0, 1, 1035),
(1691, 1692, 0, 4, 987),
(1693, 1694, 0, 24, 989),
(1695, 1696, 0, 119, 991),
(1697, 1698, 0, 71, 993),
(1699, 1700, 0, 94, 995),
(1701, 1702, 0, 97, 997),
(1703, 1704, 0, 111, 999),
(1705, 1706, 0, 133, 1001),
(1707, 1708, 0, 137, 1003),
(1709, 1710, 0, 157, 1005),
(1711, 1712, 0, 168, 1007),
(1713, 1714, 0, 172, 1009),
(1715, 1716, 0, 184, 1011),
(1717, 1718, 0, 198, 1015),
(1719, 1720, 0, 208, 1017),
(1721, 1722, 0, 215, 1019),
(1723, 1724, 0, 221, 1021),
(1725, 1726, 0, 225, 1023),
(1727, 1728, 0, 231, 1025),
(1729, 1730, 0, 324, 1027),
(1731, 1732, 0, 353, 1029),
(1733, 1734, 0, 368, 1031),
(1735, 1736, 0, 377, 1033),
(1737, 1738, 0, 1, 1035),
(1739, 1740, 0, 4, 987),
(1741, 1742, 0, 24, 989),
(1743, 1744, 0, 119, 991),
(1745, 1746, 0, 71, 993),
(1747, 1748, 0, 94, 995),
(1749, 1750, 0, 97, 997),
(1751, 1752, 0, 111, 999),
(1753, 1754, 0, 133, 1001),
(1755, 1756, 0, 137, 1003),
(1757, 1758, 0, 157, 1005),
(1759, 1760, 0, 168, 1007),
(1761, 1762, 0, 172, 1009),
(1763, 1764, 0, 184, 1011),
(1765, 1766, 0, 196, 1015),
(1767, 1768, 0, 208, 1017),
(1769, 1770, 0, 215, 1019),
(1771, 1772, 0, 221, 1021),
(1773, 1774, 0, 225, 1023),
(1775, 1776, 0, 231, 1025),
(1777, 1778, 0, 324, 1027),
(1779, 1780, 0, 353, 1029),
(1781, 1782, 0, 368, 1031),
(1783, 1784, 0, 375, 1033),
(1785, 1786, 0, 1, 1035),
(1787, 1788, 0, 4, 987),
(1789, 1790, 0, 24, 989),
(1791, 1792, 0, 119, 991),
(1793, 1794, 0, 71, 993),
(1795, 1796, 0, 94, 995),
(1797, 1798, 0, 97, 997),
(1799, 1800, 0, 111, 999),
(1801, 1802, 0, 133, 1001),
(1803, 1804, 0, 137, 1003),
(1805, 1806, 0, 157, 1005),
(1807, 1808, 0, 168, 1007),
(1809, 1810, 0, 172, 1009),
(1811, 1812, 0, 184, 1011),
(1813, 1814, 0, 196, 1015),
(1815, 1816, 0, 208, 1017),
(1817, 1818, 0, 215, 1019),
(1819, 1820, 0, 221, 1021),
(1821, 1822, 0, 225, 1023),
(1823, 1824, 0, 231, 1025),
(1825, 1826, 0, 324, 1027),
(1827, 1828, 0, 353, 1029),
(1829, 1830, 0, 368, 1031),
(1831, 1832, 0, 375, 1033),
(1833, 1834, 0, 1, 1035),
(1835, 1836, 0, 4, 987),
(1837, 1838, 0, 24, 989),
(1839, 1840, 0, 119, 991),
(1841, 1842, 0, 71, 993),
(1843, 1844, 0, 94, 995);             
INSERT INTO PUBLIC.ORDER_FEATURE_AUD(ID, REV, REVTYPE, FEATURE_ID, PRODUCT_FEATURE_ID) VALUES
(1845, 1846, 0, 97, 997),
(1847, 1848, 0, 111, 999),
(1849, 1850, 0, 133, 1001),
(1851, 1852, 0, 137, 1003),
(1853, 1854, 0, 157, 1005),
(1855, 1856, 0, 168, 1007),
(1857, 1858, 0, 172, 1009),
(1859, 1860, 0, 184, 1011),
(1861, 1862, 0, 196, 1015),
(1863, 1864, 0, 208, 1017),
(1865, 1866, 0, 215, 1019),
(1867, 1868, 0, 221, 1021),
(1869, 1870, 0, 225, 1023),
(1871, 1872, 0, 231, 1025),
(1873, 1874, 0, 324, 1027),
(1875, 1876, 0, 353, 1029),
(1877, 1878, 0, 368, 1031),
(1879, 1880, 0, 375, 1033),
(1881, 1882, 0, 1, 1035),
(1883, 1884, 0, 4, 987),
(1885, 1886, 0, 24, 989),
(1887, 1888, 0, 119, 991),
(1889, 1890, 0, 71, 993),
(1891, 1892, 0, 94, 995),
(1893, 1894, 0, 97, 997),
(1895, 1896, 0, 111, 999),
(1897, 1898, 0, 133, 1001),
(1899, 1900, 0, 137, 1003),
(1901, 1902, 0, 157, 1005),
(1903, 1904, 0, 168, 1007),
(1905, 1906, 0, 172, 1009),
(1907, 1908, 0, 184, 1011),
(1909, 1910, 0, 196, 1015),
(1911, 1912, 0, 208, 1017),
(1913, 1914, 0, 215, 1019),
(1915, 1916, 0, 221, 1021),
(1917, 1918, 0, 227, 1023),
(1919, 1920, 0, 231, 1025),
(1921, 1922, 0, 324, 1027),
(1923, 1924, 0, 353, 1029),
(1925, 1926, 0, 368, 1031),
(1927, 1928, 0, 377, 1033),
(1929, 1930, 0, 1, 1035),
(1931, 1932, 0, 4, 987),
(1933, 1934, 0, 24, 989),
(1935, 1936, 0, 119, 991),
(1937, 1938, 0, 71, 993),
(1939, 1940, 0, 94, 995),
(1941, 1942, 0, 97, 997),
(1943, 1944, 0, 111, 999),
(1945, 1946, 0, 133, 1001),
(1947, 1948, 0, 137, 1003),
(1949, 1950, 0, 157, 1005),
(1951, 1952, 0, 168, 1007),
(1953, 1954, 0, 172, 1009),
(1955, 1956, 0, 184, 1011),
(1957, 1958, 0, 196, 1015),
(1959, 1960, 0, 208, 1017),
(1961, 1962, 0, 215, 1019),
(1963, 1964, 0, 221, 1021),
(1965, 1966, 0, 227, 1023),
(1967, 1968, 0, 231, 1025),
(1969, 1970, 0, 324, 1027),
(1971, 1972, 0, 353, 1029),
(1973, 1974, 0, 368, 1031),
(1975, 1976, 0, 377, 1033),
(1977, 1978, 0, 1, 1035),
(1979, 1980, 0, 4, 987),
(1981, 1982, 0, 24, 989),
(1983, 1984, 0, 119, 991),
(1985, 1986, 0, 71, 993),
(1987, 1988, 0, 94, 995),
(1989, 1990, 0, 97, 997),
(1991, 1992, 0, 111, 999),
(1993, 1994, 0, 133, 1001),
(1995, 1996, 0, 137, 1003),
(1997, 1998, 0, 157, 1005),
(1999, 2000, 0, 168, 1007),
(2001, 2002, 0, 172, 1009),
(2003, 2004, 0, 184, 1011),
(2005, 2006, 0, 196, 1015),
(2007, 2008, 0, 208, 1017),
(2009, 2010, 0, 215, 1019),
(2011, 2012, 0, 221, 1021),
(2013, 2014, 0, 227, 1023),
(2015, 2016, 0, 231, 1025),
(2017, 2018, 0, 324, 1027),
(2019, 2020, 0, 353, 1029),
(2021, 2022, 0, 368, 1031),
(2023, 2024, 0, 377, 1033),
(2025, 2026, 0, 1, 1035),
(2027, 2028, 0, 4, 987),
(2029, 2030, 0, 24, 989),
(2031, 2032, 0, 119, 991),
(2033, 2034, 0, 71, 993),
(2035, 2036, 0, 94, 995),
(2037, 2038, 0, 97, 997),
(2039, 2040, 0, 111, 999),
(2041, 2042, 0, 133, 1001),
(2043, 2044, 0, 137, 1003),
(2045, 2046, 0, 157, 1005),
(2047, 2048, 0, 168, 1007),
(2049, 2050, 0, 172, 1009),
(2051, 2052, 0, 184, 1011),
(2053, 2054, 0, 196, 1015),
(2055, 2056, 0, 208, 1017),
(2057, 2058, 0, 215, 1019),
(2059, 2060, 0, 221, 1021),
(2061, 2062, 0, 227, 1023),
(2063, 2064, 0, 231, 1025),
(2065, 2066, 0, 324, 1027),
(2067, 2068, 0, 353, 1029),
(2069, 2070, 0, 368, 1031),
(2071, 2072, 0, 377, 1033),
(2073, 2074, 0, 1, 1035),
(2075, 2076, 0, 4, 987),
(2077, 2078, 0, 24, 989),
(2079, 2080, 0, 119, 991),
(2081, 2082, 0, 71, 993),
(2083, 2084, 0, 94, 995),
(2085, 2086, 0, 97, 997),
(2087, 2088, 0, 111, 999),
(2089, 2090, 0, 133, 1001),
(2091, 2092, 0, 137, 1003),
(2093, 2094, 0, 157, 1005),
(2095, 2096, 0, 168, 1007),
(2097, 2098, 0, 172, 1009),
(2099, 2100, 0, 184, 1011),
(2101, 2102, 0, 196, 1015),
(2103, 2104, 0, 208, 1017),
(2105, 2106, 0, 215, 1019),
(2107, 2108, 0, 221, 1021),
(2109, 2110, 0, 227, 1023),
(2111, 2112, 0, 231, 1025),
(2113, 2114, 0, 324, 1027),
(2115, 2116, 0, 353, 1029),
(2117, 2118, 0, 368, 1031),
(2119, 2120, 0, 377, 1033),
(2121, 2122, 0, 1, 1035),
(2123, 2124, 0, 4, 987),
(2125, 2126, 0, 24, 989),
(2127, 2128, 0, 119, 991),
(2129, 2130, 0, 71, 993),
(2131, 2132, 0, 94, 995),
(2133, 2134, 0, 97, 997),
(2135, 2136, 0, 111, 999),
(2137, 2138, 0, 133, 1001);           
INSERT INTO PUBLIC.ORDER_FEATURE_AUD(ID, REV, REVTYPE, FEATURE_ID, PRODUCT_FEATURE_ID) VALUES
(2139, 2140, 0, 137, 1003),
(2141, 2142, 0, 157, 1005),
(2143, 2144, 0, 168, 1007),
(2145, 2146, 0, 172, 1009),
(2147, 2148, 0, 184, 1011),
(2149, 2150, 0, 196, 1015),
(2151, 2152, 0, 208, 1017),
(2153, 2154, 0, 215, 1019),
(2155, 2156, 0, 221, 1021),
(2157, 2158, 0, 225, 1023),
(2159, 2160, 0, 231, 1025),
(2161, 2162, 0, 324, 1027),
(2163, 2164, 0, 353, 1029),
(2165, 2166, 0, 368, 1031),
(2167, 2168, 0, 375, 1033),
(2169, 2170, 0, 1, 1035),
(2171, 2172, 0, 4, 987),
(2173, 2174, 0, 24, 989),
(2175, 2176, 0, 119, 991),
(2177, 2178, 0, 71, 993),
(2179, 2180, 0, 94, 995),
(2181, 2182, 0, 97, 997),
(2183, 2184, 0, 111, 999),
(2185, 2186, 0, 133, 1001),
(2187, 2188, 0, 137, 1003),
(2189, 2190, 0, 157, 1005),
(2191, 2192, 0, 168, 1007),
(2193, 2194, 0, 172, 1009),
(2195, 2196, 0, 184, 1011),
(2197, 2198, 0, 196, 1015),
(2199, 2200, 0, 208, 1017),
(2201, 2202, 0, 215, 1019),
(2203, 2204, 0, 221, 1021),
(2205, 2206, 0, 225, 1023),
(2207, 2208, 0, 231, 1025),
(2209, 2210, 0, 324, 1027),
(2211, 2212, 0, 353, 1029),
(2213, 2214, 0, 368, 1031),
(2215, 2216, 0, 375, 1033),
(2169, 2218, 1, 1, 1035),
(2171, 2218, 1, 4, 987),
(2173, 2218, 1, 24, 989),
(2175, 2218, 1, 119, 991),
(2177, 2218, 1, 71, 993),
(2179, 2218, 1, 94, 995),
(2181, 2218, 1, 97, 997),
(2183, 2218, 1, 111, 999),
(2185, 2218, 1, 133, 1001),
(2187, 2218, 1, 137, 1003),
(2189, 2218, 1, 157, 1005),
(2191, 2218, 1, 168, 1007),
(2193, 2218, 1, 172, 1009),
(2195, 2218, 1, 184, 1011),
(2197, 2218, 1, 196, 1015),
(2199, 2218, 1, 208, 1017),
(2201, 2218, 1, 215, 1019),
(2203, 2218, 1, 221, 1021),
(2205, 2218, 1, 225, 1023),
(2207, 2218, 1, 231, 1025),
(2209, 2218, 1, 324, 1027),
(2211, 2218, 1, 353, 1029),
(2213, 2218, 1, 368, 1031),
(2215, 2218, 1, 375, 1033),
(2221, 2222, 0, 1, 1035),
(2223, 2224, 0, 4, 987),
(2225, 2226, 0, 24, 989),
(2227, 2228, 0, 119, 991),
(2229, 2230, 0, 71, 993),
(2231, 2232, 0, 94, 995),
(2233, 2234, 0, 97, 997),
(2235, 2236, 0, 111, 999),
(2237, 2238, 0, 133, 1001),
(2239, 2240, 0, 137, 1003),
(2241, 2242, 0, 157, 1005),
(2243, 2244, 0, 168, 1007),
(2245, 2246, 0, 172, 1009),
(2247, 2248, 0, 184, 1011),
(2249, 2250, 0, 196, 1015),
(2251, 2252, 0, 208, 1017),
(2253, 2254, 0, 213, 1019),
(2255, 2256, 0, 221, 1021),
(2257, 2258, 0, 225, 1023),
(2259, 2260, 0, 231, 1025),
(2261, 2262, 0, 324, 1027),
(2263, 2264, 0, 353, 1029),
(2265, 2266, 0, 368, 1031),
(2267, 2268, 0, 377, 1033),
(2221, 2270, 1, 1, 1035),
(2223, 2270, 1, 4, 987),
(2225, 2270, 1, 24, 989),
(2227, 2270, 1, 119, 991),
(2229, 2270, 1, 71, 993),
(2231, 2270, 1, 94, 995),
(2233, 2270, 1, 97, 997),
(2235, 2270, 1, 111, 999),
(2237, 2270, 1, 133, 1001),
(2239, 2270, 1, 137, 1003),
(2241, 2270, 1, 157, 1005),
(2243, 2270, 1, 168, 1007),
(2245, 2270, 1, 172, 1009),
(2247, 2270, 1, 184, 1011),
(2249, 2270, 1, 196, 1015),
(2251, 2270, 1, 208, 1017),
(2253, 2270, 1, 213, 1019),
(2255, 2270, 1, 221, 1021),
(2257, 2270, 1, 225, 1023),
(2259, 2270, 1, 231, 1025),
(2261, 2270, 1, 324, 1027),
(2263, 2270, 1, 353, 1029),
(2265, 2270, 1, 368, 1031),
(2267, 2270, 1, 377, 1033),
(2271, 2272, 0, 1, 1035),
(2273, 2274, 0, 4, 987),
(2275, 2276, 0, 24, 989),
(2277, 2278, 0, 119, 991),
(2279, 2280, 0, 71, 993),
(2281, 2282, 0, 94, 995),
(2283, 2284, 0, 97, 997),
(2285, 2286, 0, 111, 999),
(2287, 2288, 0, 133, 1001),
(2289, 2290, 0, 137, 1003),
(2291, 2292, 0, 157, 1005),
(2293, 2294, 0, 168, 1007),
(2295, 2296, 0, 172, 1009),
(2297, 2298, 0, 184, 1011),
(2299, 2300, 0, 196, 1015),
(2301, 2302, 0, 208, 1017),
(2303, 2304, 0, 215, 1019),
(2305, 2306, 0, 221, 1021),
(2307, 2308, 0, 225, 1023),
(2309, 2310, 0, 231, 1025),
(2311, 2312, 0, 324, 1027),
(2313, 2314, 0, 353, 1029),
(2315, 2316, 0, 372, 1031),
(2317, 2318, 0, 377, 1033),
(2221, 2320, 1, 1, 1035),
(2223, 2320, 1, 4, 987),
(2225, 2320, 1, 24, 989),
(2227, 2320, 1, 119, 991),
(2229, 2320, 1, 71, 993),
(2231, 2320, 1, 94, 995),
(2233, 2320, 1, 97, 997),
(2235, 2320, 1, 111, 999),
(2237, 2320, 1, 133, 1001),
(2239, 2320, 1, 137, 1003),
(2241, 2320, 1, 157, 1005),
(2243, 2320, 1, 168, 1007);        
INSERT INTO PUBLIC.ORDER_FEATURE_AUD(ID, REV, REVTYPE, FEATURE_ID, PRODUCT_FEATURE_ID) VALUES
(2245, 2320, 1, 172, 1009),
(2247, 2320, 1, 184, 1011),
(2249, 2320, 1, 196, 1015),
(2251, 2320, 1, 208, 1017),
(2253, 2320, 1, 213, 1019),
(2255, 2320, 1, 221, 1021),
(2257, 2320, 1, 225, 1023),
(2259, 2320, 1, 231, 1025),
(2261, 2320, 1, 324, 1027),
(2263, 2320, 1, 353, 1029),
(2265, 2320, 1, 368, 1031),
(2267, 2320, 1, 377, 1033),
(2169, 2321, 1, 1, 1035),
(2171, 2321, 1, 4, 987),
(2173, 2321, 1, 24, 989),
(2175, 2321, 1, 119, 991),
(2177, 2321, 1, 71, 993),
(2179, 2321, 1, 94, 995),
(2181, 2321, 1, 97, 997),
(2183, 2321, 1, 111, 999),
(2185, 2321, 1, 133, 1001),
(2187, 2321, 1, 137, 1003),
(2189, 2321, 1, 157, 1005),
(2191, 2321, 1, 168, 1007),
(2193, 2321, 1, 172, 1009),
(2195, 2321, 1, 184, 1011),
(2197, 2321, 1, 196, 1015),
(2199, 2321, 1, 208, 1017),
(2201, 2321, 1, 215, 1019),
(2203, 2321, 1, 221, 1021),
(2205, 2321, 1, 225, 1023),
(2207, 2321, 1, 231, 1025),
(2209, 2321, 1, 324, 1027),
(2211, 2321, 1, 353, 1029),
(2213, 2321, 1, 368, 1031),
(2215, 2321, 1, 375, 1033),
(2322, 2323, 0, 1, 1035),
(2324, 2325, 0, 4, 987),
(2326, 2327, 0, 24, 989),
(2328, 2329, 0, 119, 991),
(2330, 2331, 0, 71, 993),
(2332, 2333, 0, 94, 995),
(2334, 2335, 0, 97, 997),
(2336, 2337, 0, 111, 999),
(2338, 2339, 0, 133, 1001),
(2340, 2341, 0, 137, 1003),
(2342, 2343, 0, 157, 1005),
(2344, 2345, 0, 168, 1007),
(2346, 2347, 0, 172, 1009),
(2348, 2349, 0, 184, 1011),
(2350, 2351, 0, 196, 1015),
(2352, 2353, 0, 208, 1017),
(2354, 2355, 0, 215, 1019),
(2356, 2357, 0, 219, 1021),
(2358, 2359, 0, 225, 1023),
(2360, 2361, 0, 231, 1025),
(2362, 2363, 0, 324, 1027),
(2364, 2365, 0, 353, 1029),
(2366, 2367, 0, 368, 1031),
(2368, 2369, 0, 377, 1033),
(2371, 2372, 0, 1, 1035),
(2373, 2374, 0, 4, 987),
(2375, 2376, 0, 24, 989),
(2377, 2378, 0, 119, 991),
(2379, 2380, 0, 71, 993),
(2381, 2382, 0, 94, 995),
(2383, 2384, 0, 97, 997),
(2385, 2386, 0, 111, 999),
(2387, 2388, 0, 133, 1001),
(2389, 2390, 0, 137, 1003),
(2391, 2392, 0, 157, 1005),
(2393, 2394, 0, 168, 1007),
(2395, 2396, 0, 172, 1009),
(2397, 2398, 0, 184, 1011),
(2399, 2400, 0, 196, 1015),
(2401, 2402, 0, 208, 1017),
(2403, 2404, 0, 215, 1019),
(2405, 2406, 0, 219, 1021),
(2407, 2408, 0, 225, 1023),
(2409, 2410, 0, 231, 1025),
(2411, 2412, 0, 324, 1027),
(2413, 2414, 0, 353, 1029),
(2415, 2416, 0, 368, 1031),
(2417, 2418, 0, 377, 1033),
(2371, 2420, 1, 1, 1035),
(2373, 2420, 1, 4, 987),
(2375, 2420, 1, 24, 989),
(2377, 2420, 1, 119, 991),
(2379, 2420, 1, 71, 993),
(2381, 2420, 1, 94, 995),
(2383, 2420, 1, 97, 997),
(2385, 2420, 1, 111, 999),
(2387, 2420, 1, 133, 1001),
(2389, 2420, 1, 137, 1003),
(2391, 2420, 1, 157, 1005),
(2393, 2420, 1, 168, 1007),
(2395, 2420, 1, 172, 1009),
(2397, 2420, 1, 184, 1011),
(2399, 2420, 1, 196, 1015),
(2401, 2420, 1, 208, 1017),
(2403, 2420, 1, 215, 1019),
(2405, 2420, 1, 219, 1021),
(2407, 2420, 1, 225, 1023),
(2409, 2420, 1, 231, 1025),
(2411, 2420, 1, 324, 1027),
(2413, 2420, 1, 353, 1029),
(2415, 2420, 1, 368, 1031),
(2417, 2420, 1, 377, 1033),
(1374, 2421, 1, 1, 1218),
(1376, 2421, 1, 3, 1220),
(1378, 2421, 1, 1281, 1222),
(1380, 2421, 1, 119, 1224),
(1382, 2421, 1, 84, 1226),
(1384, 2421, 1, 88, 1228),
(1386, 2421, 1, 101, 1230),
(1388, 2421, 1, 111, 1232),
(1390, 2421, 1, 130, 1234),
(1392, 2421, 1, 141, 1236),
(1394, 2421, 1, 157, 1238),
(1396, 2421, 1, 168, 1240),
(1398, 2421, 1, 172, 1242),
(1400, 2421, 1, 184, 1244),
(1402, 2421, 1, 202, 1246),
(1404, 2421, 1, 208, 1248),
(1406, 2421, 1, 215, 1250),
(1408, 2421, 1, 221, 1252),
(1410, 2421, 1, 227, 1254),
(1412, 2421, 1, 247, 1256),
(1414, 2421, 1, 324, 1258),
(1416, 2421, 1, 353, 1260),
(1418, 2421, 1, 368, 1262),
(1420, 2421, 1, 377, 1264),
(1425, 2422, 1, 1, 1035),
(1427, 2422, 1, 4, 987),
(1429, 2422, 1, 24, 989),
(1431, 2422, 1, 119, 991),
(1433, 2422, 1, 71, 993),
(1435, 2422, 1, 88, 995),
(1437, 2422, 1, 97, 997),
(1439, 2422, 1, 111, 999),
(1441, 2422, 1, 122, 1001),
(1443, 2422, 1, 137, 1003),
(1445, 2422, 1, 161, 1005),
(1447, 2422, 1, 168, 1007),
(1449, 2422, 1, 172, 1009),
(1451, 2422, 1, 184, 1011);          
INSERT INTO PUBLIC.ORDER_FEATURE_AUD(ID, REV, REVTYPE, FEATURE_ID, PRODUCT_FEATURE_ID) VALUES
(1453, 2422, 1, 196, 1015),
(1455, 2422, 1, 208, 1017),
(1457, 2422, 1, 215, 1019),
(1459, 2422, 1, 221, 1021),
(1461, 2422, 1, 225, 1023),
(1463, 2422, 1, 231, 1025),
(1465, 2422, 1, 324, 1027),
(1467, 2422, 1, 353, 1029),
(1469, 2422, 1, 368, 1031),
(1471, 2422, 1, 377, 1033),
(1556, 2423, 1, 1, 1035),
(1558, 2423, 1, 4, 987),
(1560, 2423, 1, 24, 989),
(1562, 2423, 1, 119, 991),
(1564, 2423, 1, 71, 993),
(1566, 2423, 1, 92, 995),
(1568, 2423, 1, 99, 997),
(1570, 2423, 1, 111, 999),
(1572, 2423, 1, 133, 1001),
(1574, 2423, 1, 137, 1003),
(1576, 2423, 1, 157, 1005),
(1578, 2423, 1, 168, 1007),
(1580, 2423, 1, 172, 1009),
(1582, 2423, 1, 184, 1011),
(1584, 2423, 1, 196, 1015),
(1586, 2423, 1, 208, 1017),
(1588, 2423, 1, 215, 1019),
(1590, 2423, 1, 221, 1021),
(1592, 2423, 1, 225, 1023),
(1594, 2423, 1, 231, 1025),
(1596, 2423, 1, 324, 1027),
(1598, 2423, 1, 353, 1029),
(1600, 2423, 1, 368, 1031),
(1602, 2423, 1, 377, 1033),
(2371, 2424, 1, 1, 1035),
(2373, 2424, 1, 4, 987),
(2375, 2424, 1, 24, 989),
(2377, 2424, 1, 119, 991),
(2379, 2424, 1, 71, 993),
(2381, 2424, 1, 94, 995),
(2383, 2424, 1, 97, 997),
(2385, 2424, 1, 111, 999),
(2387, 2424, 1, 133, 1001),
(2389, 2424, 1, 137, 1003),
(2391, 2424, 1, 157, 1005),
(2393, 2424, 1, 168, 1007),
(2395, 2424, 1, 172, 1009),
(2397, 2424, 1, 184, 1011),
(2399, 2424, 1, 196, 1015),
(2401, 2424, 1, 208, 1017),
(2403, 2424, 1, 215, 1019),
(2405, 2424, 1, 219, 1021),
(2407, 2424, 1, 225, 1023),
(2409, 2424, 1, 231, 1025),
(2411, 2424, 1, 324, 1027),
(2413, 2424, 1, 353, 1029),
(2415, 2424, 1, 368, 1031),
(2417, 2424, 1, 377, 1033),
(2425, 2426, 0, 1, 1035),
(2427, 2428, 0, 4, 987),
(2429, 2430, 0, 24, 989),
(2431, 2432, 0, 119, 991),
(2433, 2434, 0, 71, 993),
(2435, 2436, 0, 94, 995),
(2437, 2438, 0, 97, 997),
(2439, 2440, 0, 111, 999),
(2441, 2442, 0, 133, 1001),
(2443, 2444, 0, 137, 1003),
(2445, 2446, 0, 157, 1005),
(2447, 2448, 0, 168, 1007),
(2449, 2450, 0, 172, 1009),
(2451, 2452, 0, 184, 1011),
(2453, 2454, 0, 196, 1015),
(2455, 2456, 0, 208, 1017),
(2457, 2458, 0, 215, 1019),
(2459, 2460, 0, 221, 1021),
(2461, 2462, 0, 225, 1023),
(2463, 2464, 0, 231, 1025),
(2465, 2466, 0, 324, 1027),
(2467, 2468, 0, 353, 1029),
(2469, 2470, 0, 368, 1031),
(2471, 2472, 0, 377, 1033),
(2425, 2474, 1, 1, 1035),
(2427, 2474, 1, 4, 987),
(2429, 2474, 1, 24, 989),
(2431, 2474, 1, 119, 991),
(2433, 2474, 1, 71, 993),
(2435, 2474, 1, 94, 995),
(2437, 2474, 1, 97, 997),
(2439, 2474, 1, 111, 999),
(2441, 2474, 1, 133, 1001),
(2443, 2474, 1, 137, 1003),
(2445, 2474, 1, 157, 1005),
(2447, 2474, 1, 168, 1007),
(2449, 2474, 1, 172, 1009),
(2451, 2474, 1, 184, 1011),
(2453, 2474, 1, 196, 1015),
(2455, 2474, 1, 208, 1017),
(2457, 2474, 1, 215, 1019),
(2459, 2474, 1, 221, 1021),
(2461, 2474, 1, 225, 1023),
(2463, 2474, 1, 231, 1025),
(2465, 2474, 1, 324, 1027),
(2467, 2474, 1, 353, 1029),
(2469, 2474, 1, 368, 1031),
(2471, 2474, 1, 377, 1033),
(2476, 2477, 0, 1, 1035),
(2478, 2479, 0, 4, 987),
(2480, 2481, 0, 24, 989),
(2482, 2483, 0, 119, 991),
(2484, 2485, 0, 71, 993),
(2486, 2487, 0, 94, 995),
(2488, 2489, 0, 97, 997),
(2490, 2491, 0, 111, 999),
(2492, 2493, 0, 133, 1001),
(2494, 2495, 0, 137, 1003),
(2496, 2497, 0, 157, 1005),
(2498, 2499, 0, 168, 1007),
(2500, 2501, 0, 172, 1009),
(2502, 2503, 0, 184, 1011),
(2504, 2505, 0, 196, 1015),
(2506, 2507, 0, 208, 1017),
(2508, 2509, 0, 215, 1019),
(2510, 2511, 0, 219, 1021),
(2512, 2513, 0, 225, 1023),
(2514, 2515, 0, 231, 1025),
(2516, 2517, 0, 324, 1027),
(2518, 2519, 0, 353, 1029),
(2520, 2521, 0, 368, 1031),
(2522, 2523, 0, 377, 1033),
(2540, 2541, 0, 1, 1035),
(2542, 2543, 0, 4, 987),
(2544, 2545, 0, 24, 989),
(2546, 2547, 0, 119, 991),
(2548, 2549, 0, 71, 993),
(2550, 2551, 0, 94, 995),
(2552, 2553, 0, 97, 997),
(2554, 2555, 0, 111, 999),
(2556, 2557, 0, 133, 1001),
(2558, 2559, 0, 137, 1003),
(2560, 2561, 0, 157, 1005),
(2562, 2563, 0, 168, 1007),
(2564, 2565, 0, 172, 1009),
(2566, 2567, 0, 184, 1011),
(2568, 2569, 0, 196, 1015),
(2570, 2571, 0, 208, 1017),
(2572, 2573, 0, 215, 1019);        
INSERT INTO PUBLIC.ORDER_FEATURE_AUD(ID, REV, REVTYPE, FEATURE_ID, PRODUCT_FEATURE_ID) VALUES
(2574, 2575, 0, 219, 1021),
(2576, 2577, 0, 225, 1023),
(2578, 2579, 0, 231, 1025),
(2580, 2581, 0, 324, 1027),
(2582, 2583, 0, 353, 1029),
(2584, 2585, 0, 368, 1031),
(2586, 2587, 0, 377, 1033),
(2604, 2605, 0, 1, 1035),
(2606, 2607, 0, 4, 987),
(2608, 2609, 0, 24, 989),
(2610, 2611, 0, 119, 991),
(2612, 2613, 0, 71, 993),
(2614, 2615, 0, 94, 995),
(2616, 2617, 0, 97, 997),
(2618, 2619, 0, 111, 999),
(2620, 2621, 0, 133, 1001),
(2622, 2623, 0, 137, 1003),
(2624, 2625, 0, 157, 1005),
(2626, 2627, 0, 168, 1007),
(2628, 2629, 0, 172, 1009),
(2630, 2631, 0, 184, 1011),
(2632, 2633, 0, 196, 1015),
(2634, 2635, 0, 208, 1017),
(2636, 2637, 0, 215, 1019),
(2638, 2639, 0, 219, 1021),
(2640, 2641, 0, 225, 1023),
(2642, 2643, 0, 231, 1025),
(2644, 2645, 0, 324, 1027),
(2646, 2647, 0, 353, 1029),
(2648, 2649, 0, 368, 1031),
(2650, 2651, 0, 377, 1033),
(2604, 2653, 1, 1, 1035),
(2606, 2653, 1, 4, 987),
(2608, 2653, 1, 24, 989),
(2610, 2653, 1, 119, 991),
(2612, 2653, 1, 71, 993),
(2614, 2653, 1, 94, 995),
(2616, 2653, 1, 97, 997),
(2618, 2653, 1, 111, 999),
(2620, 2653, 1, 133, 1001),
(2622, 2653, 1, 137, 1003),
(2624, 2653, 1, 157, 1005),
(2626, 2653, 1, 168, 1007),
(2628, 2653, 1, 172, 1009),
(2630, 2653, 1, 184, 1011),
(2632, 2653, 1, 196, 1015),
(2634, 2653, 1, 208, 1017),
(2636, 2653, 1, 215, 1019),
(2638, 2653, 1, 219, 1021),
(2640, 2653, 1, 225, 1023),
(2642, 2653, 1, 231, 1025),
(2644, 2653, 1, 324, 1027),
(2646, 2653, 1, 353, 1029),
(2648, 2653, 1, 368, 1031),
(2650, 2653, 1, 377, 1033),
(2624, 2655, 1, 165, 1005),
(2648, 2656, 1, 364, 1031),
(2614, 2690, 1, 92, 995),
(2622, 2692, 1, 148, 1003),
(2636, 2695, 1, 213, 1019),
(2648, 2697, 1, 372, 1031),
(2614, 2699, 1, 88, 995),
(2622, 2701, 1, 154, 1003),
(2702, 2703, 0, 1, 1035),
(2704, 2705, 0, 4, 987),
(2706, 2707, 0, 24, 989),
(2708, 2709, 0, 119, 991),
(2710, 2711, 0, 71, 993),
(2712, 2713, 0, 94, 995),
(2714, 2715, 0, 97, 997),
(2716, 2717, 0, 111, 999),
(2718, 2719, 0, 133, 1001),
(2720, 2721, 0, 152, 1003),
(2722, 2723, 0, 157, 1005),
(2724, 2725, 0, 168, 1007),
(2726, 2727, 0, 172, 1009),
(2728, 2729, 0, 184, 1011),
(2730, 2731, 0, 196, 1015),
(2732, 2733, 0, 208, 1017),
(2734, 2735, 0, 215, 1019),
(2736, 2737, 0, 221, 1021),
(2738, 2739, 0, 225, 1023),
(2740, 2741, 0, 231, 1025),
(2742, 2743, 0, 324, 1027),
(2744, 2745, 0, 353, 1029),
(2746, 2747, 0, 368, 1031),
(2748, 2749, 0, 377, 1033),
(2702, 2751, 1, 1, 1035),
(2704, 2751, 1, 4, 987),
(2706, 2751, 1, 24, 989),
(2708, 2751, 1, 119, 991),
(2710, 2751, 1, 71, 993),
(2712, 2751, 1, 94, 995),
(2714, 2751, 1, 97, 997),
(2716, 2751, 1, 111, 999),
(2718, 2751, 1, 133, 1001),
(2720, 2751, 1, 152, 1003),
(2722, 2751, 1, 157, 1005),
(2724, 2751, 1, 168, 1007),
(2726, 2751, 1, 172, 1009),
(2728, 2751, 1, 184, 1011),
(2730, 2751, 1, 196, 1015),
(2732, 2751, 1, 208, 1017),
(2734, 2751, 1, 215, 1019),
(2736, 2751, 1, 221, 1021),
(2738, 2751, 1, 225, 1023),
(2740, 2751, 1, 231, 1025),
(2742, 2751, 1, 324, 1027),
(2744, 2751, 1, 353, 1029),
(2746, 2751, 1, 368, 1031),
(2748, 2751, 1, 377, 1033),
(2716, 2753, 1, 113, 999),
(2728, 2756, 1, 182, 1011),
(2722, 2758, 1, 159, 1005),
(2732, 2759, 1, 206, 1017),
(2730, 2760, 1, 202, 1015),
(2726, 2762, 1, 174, 1009),
(2738, 2763, 1, 227, 1023),
(2744, 2764, 1, 359, 1029),
(2604, 2766, 1, 1, 1035),
(2606, 2766, 1, 4, 987),
(2608, 2766, 1, 24, 989),
(2610, 2766, 1, 119, 991),
(2612, 2766, 1, 71, 993),
(2614, 2766, 1, 88, 995),
(2616, 2766, 1, 97, 997),
(2618, 2766, 1, 111, 999),
(2620, 2766, 1, 133, 1001),
(2622, 2766, 1, 154, 1003),
(2624, 2766, 1, 165, 1005),
(2626, 2766, 1, 168, 1007),
(2628, 2766, 1, 172, 1009),
(2630, 2766, 1, 184, 1011),
(2632, 2766, 1, 196, 1015),
(2634, 2766, 1, 208, 1017),
(2636, 2766, 1, 213, 1019),
(2638, 2766, 1, 219, 1021),
(2640, 2766, 1, 225, 1023),
(2642, 2766, 1, 231, 1025),
(2644, 2766, 1, 324, 1027),
(2646, 2766, 1, 353, 1029),
(2648, 2766, 1, 372, 1031),
(2650, 2766, 1, 377, 1033),
(2714, 2769, 1, 101, 997),
(2746, 2772, 1, 372, 1031),
(2740, 2774, 1, 243, 1025);           
INSERT INTO PUBLIC.ORDER_FEATURE_AUD(ID, REV, REVTYPE, FEATURE_ID, PRODUCT_FEATURE_ID) VALUES
(2730, 2776, 1, 200, 1015),
(2730, 2808, 1, 202, 1015),
(2810, 2811, 0, 1, 1035),
(2812, 2813, 0, 4, 987),
(2814, 2815, 0, 24, 989),
(2816, 2817, 0, 119, 991),
(2818, 2819, 0, 71, 993),
(2820, 2821, 0, 94, 995),
(2822, 2823, 0, 101, 997),
(2824, 2825, 0, 111, 999),
(2826, 2827, 0, 133, 1001),
(2828, 2829, 0, 137, 1003),
(2830, 2831, 0, 157, 1005),
(2832, 2833, 0, 168, 1007),
(2834, 2835, 0, 172, 1009),
(2836, 2837, 0, 184, 1011),
(2838, 2839, 0, 196, 1015),
(2840, 2841, 0, 208, 1017),
(2842, 2843, 0, 215, 1019),
(2844, 2845, 0, 221, 1021),
(2846, 2847, 0, 225, 1023),
(2848, 2849, 0, 231, 1025),
(2850, 2851, 0, 324, 1027),
(2852, 2853, 0, 353, 1029),
(2854, 2855, 0, 368, 1031),
(2856, 2857, 0, 377, 1033),
(2810, 2859, 1, 1, 1035),
(2812, 2859, 1, 4, 987),
(2814, 2859, 1, 24, 989),
(2816, 2859, 1, 119, 991),
(2818, 2859, 1, 71, 993),
(2820, 2859, 1, 94, 995),
(2822, 2859, 1, 101, 997),
(2824, 2859, 1, 111, 999),
(2826, 2859, 1, 133, 1001),
(2828, 2859, 1, 137, 1003),
(2830, 2859, 1, 157, 1005),
(2832, 2859, 1, 168, 1007),
(2834, 2859, 1, 172, 1009),
(2836, 2859, 1, 184, 1011),
(2838, 2859, 1, 196, 1015),
(2840, 2859, 1, 208, 1017),
(2842, 2859, 1, 215, 1019),
(2844, 2859, 1, 221, 1021),
(2846, 2859, 1, 225, 1023),
(2848, 2859, 1, 231, 1025),
(2850, 2859, 1, 324, 1027),
(2852, 2859, 1, 353, 1029),
(2854, 2859, 1, 368, 1031),
(2856, 2859, 1, 377, 1033),
(2820, 2861, 1, 88, 995),
(2822, 2863, 1, 97, 997),
(2824, 2864, 1, 113, 999),
(2826, 2865, 1, 130, 1001),
(2822, 2867, 1, 101, 997),
(2824, 2868, 1, 111, 999),
(2822, 2870, 1, 97, 997),
(2820, 2871, 1, 94, 995),
(2824, 2872, 1, 113, 999),
(2826, 2873, 1, 122, 1001),
(2828, 2875, 1, 141, 1003),
(2826, 2876, 1, 133, 1001),
(2826, 2878, 1, 130, 1001),
(2879, 2880, 0, 1, 1035),
(2881, 2882, 0, 4, 987),
(2883, 2884, 0, 24, 989),
(2885, 2886, 0, 119, 991),
(2887, 2888, 0, 71, 993),
(2889, 2890, 0, 94, 995),
(2891, 2892, 0, 97, 997),
(2893, 2894, 0, 111, 999),
(2895, 2896, 0, 133, 1001),
(2897, 2898, 0, 137, 1003),
(2899, 2900, 0, 157, 1005),
(2901, 2902, 0, 168, 1007),
(2903, 2904, 0, 172, 1009),
(2905, 2906, 0, 184, 1011),
(2907, 2908, 0, 196, 1015),
(2909, 2910, 0, 208, 1017),
(2911, 2912, 0, 215, 1019),
(2913, 2914, 0, 221, 1021),
(2915, 2916, 0, 225, 1023),
(2917, 2918, 0, 231, 1025),
(2919, 2920, 0, 326, 1027),
(2921, 2922, 0, 353, 1029),
(2923, 2924, 0, 368, 1031),
(2925, 2926, 0, 377, 1033),
(2879, 2928, 1, 1, 1035),
(2881, 2928, 1, 4, 987),
(2883, 2928, 1, 24, 989),
(2885, 2928, 1, 119, 991),
(2887, 2928, 1, 71, 993),
(2889, 2928, 1, 94, 995),
(2891, 2928, 1, 97, 997),
(2893, 2928, 1, 111, 999),
(2895, 2928, 1, 133, 1001),
(2897, 2928, 1, 137, 1003),
(2899, 2928, 1, 157, 1005),
(2901, 2928, 1, 168, 1007),
(2903, 2928, 1, 172, 1009),
(2905, 2928, 1, 184, 1011),
(2907, 2928, 1, 196, 1015),
(2909, 2928, 1, 208, 1017),
(2911, 2928, 1, 215, 1019),
(2913, 2928, 1, 221, 1021),
(2915, 2928, 1, 225, 1023),
(2917, 2928, 1, 231, 1025),
(2919, 2928, 1, 326, 1027),
(2921, 2928, 1, 353, 1029),
(2923, 2928, 1, 368, 1031),
(2925, 2928, 1, 377, 1033),
(2929, 2930, 0, 1, 1035),
(2931, 2932, 0, 4, 987),
(2933, 2934, 0, 24, 989),
(2935, 2936, 0, 119, 991),
(2937, 2938, 0, 71, 993),
(2939, 2940, 0, 94, 995),
(2941, 2942, 0, 97, 997),
(2943, 2944, 0, 111, 999),
(2945, 2946, 0, 133, 1001),
(2947, 2948, 0, 137, 1003),
(2949, 2950, 0, 159, 1005),
(2951, 2952, 0, 168, 1007),
(2953, 2954, 0, 172, 1009),
(2955, 2956, 0, 184, 1011),
(2957, 2958, 0, 196, 1015),
(2959, 2960, 0, 208, 1017),
(2961, 2962, 0, 215, 1019),
(2963, 2964, 0, 221, 1021),
(2965, 2966, 0, 225, 1023),
(2967, 2968, 0, 231, 1025),
(2969, 2970, 0, 324, 1027),
(2971, 2972, 0, 353, 1029),
(2973, 2974, 0, 368, 1031),
(2975, 2976, 0, 377, 1033),
(2929, 2978, 1, 1, 1035),
(2931, 2978, 1, 4, 987),
(2933, 2978, 1, 24, 989),
(2935, 2978, 1, 119, 991),
(2937, 2978, 1, 71, 993),
(2939, 2978, 1, 94, 995),
(2941, 2978, 1, 97, 997),
(2943, 2978, 1, 111, 999),
(2945, 2978, 1, 133, 1001),
(2947, 2978, 1, 137, 1003),
(2949, 2978, 1, 159, 1005),
(2951, 2978, 1, 168, 1007);  
INSERT INTO PUBLIC.ORDER_FEATURE_AUD(ID, REV, REVTYPE, FEATURE_ID, PRODUCT_FEATURE_ID) VALUES
(2953, 2978, 1, 172, 1009),
(2955, 2978, 1, 184, 1011),
(2957, 2978, 1, 196, 1015),
(2959, 2978, 1, 208, 1017),
(2961, 2978, 1, 215, 1019),
(2963, 2978, 1, 221, 1021),
(2965, 2978, 1, 225, 1023),
(2967, 2978, 1, 231, 1025),
(2969, 2978, 1, 324, 1027),
(2971, 2978, 1, 353, 1029),
(2973, 2978, 1, 368, 1031),
(2975, 2978, 1, 377, 1033),
(2929, 2993, 1, 1, 1035),
(2931, 2993, 1, 4, 987),
(2933, 2993, 1, 24, 989),
(2935, 2993, 1, 119, 991),
(2937, 2993, 1, 71, 993),
(2939, 2993, 1, 94, 995),
(2941, 2993, 1, 97, 997),
(2943, 2993, 1, 111, 999),
(2945, 2993, 1, 133, 1001),
(2947, 2993, 1, 137, 1003),
(2949, 2993, 1, 159, 1005),
(2951, 2993, 1, 168, 1007),
(2953, 2993, 1, 172, 1009),
(2955, 2993, 1, 184, 1011),
(2957, 2993, 1, 196, 1015),
(2959, 2993, 1, 208, 1017),
(2961, 2993, 1, 215, 1019),
(2963, 2993, 1, 221, 1021),
(2965, 2993, 1, 225, 1023),
(2967, 2993, 1, 231, 1025),
(2969, 2993, 1, 324, 1027),
(2971, 2993, 1, 353, 1029),
(2973, 2993, 1, 368, 1031),
(2975, 2993, 1, 377, 1033),
(2994, 2995, 0, 1, 1035),
(2996, 2997, 0, 4, 987),
(2998, 2999, 0, 24, 989),
(3000, 3001, 0, 119, 991),
(3002, 3003, 0, 71, 993),
(3004, 3005, 0, 94, 995),
(3006, 3007, 0, 97, 997),
(3008, 3009, 0, 111, 999),
(3010, 3011, 0, 133, 1001),
(3012, 3013, 0, 137, 1003),
(3014, 3015, 0, 159, 1005),
(3016, 3017, 0, 168, 1007),
(3018, 3019, 0, 172, 1009),
(3020, 3021, 0, 184, 1011),
(3022, 3023, 0, 196, 1015),
(3024, 3025, 0, 208, 1017),
(3026, 3027, 0, 215, 1019),
(3028, 3029, 0, 221, 1021),
(3030, 3031, 0, 225, 1023),
(3032, 3033, 0, 231, 1025),
(3034, 3035, 0, 324, 1027),
(3036, 3037, 0, 353, 1029),
(3038, 3039, 0, 368, 1031),
(3040, 3041, 0, 377, 1033),
(2994, 3043, 1, 1, 1035),
(2996, 3043, 1, 4, 987),
(2998, 3043, 1, 24, 989),
(3000, 3043, 1, 119, 991),
(3002, 3043, 1, 71, 993),
(3004, 3043, 1, 94, 995),
(3006, 3043, 1, 97, 997),
(3008, 3043, 1, 111, 999),
(3010, 3043, 1, 133, 1001),
(3012, 3043, 1, 137, 1003),
(3014, 3043, 1, 159, 1005),
(3016, 3043, 1, 168, 1007),
(3018, 3043, 1, 172, 1009),
(3020, 3043, 1, 184, 1011),
(3022, 3043, 1, 196, 1015),
(3024, 3043, 1, 208, 1017),
(3026, 3043, 1, 215, 1019),
(3028, 3043, 1, 221, 1021),
(3030, 3043, 1, 225, 1023),
(3032, 3043, 1, 231, 1025),
(3034, 3043, 1, 324, 1027),
(3036, 3043, 1, 353, 1029),
(3038, 3043, 1, 368, 1031),
(3040, 3043, 1, 377, 1033),
(3004, 3045, 1, 92, 995),
(3038, 3046, 1, 364, 1031),
(3022, 3047, 1, 202, 1015),
(2810, 3048, 1, 1, 1035),
(2812, 3048, 1, 4, 987),
(2814, 3048, 1, 24, 989),
(2816, 3048, 1, 119, 991),
(2818, 3048, 1, 71, 993),
(2820, 3048, 1, 94, 995),
(2822, 3048, 1, 97, 997),
(2824, 3048, 1, 113, 999),
(2826, 3048, 1, 130, 1001),
(2828, 3048, 1, 141, 1003),
(2830, 3048, 1, 157, 1005),
(2832, 3048, 1, 168, 1007),
(2834, 3048, 1, 172, 1009),
(2836, 3048, 1, 184, 1011),
(2838, 3048, 1, 196, 1015),
(2840, 3048, 1, 208, 1017),
(2842, 3048, 1, 215, 1019),
(2844, 3048, 1, 221, 1021),
(2846, 3048, 1, 225, 1023),
(2848, 3048, 1, 231, 1025),
(2850, 3048, 1, 324, 1027),
(2852, 3048, 1, 353, 1029),
(2854, 3048, 1, 368, 1031),
(2856, 3048, 1, 377, 1033),
(2425, 3049, 1, 1, 1035),
(2427, 3049, 1, 4, 987),
(2429, 3049, 1, 24, 989),
(2431, 3049, 1, 119, 991),
(2433, 3049, 1, 71, 993),
(2435, 3049, 1, 94, 995),
(2437, 3049, 1, 97, 997),
(2439, 3049, 1, 111, 999),
(2441, 3049, 1, 133, 1001),
(2443, 3049, 1, 137, 1003),
(2445, 3049, 1, 157, 1005),
(2447, 3049, 1, 168, 1007),
(2449, 3049, 1, 172, 1009),
(2451, 3049, 1, 184, 1011),
(2453, 3049, 1, 196, 1015),
(2455, 3049, 1, 208, 1017),
(2457, 3049, 1, 215, 1019),
(2459, 3049, 1, 221, 1021),
(2461, 3049, 1, 225, 1023),
(2463, 3049, 1, 231, 1025),
(2465, 3049, 1, 324, 1027),
(2467, 3049, 1, 353, 1029),
(2469, 3049, 1, 368, 1031),
(2471, 3049, 1, 377, 1033),
(2702, 3050, 1, 1, 1035),
(2704, 3050, 1, 4, 987),
(2706, 3050, 1, 24, 989),
(2708, 3050, 1, 119, 991),
(2710, 3050, 1, 71, 993),
(2712, 3050, 1, 94, 995),
(2714, 3050, 1, 101, 997),
(2716, 3050, 1, 113, 999),
(2718, 3050, 1, 133, 1001),
(2720, 3050, 1, 152, 1003),
(2722, 3050, 1, 159, 1005),
(2724, 3050, 1, 168, 1007);         
INSERT INTO PUBLIC.ORDER_FEATURE_AUD(ID, REV, REVTYPE, FEATURE_ID, PRODUCT_FEATURE_ID) VALUES
(2726, 3050, 1, 174, 1009),
(2728, 3050, 1, 182, 1011),
(2730, 3050, 1, 202, 1015),
(2732, 3050, 1, 206, 1017),
(2734, 3050, 1, 215, 1019),
(2736, 3050, 1, 221, 1021),
(2738, 3050, 1, 227, 1023),
(2740, 3050, 1, 243, 1025),
(2742, 3050, 1, 324, 1027),
(2744, 3050, 1, 359, 1029),
(2746, 3050, 1, 372, 1031),
(2748, 3050, 1, 377, 1033);  
CREATE CACHED TABLE PUBLIC.ORDER_FEATURE_ORD_AUD(
    REV INTEGER NOT NULL,
    ORDER_FEATURES_ID BIGINT NOT NULL,
    ORD_ID BIGINT NOT NULL,
    REVTYPE TINYINT
);          
ALTER TABLE PUBLIC.ORDER_FEATURE_ORD_AUD ADD CONSTRAINT PUBLIC.CONSTRAINT_D PRIMARY KEY(REV, ORDER_FEATURES_ID, ORD_ID);       
-- 914 +/- SELECT COUNT(*) FROM PUBLIC.ORDER_FEATURE_ORD_AUD;  
INSERT INTO PUBLIC.ORDER_FEATURE_ORD_AUD(REV, ORDER_FEATURES_ID, ORD_ID, REVTYPE) VALUES
(19, 14, 18, 0),
(19, 16, 18, 0),
(62, 53, 61, 0),
(62, 55, 61, 0),
(62, 57, 61, 0),
(62, 59, 61, 0),
(315, 272, 314, 0),
(315, 274, 314, 0),
(315, 276, 314, 0),
(315, 278, 314, 0),
(315, 280, 314, 0),
(315, 282, 314, 0),
(315, 284, 314, 0),
(315, 286, 314, 0),
(315, 288, 314, 0),
(315, 290, 314, 0),
(315, 292, 314, 0),
(315, 294, 314, 0),
(315, 296, 314, 0),
(315, 298, 314, 0),
(315, 300, 314, 0),
(315, 302, 314, 0),
(315, 304, 314, 0),
(315, 306, 314, 0),
(315, 308, 314, 0),
(315, 310, 314, 0),
(315, 312, 314, 0),
(321, 14, 18, 2),
(321, 16, 18, 2),
(322, 53, 61, 2),
(322, 55, 61, 2),
(322, 57, 61, 2),
(322, 59, 61, 2),
(891, 840, 890, 0),
(891, 842, 890, 0),
(891, 844, 890, 0),
(891, 846, 890, 0),
(891, 848, 890, 0),
(891, 850, 890, 0),
(891, 852, 890, 0),
(891, 854, 890, 0),
(891, 856, 890, 0),
(891, 858, 890, 0),
(891, 860, 890, 0),
(891, 862, 890, 0),
(891, 864, 890, 0),
(891, 866, 890, 0),
(891, 868, 890, 0),
(891, 870, 890, 0),
(891, 872, 890, 0),
(891, 874, 890, 0),
(891, 876, 890, 0),
(891, 878, 890, 0),
(891, 880, 890, 0),
(891, 882, 890, 0),
(891, 884, 890, 0),
(891, 886, 890, 0),
(891, 888, 890, 0),
(943, 892, 942, 0),
(943, 894, 942, 0),
(943, 896, 942, 0),
(943, 898, 942, 0),
(943, 900, 942, 0),
(943, 902, 942, 0),
(943, 904, 942, 0),
(943, 906, 942, 0),
(943, 908, 942, 0),
(943, 910, 942, 0),
(943, 912, 942, 0),
(943, 914, 942, 0),
(943, 916, 942, 0),
(943, 918, 942, 0),
(943, 920, 942, 0),
(943, 922, 942, 0),
(943, 924, 942, 0),
(943, 926, 942, 0),
(943, 928, 942, 0),
(943, 930, 942, 0),
(943, 932, 942, 0),
(943, 934, 942, 0),
(943, 936, 942, 0),
(943, 938, 942, 0),
(943, 940, 942, 0),
(944, 892, 942, 2),
(944, 894, 942, 2),
(944, 896, 942, 2),
(944, 898, 942, 2),
(944, 900, 942, 2),
(944, 902, 942, 2),
(944, 904, 942, 2),
(944, 906, 942, 2),
(944, 908, 942, 2),
(944, 910, 942, 2),
(944, 912, 942, 2),
(944, 914, 942, 2),
(944, 916, 942, 2),
(944, 918, 942, 2),
(944, 920, 942, 2),
(944, 922, 942, 2),
(944, 924, 942, 2),
(944, 926, 942, 2),
(944, 928, 942, 2),
(944, 930, 942, 2),
(944, 932, 942, 2),
(944, 934, 942, 2),
(944, 936, 942, 2),
(944, 938, 942, 2),
(944, 940, 942, 2),
(945, 272, 314, 2),
(945, 274, 314, 2),
(945, 276, 314, 2),
(945, 278, 314, 2),
(945, 280, 314, 2),
(945, 282, 314, 2),
(945, 284, 314, 2),
(945, 286, 314, 2),
(945, 288, 314, 2),
(945, 290, 314, 2),
(945, 292, 314, 2),
(945, 294, 314, 2),
(945, 296, 314, 2),
(945, 298, 314, 2),
(945, 300, 314, 2),
(945, 302, 314, 2),
(945, 304, 314, 2),
(945, 306, 314, 2),
(945, 308, 314, 2),
(945, 310, 314, 2),
(945, 312, 314, 2),
(946, 840, 890, 2),
(946, 842, 890, 2),
(946, 844, 890, 2),
(946, 846, 890, 2),
(946, 848, 890, 2),
(946, 850, 890, 2),
(946, 852, 890, 2),
(946, 854, 890, 2),
(946, 856, 890, 2),
(946, 858, 890, 2),
(946, 860, 890, 2),
(946, 862, 890, 2),
(946, 864, 890, 2),
(946, 866, 890, 2),
(946, 868, 890, 2),
(946, 870, 890, 2),
(946, 872, 890, 2),
(946, 874, 890, 2),
(946, 876, 890, 2),
(946, 878, 890, 2),
(946, 880, 890, 2),
(946, 882, 890, 2),
(946, 884, 890, 2),
(946, 886, 890, 2),
(946, 888, 890, 2),
(1159, 1108, 1158, 0),
(1159, 1110, 1158, 0),
(1159, 1112, 1158, 0),
(1159, 1114, 1158, 0),
(1159, 1116, 1158, 0),
(1159, 1118, 1158, 0),
(1159, 1120, 1158, 0),
(1159, 1122, 1158, 0),
(1159, 1124, 1158, 0),
(1159, 1126, 1158, 0),
(1159, 1128, 1158, 0),
(1159, 1130, 1158, 0),
(1159, 1132, 1158, 0),
(1159, 1134, 1158, 0),
(1159, 1136, 1158, 0),
(1159, 1138, 1158, 0),
(1159, 1140, 1158, 0),
(1159, 1142, 1158, 0),
(1159, 1144, 1158, 0),
(1159, 1146, 1158, 0),
(1159, 1148, 1158, 0),
(1159, 1150, 1158, 0),
(1159, 1152, 1158, 0),
(1159, 1154, 1158, 0),
(1159, 1156, 1158, 0),
(1211, 1160, 1210, 0),
(1211, 1162, 1210, 0),
(1211, 1164, 1210, 0),
(1211, 1166, 1210, 0),
(1211, 1168, 1210, 0),
(1211, 1170, 1210, 0),
(1211, 1172, 1210, 0),
(1211, 1174, 1210, 0),
(1211, 1176, 1210, 0),
(1211, 1178, 1210, 0),
(1211, 1180, 1210, 0),
(1211, 1182, 1210, 0),
(1211, 1184, 1210, 0),
(1211, 1186, 1210, 0),
(1211, 1188, 1210, 0),
(1211, 1190, 1210, 0),
(1211, 1192, 1210, 0);       
INSERT INTO PUBLIC.ORDER_FEATURE_ORD_AUD(REV, ORDER_FEATURES_ID, ORD_ID, REVTYPE) VALUES
(1211, 1194, 1210, 0),
(1211, 1196, 1210, 0),
(1211, 1198, 1210, 0),
(1211, 1200, 1210, 0),
(1211, 1202, 1210, 0),
(1211, 1204, 1210, 0),
(1211, 1206, 1210, 0),
(1211, 1208, 1210, 0),
(1216, 1160, 1210, 2),
(1216, 1162, 1210, 2),
(1216, 1164, 1210, 2),
(1216, 1166, 1210, 2),
(1216, 1168, 1210, 2),
(1216, 1170, 1210, 2),
(1216, 1172, 1210, 2),
(1216, 1174, 1210, 2),
(1216, 1176, 1210, 2),
(1216, 1178, 1210, 2),
(1216, 1180, 1210, 2),
(1216, 1182, 1210, 2),
(1216, 1184, 1210, 2),
(1216, 1186, 1210, 2),
(1216, 1188, 1210, 2),
(1216, 1190, 1210, 2),
(1216, 1192, 1210, 2),
(1216, 1194, 1210, 2),
(1216, 1196, 1210, 2),
(1216, 1198, 1210, 2),
(1216, 1200, 1210, 2),
(1216, 1202, 1210, 2),
(1216, 1204, 1210, 2),
(1216, 1206, 1210, 2),
(1216, 1208, 1210, 2),
(1217, 1108, 1158, 2),
(1217, 1110, 1158, 2),
(1217, 1112, 1158, 2),
(1217, 1114, 1158, 2),
(1217, 1116, 1158, 2),
(1217, 1118, 1158, 2),
(1217, 1120, 1158, 2),
(1217, 1122, 1158, 2),
(1217, 1124, 1158, 2),
(1217, 1126, 1158, 2),
(1217, 1128, 1158, 2),
(1217, 1130, 1158, 2),
(1217, 1132, 1158, 2),
(1217, 1134, 1158, 2),
(1217, 1136, 1158, 2),
(1217, 1138, 1158, 2),
(1217, 1140, 1158, 2),
(1217, 1142, 1158, 2),
(1217, 1144, 1158, 2),
(1217, 1146, 1158, 2),
(1217, 1148, 1158, 2),
(1217, 1150, 1158, 2),
(1217, 1152, 1158, 2),
(1217, 1154, 1158, 2),
(1217, 1156, 1158, 2),
(1373, 1324, 1372, 0),
(1373, 1326, 1372, 0),
(1373, 1328, 1372, 0),
(1373, 1330, 1372, 0),
(1373, 1332, 1372, 0),
(1373, 1334, 1372, 0),
(1373, 1336, 1372, 0),
(1373, 1338, 1372, 0),
(1373, 1340, 1372, 0),
(1373, 1342, 1372, 0),
(1373, 1344, 1372, 0),
(1373, 1346, 1372, 0),
(1373, 1348, 1372, 0),
(1373, 1350, 1372, 0),
(1373, 1352, 1372, 0),
(1373, 1354, 1372, 0),
(1373, 1356, 1372, 0),
(1373, 1358, 1372, 0),
(1373, 1360, 1372, 0),
(1373, 1362, 1372, 0),
(1373, 1364, 1372, 0),
(1373, 1366, 1372, 0),
(1373, 1368, 1372, 0),
(1373, 1370, 1372, 0),
(1423, 1374, 1422, 0),
(1423, 1376, 1422, 0),
(1423, 1378, 1422, 0),
(1423, 1380, 1422, 0),
(1423, 1382, 1422, 0),
(1423, 1384, 1422, 0),
(1423, 1386, 1422, 0),
(1423, 1388, 1422, 0),
(1423, 1390, 1422, 0),
(1423, 1392, 1422, 0),
(1423, 1394, 1422, 0),
(1423, 1396, 1422, 0),
(1423, 1398, 1422, 0),
(1423, 1400, 1422, 0),
(1423, 1402, 1422, 0),
(1423, 1404, 1422, 0),
(1423, 1406, 1422, 0),
(1423, 1408, 1422, 0),
(1423, 1410, 1422, 0),
(1423, 1412, 1422, 0),
(1423, 1414, 1422, 0),
(1423, 1416, 1422, 0),
(1423, 1418, 1422, 0),
(1423, 1420, 1422, 0),
(1424, 1324, 1372, 2),
(1424, 1326, 1372, 2),
(1424, 1328, 1372, 2),
(1424, 1330, 1372, 2),
(1424, 1332, 1372, 2),
(1424, 1334, 1372, 2),
(1424, 1336, 1372, 2),
(1424, 1338, 1372, 2),
(1424, 1340, 1372, 2),
(1424, 1342, 1372, 2),
(1424, 1344, 1372, 2),
(1424, 1346, 1372, 2),
(1424, 1348, 1372, 2),
(1424, 1350, 1372, 2),
(1424, 1352, 1372, 2),
(1424, 1354, 1372, 2),
(1424, 1356, 1372, 2),
(1424, 1358, 1372, 2),
(1424, 1360, 1372, 2),
(1424, 1362, 1372, 2),
(1424, 1364, 1372, 2),
(1424, 1366, 1372, 2),
(1424, 1368, 1372, 2),
(1424, 1370, 1372, 2),
(1474, 1425, 1473, 0),
(1474, 1427, 1473, 0),
(1474, 1429, 1473, 0),
(1474, 1431, 1473, 0),
(1474, 1433, 1473, 0),
(1474, 1435, 1473, 0),
(1474, 1437, 1473, 0),
(1474, 1439, 1473, 0),
(1474, 1441, 1473, 0),
(1474, 1443, 1473, 0),
(1474, 1445, 1473, 0),
(1474, 1447, 1473, 0),
(1474, 1449, 1473, 0),
(1474, 1451, 1473, 0),
(1474, 1453, 1473, 0),
(1474, 1455, 1473, 0),
(1474, 1457, 1473, 0),
(1474, 1459, 1473, 0),
(1474, 1461, 1473, 0),
(1474, 1463, 1473, 0),
(1474, 1465, 1473, 0),
(1474, 1467, 1473, 0),
(1474, 1469, 1473, 0),
(1474, 1471, 1473, 0),
(1554, 1517, 1553, 0),
(1554, 1519, 1553, 0),
(1554, 1521, 1553, 0),
(1554, 1523, 1553, 0),
(1554, 1525, 1553, 0),
(1554, 1527, 1553, 0),
(1554, 1529, 1553, 0),
(1554, 1531, 1553, 0),
(1554, 1533, 1553, 0),
(1554, 1535, 1553, 0),
(1554, 1537, 1553, 0),
(1554, 1539, 1553, 0),
(1554, 1541, 1553, 0),
(1554, 1543, 1553, 0),
(1554, 1545, 1553, 0),
(1554, 1547, 1553, 0),
(1554, 1549, 1553, 0),
(1554, 1551, 1553, 0),
(1555, 1517, 1553, 2),
(1555, 1519, 1553, 2),
(1555, 1521, 1553, 2);              
INSERT INTO PUBLIC.ORDER_FEATURE_ORD_AUD(REV, ORDER_FEATURES_ID, ORD_ID, REVTYPE) VALUES
(1555, 1523, 1553, 2),
(1555, 1525, 1553, 2),
(1555, 1527, 1553, 2),
(1555, 1529, 1553, 2),
(1555, 1531, 1553, 2),
(1555, 1533, 1553, 2),
(1555, 1535, 1553, 2),
(1555, 1537, 1553, 2),
(1555, 1539, 1553, 2),
(1555, 1541, 1553, 2),
(1555, 1543, 1553, 2),
(1555, 1545, 1553, 2),
(1555, 1547, 1553, 2),
(1555, 1549, 1553, 2),
(1555, 1551, 1553, 2),
(1605, 1556, 1604, 0),
(1605, 1558, 1604, 0),
(1605, 1560, 1604, 0),
(1605, 1562, 1604, 0),
(1605, 1564, 1604, 0),
(1605, 1566, 1604, 0),
(1605, 1568, 1604, 0),
(1605, 1570, 1604, 0),
(1605, 1572, 1604, 0),
(1605, 1574, 1604, 0),
(1605, 1576, 1604, 0),
(1605, 1578, 1604, 0),
(1605, 1580, 1604, 0),
(1605, 1582, 1604, 0),
(1605, 1584, 1604, 0),
(1605, 1586, 1604, 0),
(1605, 1588, 1604, 0),
(1605, 1590, 1604, 0),
(1605, 1592, 1604, 0),
(1605, 1594, 1604, 0),
(1605, 1596, 1604, 0),
(1605, 1598, 1604, 0),
(1605, 1600, 1604, 0),
(1605, 1602, 1604, 0),
(2218, 2169, 2217, 0),
(2218, 2171, 2217, 0),
(2218, 2173, 2217, 0),
(2218, 2175, 2217, 0),
(2218, 2177, 2217, 0),
(2218, 2179, 2217, 0),
(2218, 2181, 2217, 0),
(2218, 2183, 2217, 0),
(2218, 2185, 2217, 0),
(2218, 2187, 2217, 0),
(2218, 2189, 2217, 0),
(2218, 2191, 2217, 0),
(2218, 2193, 2217, 0),
(2218, 2195, 2217, 0),
(2218, 2197, 2217, 0),
(2218, 2199, 2217, 0),
(2218, 2201, 2217, 0),
(2218, 2203, 2217, 0),
(2218, 2205, 2217, 0),
(2218, 2207, 2217, 0),
(2218, 2209, 2217, 0),
(2218, 2211, 2217, 0),
(2218, 2213, 2217, 0),
(2218, 2215, 2217, 0),
(2270, 2221, 2269, 0),
(2270, 2223, 2269, 0),
(2270, 2225, 2269, 0),
(2270, 2227, 2269, 0),
(2270, 2229, 2269, 0),
(2270, 2231, 2269, 0),
(2270, 2233, 2269, 0),
(2270, 2235, 2269, 0),
(2270, 2237, 2269, 0),
(2270, 2239, 2269, 0),
(2270, 2241, 2269, 0),
(2270, 2243, 2269, 0),
(2270, 2245, 2269, 0),
(2270, 2247, 2269, 0),
(2270, 2249, 2269, 0),
(2270, 2251, 2269, 0),
(2270, 2253, 2269, 0),
(2270, 2255, 2269, 0),
(2270, 2257, 2269, 0),
(2270, 2259, 2269, 0),
(2270, 2261, 2269, 0),
(2270, 2263, 2269, 0),
(2270, 2265, 2269, 0),
(2270, 2267, 2269, 0),
(2320, 2221, 2269, 2),
(2320, 2223, 2269, 2),
(2320, 2225, 2269, 2),
(2320, 2227, 2269, 2),
(2320, 2229, 2269, 2),
(2320, 2231, 2269, 2),
(2320, 2233, 2269, 2),
(2320, 2235, 2269, 2),
(2320, 2237, 2269, 2),
(2320, 2239, 2269, 2),
(2320, 2241, 2269, 2),
(2320, 2243, 2269, 2),
(2320, 2245, 2269, 2),
(2320, 2247, 2269, 2),
(2320, 2249, 2269, 2),
(2320, 2251, 2269, 2),
(2320, 2253, 2269, 2),
(2320, 2255, 2269, 2),
(2320, 2257, 2269, 2),
(2320, 2259, 2269, 2),
(2320, 2261, 2269, 2),
(2320, 2263, 2269, 2),
(2320, 2265, 2269, 2),
(2320, 2267, 2269, 2),
(2321, 2169, 2217, 2),
(2321, 2171, 2217, 2),
(2321, 2173, 2217, 2),
(2321, 2175, 2217, 2),
(2321, 2177, 2217, 2),
(2321, 2179, 2217, 2),
(2321, 2181, 2217, 2),
(2321, 2183, 2217, 2),
(2321, 2185, 2217, 2),
(2321, 2187, 2217, 2),
(2321, 2189, 2217, 2),
(2321, 2191, 2217, 2),
(2321, 2193, 2217, 2),
(2321, 2195, 2217, 2),
(2321, 2197, 2217, 2),
(2321, 2199, 2217, 2),
(2321, 2201, 2217, 2),
(2321, 2203, 2217, 2),
(2321, 2205, 2217, 2),
(2321, 2207, 2217, 2),
(2321, 2209, 2217, 2),
(2321, 2211, 2217, 2),
(2321, 2213, 2217, 2),
(2321, 2215, 2217, 2),
(2420, 2371, 2419, 0),
(2420, 2373, 2419, 0),
(2420, 2375, 2419, 0),
(2420, 2377, 2419, 0),
(2420, 2379, 2419, 0),
(2420, 2381, 2419, 0),
(2420, 2383, 2419, 0),
(2420, 2385, 2419, 0),
(2420, 2387, 2419, 0),
(2420, 2389, 2419, 0),
(2420, 2391, 2419, 0),
(2420, 2393, 2419, 0),
(2420, 2395, 2419, 0),
(2420, 2397, 2419, 0),
(2420, 2399, 2419, 0),
(2420, 2401, 2419, 0),
(2420, 2403, 2419, 0),
(2420, 2405, 2419, 0),
(2420, 2407, 2419, 0),
(2420, 2409, 2419, 0),
(2420, 2411, 2419, 0),
(2420, 2413, 2419, 0),
(2420, 2415, 2419, 0),
(2420, 2417, 2419, 0),
(2421, 1374, 1422, 2),
(2421, 1376, 1422, 2),
(2421, 1378, 1422, 2),
(2421, 1380, 1422, 2),
(2421, 1382, 1422, 2),
(2421, 1384, 1422, 2),
(2421, 1386, 1422, 2),
(2421, 1388, 1422, 2),
(2421, 1390, 1422, 2),
(2421, 1392, 1422, 2),
(2421, 1394, 1422, 2),
(2421, 1396, 1422, 2),
(2421, 1398, 1422, 2),
(2421, 1400, 1422, 2),
(2421, 1402, 1422, 2),
(2421, 1404, 1422, 2);              
INSERT INTO PUBLIC.ORDER_FEATURE_ORD_AUD(REV, ORDER_FEATURES_ID, ORD_ID, REVTYPE) VALUES
(2421, 1406, 1422, 2),
(2421, 1408, 1422, 2),
(2421, 1410, 1422, 2),
(2421, 1412, 1422, 2),
(2421, 1414, 1422, 2),
(2421, 1416, 1422, 2),
(2421, 1418, 1422, 2),
(2421, 1420, 1422, 2),
(2422, 1425, 1473, 2),
(2422, 1427, 1473, 2),
(2422, 1429, 1473, 2),
(2422, 1431, 1473, 2),
(2422, 1433, 1473, 2),
(2422, 1435, 1473, 2),
(2422, 1437, 1473, 2),
(2422, 1439, 1473, 2),
(2422, 1441, 1473, 2),
(2422, 1443, 1473, 2),
(2422, 1445, 1473, 2),
(2422, 1447, 1473, 2),
(2422, 1449, 1473, 2),
(2422, 1451, 1473, 2),
(2422, 1453, 1473, 2),
(2422, 1455, 1473, 2),
(2422, 1457, 1473, 2),
(2422, 1459, 1473, 2),
(2422, 1461, 1473, 2),
(2422, 1463, 1473, 2),
(2422, 1465, 1473, 2),
(2422, 1467, 1473, 2),
(2422, 1469, 1473, 2),
(2422, 1471, 1473, 2),
(2423, 1556, 1604, 2),
(2423, 1558, 1604, 2),
(2423, 1560, 1604, 2),
(2423, 1562, 1604, 2),
(2423, 1564, 1604, 2),
(2423, 1566, 1604, 2),
(2423, 1568, 1604, 2),
(2423, 1570, 1604, 2),
(2423, 1572, 1604, 2),
(2423, 1574, 1604, 2),
(2423, 1576, 1604, 2),
(2423, 1578, 1604, 2),
(2423, 1580, 1604, 2),
(2423, 1582, 1604, 2),
(2423, 1584, 1604, 2),
(2423, 1586, 1604, 2),
(2423, 1588, 1604, 2),
(2423, 1590, 1604, 2),
(2423, 1592, 1604, 2),
(2423, 1594, 1604, 2),
(2423, 1596, 1604, 2),
(2423, 1598, 1604, 2),
(2423, 1600, 1604, 2),
(2423, 1602, 1604, 2),
(2424, 2371, 2419, 2),
(2424, 2373, 2419, 2),
(2424, 2375, 2419, 2),
(2424, 2377, 2419, 2),
(2424, 2379, 2419, 2),
(2424, 2381, 2419, 2),
(2424, 2383, 2419, 2),
(2424, 2385, 2419, 2),
(2424, 2387, 2419, 2),
(2424, 2389, 2419, 2),
(2424, 2391, 2419, 2),
(2424, 2393, 2419, 2),
(2424, 2395, 2419, 2),
(2424, 2397, 2419, 2),
(2424, 2399, 2419, 2),
(2424, 2401, 2419, 2),
(2424, 2403, 2419, 2),
(2424, 2405, 2419, 2),
(2424, 2407, 2419, 2),
(2424, 2409, 2419, 2),
(2424, 2411, 2419, 2),
(2424, 2413, 2419, 2),
(2424, 2415, 2419, 2),
(2424, 2417, 2419, 2),
(2474, 2425, 2473, 0),
(2474, 2427, 2473, 0),
(2474, 2429, 2473, 0),
(2474, 2431, 2473, 0),
(2474, 2433, 2473, 0),
(2474, 2435, 2473, 0),
(2474, 2437, 2473, 0),
(2474, 2439, 2473, 0),
(2474, 2441, 2473, 0),
(2474, 2443, 2473, 0),
(2474, 2445, 2473, 0),
(2474, 2447, 2473, 0),
(2474, 2449, 2473, 0),
(2474, 2451, 2473, 0),
(2474, 2453, 2473, 0),
(2474, 2455, 2473, 0),
(2474, 2457, 2473, 0),
(2474, 2459, 2473, 0),
(2474, 2461, 2473, 0),
(2474, 2463, 2473, 0),
(2474, 2465, 2473, 0),
(2474, 2467, 2473, 0),
(2474, 2469, 2473, 0),
(2474, 2471, 2473, 0),
(2653, 2604, 2652, 0),
(2653, 2606, 2652, 0),
(2653, 2608, 2652, 0),
(2653, 2610, 2652, 0),
(2653, 2612, 2652, 0),
(2653, 2614, 2652, 0),
(2653, 2616, 2652, 0),
(2653, 2618, 2652, 0),
(2653, 2620, 2652, 0),
(2653, 2622, 2652, 0),
(2653, 2624, 2652, 0),
(2653, 2626, 2652, 0),
(2653, 2628, 2652, 0),
(2653, 2630, 2652, 0),
(2653, 2632, 2652, 0),
(2653, 2634, 2652, 0),
(2653, 2636, 2652, 0),
(2653, 2638, 2652, 0),
(2653, 2640, 2652, 0),
(2653, 2642, 2652, 0),
(2653, 2644, 2652, 0),
(2653, 2646, 2652, 0),
(2653, 2648, 2652, 0),
(2653, 2650, 2652, 0),
(2751, 2702, 2750, 0),
(2751, 2704, 2750, 0),
(2751, 2706, 2750, 0),
(2751, 2708, 2750, 0),
(2751, 2710, 2750, 0),
(2751, 2712, 2750, 0),
(2751, 2714, 2750, 0),
(2751, 2716, 2750, 0),
(2751, 2718, 2750, 0),
(2751, 2720, 2750, 0),
(2751, 2722, 2750, 0),
(2751, 2724, 2750, 0),
(2751, 2726, 2750, 0),
(2751, 2728, 2750, 0),
(2751, 2730, 2750, 0),
(2751, 2732, 2750, 0),
(2751, 2734, 2750, 0),
(2751, 2736, 2750, 0),
(2751, 2738, 2750, 0),
(2751, 2740, 2750, 0),
(2751, 2742, 2750, 0),
(2751, 2744, 2750, 0),
(2751, 2746, 2750, 0),
(2751, 2748, 2750, 0),
(2766, 2604, 2652, 2),
(2766, 2606, 2652, 2),
(2766, 2608, 2652, 2),
(2766, 2610, 2652, 2),
(2766, 2612, 2652, 2),
(2766, 2614, 2652, 2),
(2766, 2616, 2652, 2),
(2766, 2618, 2652, 2),
(2766, 2620, 2652, 2),
(2766, 2622, 2652, 2),
(2766, 2624, 2652, 2),
(2766, 2626, 2652, 2),
(2766, 2628, 2652, 2),
(2766, 2630, 2652, 2),
(2766, 2632, 2652, 2),
(2766, 2634, 2652, 2),
(2766, 2636, 2652, 2),
(2766, 2638, 2652, 2),
(2766, 2640, 2652, 2),
(2766, 2642, 2652, 2),
(2766, 2644, 2652, 2),
(2766, 2646, 2652, 2),
(2766, 2648, 2652, 2);              
INSERT INTO PUBLIC.ORDER_FEATURE_ORD_AUD(REV, ORDER_FEATURES_ID, ORD_ID, REVTYPE) VALUES
(2766, 2650, 2652, 2),
(2859, 2810, 2858, 0),
(2859, 2812, 2858, 0),
(2859, 2814, 2858, 0),
(2859, 2816, 2858, 0),
(2859, 2818, 2858, 0),
(2859, 2820, 2858, 0),
(2859, 2822, 2858, 0),
(2859, 2824, 2858, 0),
(2859, 2826, 2858, 0),
(2859, 2828, 2858, 0),
(2859, 2830, 2858, 0),
(2859, 2832, 2858, 0),
(2859, 2834, 2858, 0),
(2859, 2836, 2858, 0),
(2859, 2838, 2858, 0),
(2859, 2840, 2858, 0),
(2859, 2842, 2858, 0),
(2859, 2844, 2858, 0),
(2859, 2846, 2858, 0),
(2859, 2848, 2858, 0),
(2859, 2850, 2858, 0),
(2859, 2852, 2858, 0),
(2859, 2854, 2858, 0),
(2859, 2856, 2858, 0),
(2928, 2879, 2927, 0),
(2928, 2881, 2927, 0),
(2928, 2883, 2927, 0),
(2928, 2885, 2927, 0),
(2928, 2887, 2927, 0),
(2928, 2889, 2927, 0),
(2928, 2891, 2927, 0),
(2928, 2893, 2927, 0),
(2928, 2895, 2927, 0),
(2928, 2897, 2927, 0),
(2928, 2899, 2927, 0),
(2928, 2901, 2927, 0),
(2928, 2903, 2927, 0),
(2928, 2905, 2927, 0),
(2928, 2907, 2927, 0),
(2928, 2909, 2927, 0),
(2928, 2911, 2927, 0),
(2928, 2913, 2927, 0),
(2928, 2915, 2927, 0),
(2928, 2917, 2927, 0),
(2928, 2919, 2927, 0),
(2928, 2921, 2927, 0),
(2928, 2923, 2927, 0),
(2928, 2925, 2927, 0),
(2978, 2929, 2977, 0),
(2978, 2931, 2977, 0),
(2978, 2933, 2977, 0),
(2978, 2935, 2977, 0),
(2978, 2937, 2977, 0),
(2978, 2939, 2977, 0),
(2978, 2941, 2977, 0),
(2978, 2943, 2977, 0),
(2978, 2945, 2977, 0),
(2978, 2947, 2977, 0),
(2978, 2949, 2977, 0),
(2978, 2951, 2977, 0),
(2978, 2953, 2977, 0),
(2978, 2955, 2977, 0),
(2978, 2957, 2977, 0),
(2978, 2959, 2977, 0),
(2978, 2961, 2977, 0),
(2978, 2963, 2977, 0),
(2978, 2965, 2977, 0),
(2978, 2967, 2977, 0),
(2978, 2969, 2977, 0),
(2978, 2971, 2977, 0),
(2978, 2973, 2977, 0),
(2978, 2975, 2977, 0),
(2993, 2929, 2977, 2),
(2993, 2931, 2977, 2),
(2993, 2933, 2977, 2),
(2993, 2935, 2977, 2),
(2993, 2937, 2977, 2),
(2993, 2939, 2977, 2),
(2993, 2941, 2977, 2),
(2993, 2943, 2977, 2),
(2993, 2945, 2977, 2),
(2993, 2947, 2977, 2),
(2993, 2949, 2977, 2),
(2993, 2951, 2977, 2),
(2993, 2953, 2977, 2),
(2993, 2955, 2977, 2),
(2993, 2957, 2977, 2),
(2993, 2959, 2977, 2),
(2993, 2961, 2977, 2),
(2993, 2963, 2977, 2),
(2993, 2965, 2977, 2),
(2993, 2967, 2977, 2),
(2993, 2969, 2977, 2),
(2993, 2971, 2977, 2),
(2993, 2973, 2977, 2),
(2993, 2975, 2977, 2),
(3043, 2994, 3042, 0),
(3043, 2996, 3042, 0),
(3043, 2998, 3042, 0),
(3043, 3000, 3042, 0),
(3043, 3002, 3042, 0),
(3043, 3004, 3042, 0),
(3043, 3006, 3042, 0),
(3043, 3008, 3042, 0),
(3043, 3010, 3042, 0),
(3043, 3012, 3042, 0),
(3043, 3014, 3042, 0),
(3043, 3016, 3042, 0),
(3043, 3018, 3042, 0),
(3043, 3020, 3042, 0),
(3043, 3022, 3042, 0),
(3043, 3024, 3042, 0),
(3043, 3026, 3042, 0),
(3043, 3028, 3042, 0),
(3043, 3030, 3042, 0),
(3043, 3032, 3042, 0),
(3043, 3034, 3042, 0),
(3043, 3036, 3042, 0),
(3043, 3038, 3042, 0),
(3043, 3040, 3042, 0),
(3048, 2810, 2858, 2),
(3048, 2812, 2858, 2),
(3048, 2814, 2858, 2),
(3048, 2816, 2858, 2),
(3048, 2818, 2858, 2),
(3048, 2820, 2858, 2),
(3048, 2822, 2858, 2),
(3048, 2824, 2858, 2),
(3048, 2826, 2858, 2),
(3048, 2828, 2858, 2),
(3048, 2830, 2858, 2),
(3048, 2832, 2858, 2),
(3048, 2834, 2858, 2),
(3048, 2836, 2858, 2),
(3048, 2838, 2858, 2),
(3048, 2840, 2858, 2),
(3048, 2842, 2858, 2),
(3048, 2844, 2858, 2),
(3048, 2846, 2858, 2),
(3048, 2848, 2858, 2),
(3048, 2850, 2858, 2),
(3048, 2852, 2858, 2),
(3048, 2854, 2858, 2),
(3048, 2856, 2858, 2),
(3049, 2425, 2473, 2),
(3049, 2427, 2473, 2),
(3049, 2429, 2473, 2),
(3049, 2431, 2473, 2),
(3049, 2433, 2473, 2),
(3049, 2435, 2473, 2),
(3049, 2437, 2473, 2),
(3049, 2439, 2473, 2),
(3049, 2441, 2473, 2),
(3049, 2443, 2473, 2),
(3049, 2445, 2473, 2),
(3049, 2447, 2473, 2),
(3049, 2449, 2473, 2),
(3049, 2451, 2473, 2),
(3049, 2453, 2473, 2),
(3049, 2455, 2473, 2),
(3049, 2457, 2473, 2),
(3049, 2459, 2473, 2),
(3049, 2461, 2473, 2),
(3049, 2463, 2473, 2),
(3049, 2465, 2473, 2),
(3049, 2467, 2473, 2),
(3049, 2469, 2473, 2),
(3049, 2471, 2473, 2),
(3050, 2702, 2750, 2),
(3050, 2704, 2750, 2),
(3050, 2706, 2750, 2),
(3050, 2708, 2750, 2),
(3050, 2710, 2750, 2),
(3050, 2712, 2750, 2);              
INSERT INTO PUBLIC.ORDER_FEATURE_ORD_AUD(REV, ORDER_FEATURES_ID, ORD_ID, REVTYPE) VALUES
(3050, 2714, 2750, 2),
(3050, 2716, 2750, 2),
(3050, 2718, 2750, 2),
(3050, 2720, 2750, 2),
(3050, 2722, 2750, 2),
(3050, 2724, 2750, 2),
(3050, 2726, 2750, 2),
(3050, 2728, 2750, 2),
(3050, 2730, 2750, 2),
(3050, 2732, 2750, 2),
(3050, 2734, 2750, 2),
(3050, 2736, 2750, 2),
(3050, 2738, 2750, 2),
(3050, 2740, 2750, 2),
(3050, 2742, 2750, 2),
(3050, 2744, 2750, 2),
(3050, 2746, 2750, 2),
(3050, 2748, 2750, 2);         
CREATE CACHED TABLE PUBLIC.ORDER_FEATURE(
    ID BIGINT NOT NULL,
    FEATURE_ID BIGINT,
    PRODUCT_FEATURE_ID BIGINT
);      
ALTER TABLE PUBLIC.ORDER_FEATURE ADD CONSTRAINT PUBLIC.CONSTRAINT_7 PRIMARY KEY(ID);           
-- 841 +/- SELECT COUNT(*) FROM PUBLIC.ORDER_FEATURE;          
INSERT INTO PUBLIC.ORDER_FEATURE(ID, FEATURE_ID, PRODUCT_FEATURE_ID) VALUES
(14, 1, 11),
(16, 3, 12),
(53, 21, 13),
(55, 1, 11),
(57, 3, 12),
(59, 37, 35),
(272, 1, 11),
(274, 3, 12),
(276, 27, 13),
(278, 33, 35),
(280, 71, 73),
(282, 94, 90),
(284, 97, 105),
(286, 111, 115),
(288, 133, 124),
(290, 137, 139),
(292, 157, 163),
(294, 168, 170),
(296, 172, 180),
(298, 184, 186),
(300, 192, 194),
(302, 196, 204),
(304, 208, 210),
(306, 215, 217),
(308, 221, 223),
(310, 225, 229),
(312, 245, 251),
(840, 1, 11),
(842, 3, 12),
(844, 27, 13),
(846, 33, 35),
(848, 71, 73),
(850, 94, 90),
(852, 97, 105),
(854, 111, 115),
(856, 133, 124),
(858, 137, 139),
(860, 157, 163),
(862, 168, 170),
(864, 172, 180),
(866, 184, 186),
(868, 192, 194),
(870, 196, 204),
(872, 208, 210),
(874, 215, 217),
(876, 221, 223),
(878, 225, 229),
(880, 231, 251),
(882, 324, 328),
(884, 353, 357),
(886, 368, 370),
(888, 377, 379),
(892, 1, 11),
(894, 3, 12),
(896, 27, 13),
(898, 33, 35),
(900, 71, 73),
(902, 94, 90),
(904, 97, 105),
(906, 111, 115),
(908, 133, 124),
(910, 137, 139),
(912, 157, 163),
(914, 168, 170),
(916, 172, 180),
(918, 184, 186),
(920, 192, 194),
(922, 196, 204),
(924, 208, 210),
(926, 215, 217),
(928, 221, 223),
(930, 225, 229),
(932, 231, 251),
(934, 324, 328),
(936, 353, 357),
(938, 368, 370),
(940, 377, 379),
(1108, 1, 755),
(1110, 3, 757),
(1112, 24, 759),
(1114, 119, 761),
(1116, 84, 763),
(1118, 88, 765),
(1120, 97, 767),
(1122, 111, 769),
(1124, 133, 771),
(1126, 137, 773),
(1128, 157, 775),
(1130, 168, 777),
(1132, 172, 779),
(1134, 184, 781),
(1136, 192, 783),
(1138, 202, 785),
(1140, 208, 787),
(1142, 215, 789),
(1144, 221, 791),
(1146, 225, 793),
(1148, 231, 795),
(1150, 324, 797),
(1152, 353, 799),
(1154, 368, 801),
(1156, 377, 803),
(1160, 1, 1035),
(1162, 3, 987),
(1164, 24, 989),
(1166, 119, 991),
(1168, 71, 993),
(1170, 94, 995),
(1172, 97, 997),
(1174, 111, 999),
(1176, 133, 1001),
(1178, 137, 1003),
(1180, 157, 1005),
(1182, 168, 1007),
(1184, 172, 1009),
(1186, 184, 1011),
(1188, 192, 1013),
(1190, 196, 1015),
(1192, 208, 1017),
(1194, 215, 1019),
(1196, 221, 1021),
(1198, 225, 1023),
(1200, 231, 1025),
(1202, 324, 1027),
(1204, 353, 1029),
(1206, 368, 1031),
(1208, 377, 1033),
(1324, 1, 1035),
(1326, 4, 987),
(1328, 24, 989),
(1330, 119, 991),
(1332, 71, 993),
(1334, 94, 995),
(1336, 97, 997),
(1338, 111, 999),
(1340, 133, 1001),
(1342, 137, 1003),
(1344, 157, 1005),
(1346, 168, 1007),
(1348, 172, 1009),
(1350, 184, 1011),
(1352, 196, 1015),
(1354, 208, 1017),
(1356, 215, 1019),
(1358, 221, 1021),
(1360, 225, 1023),
(1362, 231, 1025),
(1364, 324, 1027),
(1366, 353, 1029),
(1368, 368, 1031),
(1370, 377, 1033),
(1374, 1, 1218),
(1376, 3, 1220),
(1378, 1281, 1222),
(1380, 119, 1224),
(1382, 84, 1226),
(1384, 88, 1228),
(1386, 101, 1230),
(1388, 111, 1232),
(1390, 130, 1234),
(1392, 141, 1236),
(1394, 157, 1238),
(1396, 168, 1240),
(1398, 172, 1242),
(1400, 184, 1244),
(1402, 202, 1246),
(1404, 208, 1248),
(1406, 215, 1250),
(1408, 221, 1252),
(1410, 227, 1254),
(1412, 247, 1256),
(1414, 324, 1258),
(1416, 353, 1260),
(1418, 368, 1262),
(1420, 377, 1264),
(1425, 1, 1035),
(1427, 4, 987),
(1429, 24, 989),
(1431, 119, 991),
(1433, 71, 993),
(1435, 88, 995),
(1437, 97, 997),
(1439, 111, 999),
(1441, 122, 1001),
(1443, 137, 1003),
(1445, 161, 1005),
(1447, 168, 1007),
(1449, 172, 1009),
(1451, 184, 1011),
(1453, 196, 1015),
(1455, 208, 1017),
(1457, 215, 1019),
(1459, 221, 1021),
(1461, 225, 1023),
(1463, 231, 1025),
(1465, 324, 1027),
(1467, 353, 1029),
(1469, 368, 1031),
(1471, 377, 1033),
(1517, 94, 995),
(1519, 108, 997),
(1521, 111, 999),
(1523, 133, 1001),
(1525, 137, 1003),
(1527, 157, 1005),
(1529, 172, 1009),
(1531, 184, 1011),
(1533, 196, 1015),
(1535, 208, 1017),
(1537, 215, 1019),
(1539, 221, 1021),
(1541, 225, 1023),
(1543, 231, 1025),
(1545, 324, 1027),
(1547, 353, 1029),
(1549, 368, 1031),
(1551, 377, 1033),
(1556, 1, 1035),
(1558, 4, 987),
(1560, 24, 989),
(1562, 119, 991),
(1564, 71, 993),
(1566, 92, 995),
(1568, 99, 997),
(1570, 111, 999),
(1572, 133, 1001),
(1574, 137, 1003),
(1576, 157, 1005),
(1578, 168, 1007);        
INSERT INTO PUBLIC.ORDER_FEATURE(ID, FEATURE_ID, PRODUCT_FEATURE_ID) VALUES
(1580, 172, 1009),
(1582, 184, 1011),
(1584, 196, 1015),
(1586, 208, 1017),
(1588, 215, 1019),
(1590, 221, 1021),
(1592, 225, 1023),
(1594, 231, 1025),
(1596, 324, 1027),
(1598, 353, 1029),
(1600, 368, 1031),
(1602, 377, 1033),
(1641, 1, 1035),
(1643, 4, 987),
(1645, 24, 989),
(1647, 119, 991),
(1649, 71, 993),
(1651, 94, 995),
(1653, 97, 997),
(1655, 111, 999),
(1657, 133, 1001),
(1659, 137, 1003),
(1661, 157, 1005),
(1663, 168, 1007),
(1665, 172, 1009),
(1667, 184, 1011),
(1669, 198, 1015),
(1671, 208, 1017),
(1673, 215, 1019),
(1675, 221, 1021),
(1677, 225, 1023),
(1679, 231, 1025),
(1681, 324, 1027),
(1683, 353, 1029),
(1685, 368, 1031),
(1687, 377, 1033),
(1689, 1, 1035),
(1691, 4, 987),
(1693, 24, 989),
(1695, 119, 991),
(1697, 71, 993),
(1699, 94, 995),
(1701, 97, 997),
(1703, 111, 999),
(1705, 133, 1001),
(1707, 137, 1003),
(1709, 157, 1005),
(1711, 168, 1007),
(1713, 172, 1009),
(1715, 184, 1011),
(1717, 198, 1015),
(1719, 208, 1017),
(1721, 215, 1019),
(1723, 221, 1021),
(1725, 225, 1023),
(1727, 231, 1025),
(1729, 324, 1027),
(1731, 353, 1029),
(1733, 368, 1031),
(1735, 377, 1033),
(1737, 1, 1035),
(1739, 4, 987),
(1741, 24, 989),
(1743, 119, 991),
(1745, 71, 993),
(1747, 94, 995),
(1749, 97, 997),
(1751, 111, 999),
(1753, 133, 1001),
(1755, 137, 1003),
(1757, 157, 1005),
(1759, 168, 1007),
(1761, 172, 1009),
(1763, 184, 1011),
(1765, 196, 1015),
(1767, 208, 1017),
(1769, 215, 1019),
(1771, 221, 1021),
(1773, 225, 1023),
(1775, 231, 1025),
(1777, 324, 1027),
(1779, 353, 1029),
(1781, 368, 1031),
(1783, 375, 1033),
(1785, 1, 1035),
(1787, 4, 987),
(1789, 24, 989),
(1791, 119, 991),
(1793, 71, 993),
(1795, 94, 995),
(1797, 97, 997),
(1799, 111, 999),
(1801, 133, 1001),
(1803, 137, 1003),
(1805, 157, 1005),
(1807, 168, 1007),
(1809, 172, 1009),
(1811, 184, 1011),
(1813, 196, 1015),
(1815, 208, 1017),
(1817, 215, 1019),
(1819, 221, 1021),
(1821, 225, 1023),
(1823, 231, 1025),
(1825, 324, 1027),
(1827, 353, 1029),
(1829, 368, 1031),
(1831, 375, 1033),
(1833, 1, 1035),
(1835, 4, 987),
(1837, 24, 989),
(1839, 119, 991),
(1841, 71, 993),
(1843, 94, 995),
(1845, 97, 997),
(1847, 111, 999),
(1849, 133, 1001),
(1851, 137, 1003),
(1853, 157, 1005),
(1855, 168, 1007),
(1857, 172, 1009),
(1859, 184, 1011),
(1861, 196, 1015),
(1863, 208, 1017),
(1865, 215, 1019),
(1867, 221, 1021),
(1869, 225, 1023),
(1871, 231, 1025),
(1873, 324, 1027),
(1875, 353, 1029),
(1877, 368, 1031),
(1879, 375, 1033),
(1881, 1, 1035),
(1883, 4, 987),
(1885, 24, 989),
(1887, 119, 991),
(1889, 71, 993),
(1891, 94, 995),
(1893, 97, 997),
(1895, 111, 999),
(1897, 133, 1001),
(1899, 137, 1003),
(1901, 157, 1005),
(1903, 168, 1007),
(1905, 172, 1009),
(1907, 184, 1011),
(1909, 196, 1015),
(1911, 208, 1017),
(1913, 215, 1019),
(1915, 221, 1021),
(1917, 227, 1023),
(1919, 231, 1025),
(1921, 324, 1027),
(1923, 353, 1029),
(1925, 368, 1031),
(1927, 377, 1033),
(1929, 1, 1035),
(1931, 4, 987),
(1933, 24, 989),
(1935, 119, 991),
(1937, 71, 993),
(1939, 94, 995),
(1941, 97, 997),
(1943, 111, 999),
(1945, 133, 1001),
(1947, 137, 1003),
(1949, 157, 1005),
(1951, 168, 1007),
(1953, 172, 1009),
(1955, 184, 1011),
(1957, 196, 1015),
(1959, 208, 1017),
(1961, 215, 1019),
(1963, 221, 1021),
(1965, 227, 1023),
(1967, 231, 1025),
(1969, 324, 1027),
(1971, 353, 1029),
(1973, 368, 1031),
(1975, 377, 1033),
(1977, 1, 1035),
(1979, 4, 987),
(1981, 24, 989),
(1983, 119, 991),
(1985, 71, 993),
(1987, 94, 995),
(1989, 97, 997),
(1991, 111, 999),
(1993, 133, 1001),
(1995, 137, 1003),
(1997, 157, 1005),
(1999, 168, 1007),
(2001, 172, 1009),
(2003, 184, 1011),
(2005, 196, 1015),
(2007, 208, 1017),
(2009, 215, 1019),
(2011, 221, 1021),
(2013, 227, 1023),
(2015, 231, 1025),
(2017, 324, 1027),
(2019, 353, 1029),
(2021, 368, 1031),
(2023, 377, 1033),
(2025, 1, 1035),
(2027, 4, 987),
(2029, 24, 989),
(2031, 119, 991),
(2033, 71, 993),
(2035, 94, 995),
(2037, 97, 997),
(2039, 111, 999),
(2041, 133, 1001),
(2043, 137, 1003),
(2045, 157, 1005),
(2047, 168, 1007),
(2049, 172, 1009),
(2051, 184, 1011),
(2053, 196, 1015);          
INSERT INTO PUBLIC.ORDER_FEATURE(ID, FEATURE_ID, PRODUCT_FEATURE_ID) VALUES
(2055, 208, 1017),
(2057, 215, 1019),
(2059, 221, 1021),
(2061, 227, 1023),
(2063, 231, 1025),
(2065, 324, 1027),
(2067, 353, 1029),
(2069, 368, 1031),
(2071, 377, 1033),
(2073, 1, 1035),
(2075, 4, 987),
(2077, 24, 989),
(2079, 119, 991),
(2081, 71, 993),
(2083, 94, 995),
(2085, 97, 997),
(2087, 111, 999),
(2089, 133, 1001),
(2091, 137, 1003),
(2093, 157, 1005),
(2095, 168, 1007),
(2097, 172, 1009),
(2099, 184, 1011),
(2101, 196, 1015),
(2103, 208, 1017),
(2105, 215, 1019),
(2107, 221, 1021),
(2109, 227, 1023),
(2111, 231, 1025),
(2113, 324, 1027),
(2115, 353, 1029),
(2117, 368, 1031),
(2119, 377, 1033),
(2121, 1, 1035),
(2123, 4, 987),
(2125, 24, 989),
(2127, 119, 991),
(2129, 71, 993),
(2131, 94, 995),
(2133, 97, 997),
(2135, 111, 999),
(2137, 133, 1001),
(2139, 137, 1003),
(2141, 157, 1005),
(2143, 168, 1007),
(2145, 172, 1009),
(2147, 184, 1011),
(2149, 196, 1015),
(2151, 208, 1017),
(2153, 215, 1019),
(2155, 221, 1021),
(2157, 225, 1023),
(2159, 231, 1025),
(2161, 324, 1027),
(2163, 353, 1029),
(2165, 368, 1031),
(2167, 375, 1033),
(2169, 1, 1035),
(2171, 4, 987),
(2173, 24, 989),
(2175, 119, 991),
(2177, 71, 993),
(2179, 94, 995),
(2181, 97, 997),
(2183, 111, 999),
(2185, 133, 1001),
(2187, 137, 1003),
(2189, 157, 1005),
(2191, 168, 1007),
(2193, 172, 1009),
(2195, 184, 1011),
(2197, 196, 1015),
(2199, 208, 1017),
(2201, 215, 1019),
(2203, 221, 1021),
(2205, 225, 1023),
(2207, 231, 1025),
(2209, 324, 1027),
(2211, 353, 1029),
(2213, 368, 1031),
(2215, 375, 1033),
(2221, 1, 1035),
(2223, 4, 987),
(2225, 24, 989),
(2227, 119, 991),
(2229, 71, 993),
(2231, 94, 995),
(2233, 97, 997),
(2235, 111, 999),
(2237, 133, 1001),
(2239, 137, 1003),
(2241, 157, 1005),
(2243, 168, 1007),
(2245, 172, 1009),
(2247, 184, 1011),
(2249, 196, 1015),
(2251, 208, 1017),
(2253, 213, 1019),
(2255, 221, 1021),
(2257, 225, 1023),
(2259, 231, 1025),
(2261, 324, 1027),
(2263, 353, 1029),
(2265, 368, 1031),
(2267, 377, 1033),
(2271, 1, 1035),
(2273, 4, 987),
(2275, 24, 989),
(2277, 119, 991),
(2279, 71, 993),
(2281, 94, 995),
(2283, 97, 997),
(2285, 111, 999),
(2287, 133, 1001),
(2289, 137, 1003),
(2291, 157, 1005),
(2293, 168, 1007),
(2295, 172, 1009),
(2297, 184, 1011),
(2299, 196, 1015),
(2301, 208, 1017),
(2303, 215, 1019),
(2305, 221, 1021),
(2307, 225, 1023),
(2309, 231, 1025),
(2311, 324, 1027),
(2313, 353, 1029),
(2315, 372, 1031),
(2317, 377, 1033),
(2322, 1, 1035),
(2324, 4, 987),
(2326, 24, 989),
(2328, 119, 991),
(2330, 71, 993),
(2332, 94, 995),
(2334, 97, 997),
(2336, 111, 999),
(2338, 133, 1001),
(2340, 137, 1003),
(2342, 157, 1005),
(2344, 168, 1007),
(2346, 172, 1009),
(2348, 184, 1011),
(2350, 196, 1015),
(2352, 208, 1017),
(2354, 215, 1019),
(2356, 219, 1021),
(2358, 225, 1023),
(2360, 231, 1025),
(2362, 324, 1027),
(2364, 353, 1029),
(2366, 368, 1031),
(2368, 377, 1033),
(2371, 1, 1035),
(2373, 4, 987),
(2375, 24, 989),
(2377, 119, 991),
(2379, 71, 993),
(2381, 94, 995),
(2383, 97, 997),
(2385, 111, 999),
(2387, 133, 1001),
(2389, 137, 1003),
(2391, 157, 1005),
(2393, 168, 1007),
(2395, 172, 1009),
(2397, 184, 1011),
(2399, 196, 1015),
(2401, 208, 1017),
(2403, 215, 1019),
(2405, 219, 1021),
(2407, 225, 1023),
(2409, 231, 1025),
(2411, 324, 1027),
(2413, 353, 1029),
(2415, 368, 1031),
(2417, 377, 1033),
(2425, 1, 1035),
(2427, 4, 987),
(2429, 24, 989),
(2431, 119, 991),
(2433, 71, 993),
(2435, 94, 995),
(2437, 97, 997),
(2439, 111, 999),
(2441, 133, 1001),
(2443, 137, 1003),
(2445, 157, 1005),
(2447, 168, 1007),
(2449, 172, 1009),
(2451, 184, 1011),
(2453, 196, 1015),
(2455, 208, 1017),
(2457, 215, 1019),
(2459, 221, 1021),
(2461, 225, 1023),
(2463, 231, 1025),
(2465, 324, 1027),
(2467, 353, 1029),
(2469, 368, 1031),
(2471, 377, 1033),
(2476, 1, 1035),
(2478, 4, 987),
(2480, 24, 989),
(2482, 119, 991),
(2484, 71, 993),
(2486, 94, 995),
(2488, 97, 997),
(2490, 111, 999),
(2492, 133, 1001),
(2494, 137, 1003),
(2496, 157, 1005),
(2498, 168, 1007),
(2500, 172, 1009),
(2502, 184, 1011),
(2504, 196, 1015),
(2506, 208, 1017),
(2508, 215, 1019),
(2510, 219, 1021);          
INSERT INTO PUBLIC.ORDER_FEATURE(ID, FEATURE_ID, PRODUCT_FEATURE_ID) VALUES
(2512, 225, 1023),
(2514, 231, 1025),
(2516, 324, 1027),
(2518, 353, 1029),
(2520, 368, 1031),
(2522, 377, 1033),
(2540, 1, 1035),
(2542, 4, 987),
(2544, 24, 989),
(2546, 119, 991),
(2548, 71, 993),
(2550, 94, 995),
(2552, 97, 997),
(2554, 111, 999),
(2556, 133, 1001),
(2558, 137, 1003),
(2560, 157, 1005),
(2562, 168, 1007),
(2564, 172, 1009),
(2566, 184, 1011),
(2568, 196, 1015),
(2570, 208, 1017),
(2572, 215, 1019),
(2574, 219, 1021),
(2576, 225, 1023),
(2578, 231, 1025),
(2580, 324, 1027),
(2582, 353, 1029),
(2584, 368, 1031),
(2586, 377, 1033),
(2604, 1, 1035),
(2606, 4, 987),
(2608, 24, 989),
(2610, 119, 991),
(2612, 71, 993),
(2614, 88, 995),
(2616, 97, 997),
(2618, 111, 999),
(2620, 133, 1001),
(2622, 154, 1003),
(2624, 165, 1005),
(2626, 168, 1007),
(2628, 172, 1009),
(2630, 184, 1011),
(2632, 196, 1015),
(2634, 208, 1017),
(2636, 213, 1019),
(2638, 219, 1021),
(2640, 225, 1023),
(2642, 231, 1025),
(2644, 324, 1027),
(2646, 353, 1029),
(2648, 372, 1031),
(2650, 377, 1033),
(2702, 1, 1035),
(2704, 4, 987),
(2706, 24, 989),
(2708, 119, 991),
(2710, 71, 993),
(2712, 94, 995),
(2714, 101, 997),
(2716, 113, 999),
(2718, 133, 1001),
(2720, 152, 1003),
(2722, 159, 1005),
(2724, 168, 1007),
(2726, 174, 1009),
(2728, 182, 1011),
(2730, 202, 1015),
(2732, 206, 1017),
(2734, 215, 1019),
(2736, 221, 1021),
(2738, 227, 1023),
(2740, 243, 1025),
(2742, 324, 1027),
(2744, 359, 1029),
(2746, 372, 1031),
(2748, 377, 1033),
(2810, 1, 1035),
(2812, 4, 987),
(2814, 24, 989),
(2816, 119, 991),
(2818, 71, 993),
(2820, 94, 995),
(2822, 97, 997),
(2824, 113, 999),
(2826, 130, 1001),
(2828, 141, 1003),
(2830, 157, 1005),
(2832, 168, 1007),
(2834, 172, 1009),
(2836, 184, 1011),
(2838, 196, 1015),
(2840, 208, 1017),
(2842, 215, 1019),
(2844, 221, 1021),
(2846, 225, 1023),
(2848, 231, 1025),
(2850, 324, 1027),
(2852, 353, 1029),
(2854, 368, 1031),
(2856, 377, 1033),
(2879, 1, 1035),
(2881, 4, 987),
(2883, 24, 989),
(2885, 119, 991),
(2887, 71, 993),
(2889, 94, 995),
(2891, 97, 997),
(2893, 111, 999),
(2895, 133, 1001),
(2897, 137, 1003),
(2899, 157, 1005),
(2901, 168, 1007),
(2903, 172, 1009),
(2905, 184, 1011),
(2907, 196, 1015),
(2909, 208, 1017),
(2911, 215, 1019),
(2913, 221, 1021),
(2915, 225, 1023),
(2917, 231, 1025),
(2919, 326, 1027),
(2921, 353, 1029),
(2923, 368, 1031),
(2925, 377, 1033),
(2929, 1, 1035),
(2931, 4, 987),
(2933, 24, 989),
(2935, 119, 991),
(2937, 71, 993),
(2939, 94, 995),
(2941, 97, 997),
(2943, 111, 999),
(2945, 133, 1001),
(2947, 137, 1003),
(2949, 159, 1005),
(2951, 168, 1007),
(2953, 172, 1009),
(2955, 184, 1011),
(2957, 196, 1015),
(2959, 208, 1017),
(2961, 215, 1019),
(2963, 221, 1021),
(2965, 225, 1023),
(2967, 231, 1025),
(2969, 324, 1027),
(2971, 353, 1029),
(2973, 368, 1031),
(2975, 377, 1033),
(2994, 1, 1035),
(2996, 4, 987),
(2998, 24, 989),
(3000, 119, 991),
(3002, 71, 993),
(3004, 92, 995),
(3006, 97, 997),
(3008, 111, 999),
(3010, 133, 1001),
(3012, 137, 1003),
(3014, 159, 1005),
(3016, 168, 1007),
(3018, 172, 1009),
(3020, 184, 1011),
(3022, 202, 1015),
(3024, 208, 1017),
(3026, 215, 1019),
(3028, 221, 1021),
(3030, 225, 1023),
(3032, 231, 1025),
(3034, 324, 1027),
(3036, 353, 1029),
(3038, 364, 1031),
(3040, 377, 1033);  
CREATE CACHED TABLE PUBLIC.ORDER_FEATURE_ORD(
    ORDER_FEATURES_ID BIGINT NOT NULL,
    ORD_ID BIGINT NOT NULL
);             
-- 48 +/- SELECT COUNT(*) FROM PUBLIC.ORDER_FEATURE_ORD;       
INSERT INTO PUBLIC.ORDER_FEATURE_ORD(ORDER_FEATURES_ID, ORD_ID) VALUES
(2879, 2927),
(2881, 2927),
(2883, 2927),
(2885, 2927),
(2887, 2927),
(2889, 2927),
(2891, 2927),
(2893, 2927),
(2895, 2927),
(2897, 2927),
(2899, 2927),
(2901, 2927),
(2903, 2927),
(2905, 2927),
(2907, 2927),
(2909, 2927),
(2911, 2927),
(2913, 2927),
(2915, 2927),
(2917, 2927),
(2919, 2927),
(2921, 2927),
(2923, 2927),
(2925, 2927),
(2994, 3042),
(2996, 3042),
(2998, 3042),
(3000, 3042),
(3002, 3042),
(3004, 3042),
(3006, 3042),
(3008, 3042),
(3010, 3042),
(3012, 3042),
(3014, 3042),
(3016, 3042),
(3018, 3042),
(3020, 3042),
(3022, 3042),
(3024, 3042),
(3026, 3042),
(3028, 3042),
(3030, 3042),
(3032, 3042),
(3034, 3042),
(3036, 3042),
(3038, 3042),
(3040, 3042);         
CREATE CACHED TABLE PUBLIC.PARTICIPANTS(
    USER_ID BIGINT NOT NULL,
    PROJECT_ID BIGINT NOT NULL
);        
ALTER TABLE PUBLIC.PARTICIPANTS ADD CONSTRAINT PUBLIC.CONSTRAINT_14 PRIMARY KEY(USER_ID, PROJECT_ID);          
-- 0 +/- SELECT COUNT(*) FROM PUBLIC.PARTICIPANTS;             
CREATE CACHED TABLE PUBLIC.PARTICIPANTS_AUD(
    REV INTEGER NOT NULL,
    USER_ID BIGINT NOT NULL,
    PROJECT_ID BIGINT NOT NULL,
    REVTYPE TINYINT
);     
ALTER TABLE PUBLIC.PARTICIPANTS_AUD ADD CONSTRAINT PUBLIC.CONSTRAINT_24 PRIMARY KEY(REV, USER_ID, PROJECT_ID); 
-- 0 +/- SELECT COUNT(*) FROM PUBLIC.PARTICIPANTS_AUD;         
CREATE CACHED TABLE PUBLIC.PRODUCT_CONFIGURATION_AUD(
    ID BIGINT NOT NULL,
    REV INTEGER NOT NULL,
    REVTYPE TINYINT,
    NAME VARCHAR(255)
);          
ALTER TABLE PUBLIC.PRODUCT_CONFIGURATION_AUD ADD CONSTRAINT PUBLIC.CONSTRAINT_F1 PRIMARY KEY(ID, REV);         
-- 101 +/- SELECT COUNT(*) FROM PUBLIC.PRODUCT_CONFIGURATION_AUD;              
INSERT INTO PUBLIC.PRODUCT_CONFIGURATION_AUD(ID, REV, REVTYPE, NAME) VALUES
(8, 9, 0, 'curtain'),
(8, 44, 1, 'curtain'),
(8, 75, 1, 'curtain'),
(8, 107, 1, 'curtain'),
(8, 118, 1, 'curtain'),
(8, 128, 1, 'curtain'),
(8, 253, 1, 'curtain'),
(8, 330, 1, 'curtain'),
(8, 384, 1, 'curtain'),
(8, 391, 1, 'std curtain'),
(8, 392, 1, 'std curtaincopy'),
(8, 393, 1, 'std curtaincopycopy'),
(8, 394, 1, 'std curtaincopycopycopy'),
(8, 395, 1, 'std curtaincopycopycopycopy'),
(398, 399, 0, 'std curtaincopycopycopycopycopy'),
(398, 400, 1, 'std curtaincopycopycopycopycopy'),
(8, 400, 1, 'std curtaincopycopycopycopy'),
(398, 426, 1, 'curtain Tail lift'),
(8, 427, 1, 'std curtaincopycopycopycopy'),
(398, 427, 1, 'curtain Tail lift'),
(8, 452, 1, 'std curtain'),
(8, 453, 1, 'std curtain'),
(398, 479, 1, 'curtain Tail lift'),
(8, 484, 1, 'std curtain'),
(398, 484, 1, 'curtain Tail lift'),
(8, 485, 1, 'std curtain'),
(398, 485, 1, 'curtain Tail lift'),
(398, 486, 1, 'curtain Tail lift'),
(8, 486, 1, 'std curtain'),
(398, 487, 1, 'curtain Tail lift'),
(8, 487, 1, 'std curtain'),
(490, 491, 0, 'std curtaincopy'),
(490, 492, 2, NULL),
(8, 493, 1, 'std curtain'),
(398, 493, 1, 'curtain Tail lift'),
(576, 577, 0, 'std curtaincopy'),
(576, 578, 1, 'std curtaincopy'),
(576, 580, 2, NULL),
(581, 582, 0, 'std curtaincopy'),
(581, 583, 2, NULL),
(635, 636, 0, 'std curtaincopy'),
(635, 637, 1, 'std curtaincopy'),
(635, 663, 2, NULL),
(664, 665, 0, 'curtain Tail liftcopy'),
(664, 666, 2, NULL),
(398, 672, 1, 'curtain Tail lift'),
(725, 726, 0, 'std curtaincopy'),
(725, 727, 1, 'std curtaincopy'),
(725, 754, 2, NULL),
(805, 806, 0, 'std curtaincopy'),
(805, 835, 1, 'curtain 100 Neck'),
(8, 947, 1, 'pattern'),
(398, 975, 1, 'curtain Tail lift'),
(398, 976, 2, NULL),
(1037, 1038, 0, 'patterncopy'),
(1037, 1039, 1, 'standard curtain'),
(1037, 1213, 1, 'standard curtain'),
(805, 1214, 1, 'curtain 100 Neck'),
(1266, 1267, 0, 'curtain 100 Neckcopy'),
(1266, 1268, 1, 'curtain 100 Neck SAF drum'),
(1037, 1288, 1, 'standard curtain BPW'),
(805, 1299, 1, 'curtain 100 Neck'),
(805, 1300, 1, 'curtain 100 Neck'),
(805, 1301, 1, 'curtain 100 Neck'),
(805, 1302, 1, 'curtain 100 Neck'),
(805, 1303, 1, 'curtain 100 Neck'),
(805, 1304, 1, 'curtain 100 Neck'),
(805, 1305, 1, 'curtain 100 Neck'),
(805, 1306, 1, 'curtain 100 Neck'),
(805, 1307, 1, 'curtain 100 Neck'),
(805, 1308, 1, 'curtain 100 Neck'),
(805, 1309, 1, 'curtain 100 Neck'),
(805, 1310, 1, 'curtain 100 Neck'),
(805, 1311, 1, 'curtain 100 Neck'),
(805, 1312, 1, 'curtain 100 Neck'),
(805, 1313, 1, 'curtain 100 Neck'),
(805, 1314, 1, 'curtain 100 Neck'),
(805, 1315, 1, 'curtain 100 Neck'),
(805, 1316, 1, 'curtain 100 Neck'),
(805, 1317, 1, 'curtain 100 Neck'),
(805, 1318, 1, 'curtain 100 Neck'),
(805, 1319, 1, 'curtain 100 Neck'),
(805, 1320, 1, 'curtain 100 Neck'),
(805, 1321, 1, 'curtain 100 Neck'),
(805, 1322, 1, 'curtain 100 Neck'),
(805, 1323, 2, NULL),
(3150, 3151, 0, 'patterncopy'),
(3150, 3152, 1, 'standard for tail lift DH-20, BPW'),
(3150, 3197, 1, 'standard for tail lift DH-20, BPW'),
(3270, 3271, 0, 'curtain 100 Neck SAF drumcopy'),
(3270, 3272, 1, 'curtain 100 Neck SAF drum with rubber GTO buffers'),
(3329, 3330, 0, 'standard curtain BPWcopy'),
(3329, 3331, 1, 'standard curtain BPW fir SKS tail lif'),
(3395, 3396, 0, 'patterncopy'),
(3395, 3397, 1, '300mm cross barrers distance with RDC'),
(3395, 3425, 1, '300mm cross barrers distance with RDC, BPW'),
(3329, 3448, 1, 'standard curtain BPW for SKS tail lif'),
(3499, 3500, 0, 'standard curtain BPWcopy'),
(3499, 3501, 1, 'standard curtain SAF'),
(3557, 3558, 0, 'standard curtain BPWcopy'),
(3557, 3559, 1, 'standard curtain Jost disc');        
CREATE CACHED TABLE PUBLIC.PRODUCT_FEATURE_AUD(
    ID BIGINT NOT NULL,
    REV INTEGER NOT NULL,
    REVTYPE TINYINT,
    DESCRIPTION VARCHAR(255),
    IMAGE_PATH VARCHAR(255),
    NAME VARCHAR(255),
    POSITION INTEGER,
    ORDER_FEATURE_ID BIGINT,
    PRODUCT_CONFIGURATION_ID BIGINT
);             
ALTER TABLE PUBLIC.PRODUCT_FEATURE_AUD ADD CONSTRAINT PUBLIC.CONSTRAINT_85 PRIMARY KEY(ID, REV);               
-- 2306 +/- SELECT COUNT(*) FROM PUBLIC.PRODUCT_FEATURE_AUD;   
INSERT INTO PUBLIC.PRODUCT_FEATURE_AUD(ID, REV, REVTYPE, DESCRIPTION, IMAGE_PATH, NAME, POSITION, ORDER_FEATURE_ID, PRODUCT_CONFIGURATION_ID) VALUES
(11, 2, 1, 'distance from ground to king pin plate', 'default.png', '5-th wheel heigth', 0, NULL, NULL),
(12, 3, 1, 'producer of the axle', 'default.png', 'Axle', 0, NULL, NULL),
(12, 6, 1, 'producer of the axle', 'default.png', 'Axle', 0, NULL, NULL),
(11, 9, 1, 'distance from ground to king pin plate', 'default.png', '5-th wheel heigth', 0, NULL, 8),
(12, 9, 1, 'producer of the axle', 'default.png', 'Axle', 0, NULL, 8),
(13, 9, 1, '', 'default.png', 'Body Type', 0, NULL, 8),
(12, 10, 1, 'producer of the axle', 'default.png', 'Axle', 1, NULL, 8),
(13, 11, 1, '', 'default.png', 'Body Type', 2, NULL, 8),
(13, 12, 1, '', 'default.png', 'Body Type', 1, NULL, 8),
(12, 12, 1, 'producer of the axle', 'default.png', 'Axle', 2, NULL, 8),
(12, 13, 1, 'producer of the axle', 'default.png', 'Axle', 1, NULL, 8),
(13, 13, 1, '', 'default.png', 'Body Type', 2, NULL, 8),
(11, 17, 1, 'distance from ground to king pin plate', 'default.png', '5-th wheel heigth', 0, 14, 8),
(12, 19, 1, 'producer of the axle', 'default.png', 'Axle', 1, 16, 8),
(13, 23, 1, '', 'default.png', 'Version', 2, NULL, 8),
(13, 26, 1, '', 'default.png', 'Version', 2, NULL, 8),
(13, 29, 1, '', 'default.png', 'Version', 2, NULL, 8),
(13, 30, 1, '', 'default.png', 'Version', 2, NULL, 8),
(13, 31, 1, '', 'default.png', 'Version', 1, NULL, 8),
(12, 31, 1, 'producer of the axle', 'default.png', 'Axle', 2, 16, 8),
(13, 32, 1, '', 'default.png', 'Version', 0, NULL, 8),
(11, 32, 1, 'distance from ground to king pin plate', 'default.png', '5-th wheel heigth', 1, 14, 8),
(35, 36, 0, '', '', 'Tail lift', NULL, NULL, NULL),
(35, 39, 1, '', '', 'Tail lift', NULL, NULL, NULL),
(35, 40, 1, '', '', 'Tail lift', NULL, NULL, NULL),
(35, 43, 1, '', '', 'Tail lift', NULL, NULL, NULL),
(13, 44, 1, '', 'default.png', 'Version', 5, NULL, 8),
(11, 44, 1, 'distance from ground to king pin plate', 'default.png', '5-th wheel heigth', 3, 14, 8),
(12, 44, 1, 'producer of the axle', 'default.png', 'Axle', 4, 16, 8),
(35, 44, 1, '', '', 'Tail lift', 6, NULL, 8),
(13, 45, 1, '', 'default.png', 'Version', 0, NULL, 8),
(11, 46, 1, 'distance from ground to king pin plate', 'default.png', '5-th wheel heigth', 1, 14, 8),
(12, 47, 1, 'producer of the axle', 'default.png', 'Axle', 2, 16, 8),
(11, 48, 1, 'distance from ground to king pin plate', 'default.png', '5-th wheel heigth', 3, 14, 8),
(12, 49, 1, 'producer of the axle', 'default.png', 'Axle', 4, 16, 8),
(13, 50, 1, '', 'default.png', 'Version', 5, NULL, 8),
(13, 51, 1, '', 'default.png', 'Version', 4, NULL, 8),
(12, 51, 1, 'producer of the axle', 'default.png', 'Axle', 5, 16, 8),
(13, 52, 1, '', 'default.png', 'Version', 3, NULL, 8),
(11, 52, 1, 'distance from ground to king pin plate', 'default.png', '5-th wheel heigth', 4, 14, 8),
(13, 56, 1, '', 'default.png', 'Version', 3, 53, 8),
(11, 58, 1, 'distance from ground to king pin plate', 'default.png', '5-th wheel heigth', 4, 55, 8),
(12, 60, 1, 'producer of the axle', 'default.png', 'Axle', 5, 57, 8),
(35, 62, 1, '', '', 'Tail lift', 6, 59, 8),
(11, 65, 1, 'distance from ground to king pin plate', 'default.png', '5-th wheel heigth', 4, 55, 8),
(11, 66, 1, 'distance from ground to king pin plate', 'default.png', '5-th wheel heigth', 3, 55, 8),
(13, 66, 1, '', 'default.png', 'Version', 4, 53, 8),
(12, 70, 1, 'producer of the axle', 'default.png', 'Axle', 5, 57, 8),
(73, 74, 0, '', '', 'Neck Height', NULL, NULL, NULL),
(73, 75, 1, '', '', 'Neck Height', 7, NULL, 8),
(11, 76, 1, 'distance from ground to king pin plate', 'default.png', '5-th wheel heigth', 0, 55, 8),
(13, 77, 1, '', 'default.png', 'Version', 1, 53, 8),
(12, 78, 1, 'producer of the axle', 'default.png', 'Axle', 2, 57, 8),
(35, 79, 1, '', '', 'Tail lift', 3, 59, 8),
(73, 80, 1, '', '', 'Neck Height', 4, NULL, 8),
(73, 81, 1, '', '', 'Neck Height', 3, NULL, 8),
(35, 81, 1, '', '', 'Tail lift', 4, 59, 8),
(73, 82, 1, '', '', 'Neck Height', 2, NULL, 8),
(12, 82, 1, 'producer of the axle', 'default.png', 'Axle', 3, 57, 8);    
INSERT INTO PUBLIC.PRODUCT_FEATURE_AUD(ID, REV, REVTYPE, DESCRIPTION, IMAGE_PATH, NAME, POSITION, ORDER_FEATURE_ID, PRODUCT_CONFIGURATION_ID) VALUES
(12, 83, 1, 'producer of the axle', 'default.png', 'Axle', 2, 57, 8),
(73, 83, 1, '', '', 'Neck Height', 3, NULL, 8),
(73, 86, 1, '', '', 'Neck Height', 3, NULL, 8),
(90, 91, 0, '', '', 'Revers sensor', NULL, NULL, NULL),
(90, 96, 1, '', '', 'Revers sensor', NULL, NULL, NULL),
(105, 106, 0, '', '', 'Front Pulpit', NULL, NULL, NULL),
(90, 107, 1, '', '', 'Revers sensor', 5, NULL, 8),
(105, 107, 1, '', '', 'Front Pulpit', 6, NULL, 8),
(105, 110, 1, '', '', 'Front Pulpit', 6, NULL, 8),
(115, 116, 0, '', '', 'Rear ladder', NULL, NULL, NULL),
(115, 117, 1, '', '', 'Rear ladder', NULL, NULL, NULL),
(115, 118, 1, '', '', 'Rear ladder', 7, NULL, 8),
(35, 121, 1, '', '', 'Tail lift', 4, 59, 8),
(124, 125, 0, '', '', 'asdf', NULL, NULL, NULL),
(124, 126, 1, '', '', 'Floor', NULL, NULL, NULL),
(124, 128, 1, '', '', 'Floor', 8, NULL, 8),
(124, 129, 1, '', '', 'Floor', 8, NULL, 8),
(124, 132, 1, '', '', 'Floor', 8, NULL, 8),
(124, 135, 1, '', '', 'Floor', 8, NULL, 8),
(139, 140, 0, '', '', 'Rear underrun', NULL, NULL, NULL),
(139, 143, 1, '', '', 'Rear underrun', NULL, NULL, NULL),
(139, 156, 1, '', '', 'Rear underrun', NULL, NULL, NULL),
(163, 164, 0, '', '', 'Landing legs', NULL, NULL, NULL),
(163, 167, 1, '', '', 'Landing legs', NULL, NULL, NULL),
(170, 171, 0, '', '', 'Air tanks', NULL, NULL, NULL),
(180, 181, 0, '', '', 'Side protection', NULL, NULL, NULL),
(186, 187, 0, '', '', 'Mudguards', NULL, NULL, NULL),
(194, 195, 0, '', '', 'Mudguards logo', NULL, NULL, NULL),
(204, 205, 0, '', '', 'Rear buffer', NULL, NULL, NULL),
(210, 211, 0, '', '', 'Rims', NULL, NULL, NULL),
(204, 212, 1, '', '', 'Rear buffer', NULL, NULL, NULL),
(217, 218, 0, '', '', 'Tites', NULL, NULL, NULL),
(223, 224, 0, '', '', 'Info center', NULL, NULL, NULL),
(229, 230, 0, '', '', 'Breaking system', NULL, NULL, NULL),
(251, 252, 0, '', '', 'Rear lights', NULL, NULL, NULL),
(11, 253, 1, 'distance from ground to king pin plate', 'default.png', '5-th wheel heigth', 9, 55, 8),
(13, 253, 1, '', 'default.png', 'Version', 11, 53, 8),
(12, 253, 1, 'producer of the axle', 'default.png', 'Axle', 10, 57, 8),
(73, 253, 1, '', '', 'Neck Height', 13, NULL, 8),
(35, 253, 1, '', '', 'Tail lift', 12, 59, 8),
(90, 253, 1, '', '', 'Revers sensor', 14, NULL, 8),
(105, 253, 1, '', '', 'Front Pulpit', 15, NULL, 8),
(115, 253, 1, '', '', 'Rear ladder', 16, NULL, 8),
(124, 253, 1, '', '', 'Floor', 17, NULL, 8),
(139, 253, 1, '', '', 'Rear underrun', 18, NULL, 8),
(163, 253, 1, '', '', 'Landing legs', 19, NULL, 8),
(170, 253, 1, '', '', 'Air tanks', 20, NULL, 8),
(180, 253, 1, '', '', 'Side protection', 21, NULL, 8),
(186, 253, 1, '', '', 'Mudguards', 22, NULL, 8),
(194, 253, 1, '', '', 'Mudguards logo', 23, NULL, 8),
(204, 253, 1, '', '', 'Rear buffer', 24, NULL, 8),
(210, 253, 1, '', '', 'Rims', 25, NULL, 8),
(217, 253, 1, '', '', 'Tites', 26, NULL, 8),
(223, 253, 1, '', '', 'Info center', 27, NULL, 8),
(229, 253, 1, '', '', 'Breaking system', 28, NULL, 8),
(251, 253, 1, '', '', 'Rear lights', 29, NULL, 8),
(11, 254, 1, 'distance from ground to king pin plate', 'default.png', '5-th wheel heigth', 0, 55, 8),
(13, 255, 1, '', 'default.png', 'Version', 1, 53, 8),
(12, 256, 1, 'producer of the axle', 'default.png', 'Axle', 2, 57, 8),
(73, 257, 1, '', '', 'Neck Height', 3, NULL, 8),
(35, 258, 1, '', '', 'Tail lift', 4, 59, 8),
(90, 259, 1, '', '', 'Revers sensor', 5, NULL, 8),
(105, 260, 1, '', '', 'Front Pulpit', 6, NULL, 8),
(115, 261, 1, '', '', 'Rear ladder', 7, NULL, 8),
(124, 262, 1, '', '', 'Floor', 8, NULL, 8),
(11, 263, 1, 'distance from ground to king pin plate', 'default.png', '5-th wheel heigth', 9, 55, 8),
(12, 264, 1, 'producer of the axle', 'default.png', 'Axle', 10, 57, 8),
(13, 265, 1, '', 'default.png', 'Version', 11, 53, 8),
(35, 266, 1, '', '', 'Tail lift', 12, 59, 8),
(73, 267, 1, '', '', 'Neck Height', 13, NULL, 8),
(90, 268, 1, '', '', 'Revers sensor', 14, NULL, 8),
(105, 269, 1, '', '', 'Front Pulpit', 15, NULL, 8),
(115, 270, 1, '', '', 'Rear ladder', 16, NULL, 8);            
INSERT INTO PUBLIC.PRODUCT_FEATURE_AUD(ID, REV, REVTYPE, DESCRIPTION, IMAGE_PATH, NAME, POSITION, ORDER_FEATURE_ID, PRODUCT_CONFIGURATION_ID) VALUES
(124, 271, 1, '', '', 'Floor', 17, NULL, 8),
(11, 275, 1, 'distance from ground to king pin plate', 'default.png', '5-th wheel heigth', 9, 272, 8),
(12, 277, 1, 'producer of the axle', 'default.png', 'Axle', 10, 274, 8),
(13, 279, 1, '', 'default.png', 'Version', 11, 276, 8),
(35, 281, 1, '', '', 'Tail lift', 12, 278, 8),
(73, 283, 1, '', '', 'Neck Height', 13, 280, 8),
(90, 285, 1, '', '', 'Revers sensor', 14, 282, 8),
(105, 287, 1, '', '', 'Front Pulpit', 15, 284, 8),
(115, 289, 1, '', '', 'Rear ladder', 16, 286, 8),
(124, 291, 1, '', '', 'Floor', 17, 288, 8),
(139, 293, 1, '', '', 'Rear underrun', 18, 290, 8),
(163, 295, 1, '', '', 'Landing legs', 19, 292, 8),
(170, 297, 1, '', '', 'Air tanks', 20, 294, 8),
(180, 299, 1, '', '', 'Side protection', 21, 296, 8),
(186, 301, 1, '', '', 'Mudguards', 22, 298, 8),
(194, 303, 1, '', '', 'Mudguards logo', 23, 300, 8),
(204, 305, 1, '', '', 'Rear buffer', 24, 302, 8),
(210, 307, 1, '', '', 'Rims', 25, 304, 8),
(217, 309, 1, '', '', 'Tites', 26, 306, 8),
(223, 311, 1, '', '', 'Info center', 27, 308, 8),
(229, 313, 1, '', '', 'Breaking system', 28, 310, 8),
(251, 315, 1, '', '', 'Rear lights', 29, 312, 8),
(217, 317, 1, '', '', 'Tires', 26, 306, 8),
(13, 323, 1, '', 'default.png', 'Version', 11, 276, 8),
(328, 329, 0, '', '', 'Hubodometer', NULL, NULL, NULL),
(328, 330, 1, '', '', 'Hubodometer', 30, NULL, 8),
(11, 331, 1, 'distance from ground to king pin plate', 'default.png', '5-th wheel heigth', 0, 272, 8),
(12, 332, 1, 'producer of the axle', 'default.png', 'Axle', 1, 274, 8),
(13, 333, 1, '', 'default.png', 'Version', 2, 276, 8),
(35, 334, 1, '', '', 'Tail lift', 3, 278, 8),
(73, 335, 1, '', '', 'Neck Height', 4, 280, 8),
(90, 336, 1, '', '', 'Revers sensor', 5, 282, 8),
(105, 337, 1, '', '', 'Front Pulpit', 6, 284, 8),
(115, 338, 1, '', '', 'Rear ladder', 7, 286, 8),
(124, 339, 1, '', '', 'Floor', 8, 288, 8),
(139, 340, 1, '', '', 'Rear underrun', 9, 290, 8),
(163, 341, 1, '', '', 'Landing legs', 10, 292, 8),
(170, 342, 1, '', '', 'Air tanks', 11, 294, 8),
(180, 343, 1, '', '', 'Side protection', 12, 296, 8),
(186, 344, 1, '', '', 'Mudguards', 13, 298, 8),
(194, 345, 1, '', '', 'Mudguards logo', 14, 300, 8),
(204, 346, 1, '', '', 'Rear buffer', 15, 302, 8),
(210, 347, 1, '', '', 'Rims', 16, 304, 8),
(217, 348, 1, '', '', 'Tires', 17, 306, 8),
(223, 349, 1, '', '', 'Info center', 18, 308, 8),
(229, 350, 1, '', '', 'Breaking system', 19, 310, 8),
(251, 351, 1, '', '', 'Rear lights', 20, 312, 8),
(328, 352, 1, '', '', 'Hubodometer', 21, NULL, 8),
(357, 358, 0, '', '', 'Front vertical plate', NULL, NULL, NULL),
(357, 362, 1, '', '', 'Front vertical plate', NULL, NULL, NULL),
(370, 371, 0, '', '', 'Lashing rings', NULL, NULL, NULL),
(370, 374, 1, '', '', 'Lashing rings', NULL, NULL, NULL),
(379, 380, 0, '', '', 'Ferry rings', NULL, NULL, NULL),
(370, 383, 1, '', '', 'Lashing rings', NULL, NULL, NULL),
(328, 384, 1, '', '', 'Hubodometer', 22, NULL, 8),
(357, 384, 1, '', '', 'Front vertical plate', 23, NULL, 8),
(370, 384, 1, '', '', 'Lashing rings', 24, NULL, 8),
(379, 384, 1, '', '', 'Ferry rings', 25, NULL, 8),
(328, 385, 1, '', '', 'Hubodometer', 21, NULL, 8),
(328, 386, 1, '', '', 'Hubodometer', 22, NULL, 8),
(328, 387, 1, '', '', 'Hubodometer', 21, NULL, 8),
(357, 388, 1, '', '', 'Front vertical plate', 22, NULL, 8),
(370, 389, 1, '', '', 'Lashing rings', 23, NULL, 8),
(379, 390, 1, '', '', 'Ferry rings', 24, NULL, 8),
(11, 400, 1, 'distance from ground to king pin plate', 'default.png', '5-th wheel heigth', 1, 272, 398),
(12, 400, 1, 'producer of the axle', 'default.png', 'Axle', 2, 274, 398),
(13, 400, 1, '', 'default.png', 'Version', 3, 276, 398),
(35, 400, 1, '', '', 'Tail lift', 4, 278, 398),
(73, 400, 1, '', '', 'Neck Height', 5, 280, 398),
(90, 400, 1, '', '', 'Revers sensor', 6, 282, 398),
(105, 400, 1, '', '', 'Front Pulpit', 7, 284, 398),
(115, 400, 1, '', '', 'Rear ladder', 8, 286, 398),
(124, 400, 1, '', '', 'Floor', 9, 288, 398); 
INSERT INTO PUBLIC.PRODUCT_FEATURE_AUD(ID, REV, REVTYPE, DESCRIPTION, IMAGE_PATH, NAME, POSITION, ORDER_FEATURE_ID, PRODUCT_CONFIGURATION_ID) VALUES
(139, 400, 1, '', '', 'Rear underrun', 10, 290, 398),
(163, 400, 1, '', '', 'Landing legs', 11, 292, 398),
(170, 400, 1, '', '', 'Air tanks', 12, 294, 398),
(180, 400, 1, '', '', 'Side protection', 13, 296, 398),
(186, 400, 1, '', '', 'Mudguards', 14, 298, 398),
(194, 400, 1, '', '', 'Mudguards logo', 15, 300, 398),
(204, 400, 1, '', '', 'Rear buffer', 16, 302, 398),
(210, 400, 1, '', '', 'Rims', 17, 304, 398),
(217, 400, 1, '', '', 'Tires', 18, 306, 398),
(223, 400, 1, '', '', 'Info center', 19, 308, 398),
(229, 400, 1, '', '', 'Breaking system', 20, 310, 398),
(251, 400, 1, '', '', 'Rear lights', 21, 312, 398),
(328, 400, 1, '', '', 'Hubodometer', 22, NULL, 398),
(357, 400, 1, '', '', 'Front vertical plate', 23, NULL, 398),
(370, 400, 1, '', '', 'Lashing rings', 24, NULL, 398),
(379, 400, 1, '', '', 'Ferry rings', 25, NULL, 398),
(11, 401, 1, 'distance from ground to king pin plate', 'default.png', '5-th wheel heigth', 0, 272, 398),
(12, 402, 1, 'producer of the axle', 'default.png', 'Axle', 1, 274, 398),
(13, 403, 1, '', 'default.png', 'Version', 2, 276, 398),
(35, 404, 1, '', '', 'Tail lift', 3, 278, 398),
(73, 405, 1, '', '', 'Neck Height', 4, 280, 398),
(90, 406, 1, '', '', 'Revers sensor', 5, 282, 398),
(105, 407, 1, '', '', 'Front Pulpit', 6, 284, 398),
(115, 408, 1, '', '', 'Rear ladder', 7, 286, 398),
(124, 409, 1, '', '', 'Floor', 8, 288, 398),
(139, 410, 1, '', '', 'Rear underrun', 9, 290, 398),
(163, 411, 1, '', '', 'Landing legs', 10, 292, 398),
(170, 412, 1, '', '', 'Air tanks', 11, 294, 398),
(180, 413, 1, '', '', 'Side protection', 12, 296, 398),
(186, 414, 1, '', '', 'Mudguards', 13, 298, 398),
(194, 415, 1, '', '', 'Mudguards logo', 14, 300, 398),
(204, 416, 1, '', '', 'Rear buffer', 15, 302, 398),
(210, 417, 1, '', '', 'Rims', 16, 304, 398),
(217, 418, 1, '', '', 'Tires', 17, 306, 398),
(223, 419, 1, '', '', 'Info center', 18, 308, 398),
(229, 420, 1, '', '', 'Breaking system', 19, 310, 398),
(251, 421, 1, '', '', 'Rear lights', 20, 312, 398),
(328, 422, 1, '', '', 'Hubodometer', 21, NULL, 398),
(357, 423, 1, '', '', 'Front vertical plate', 22, NULL, 398),
(370, 424, 1, '', '', 'Lashing rings', 23, NULL, 398),
(379, 425, 1, '', '', 'Ferry rings', 24, NULL, 398),
(11, 427, 1, 'distance from ground to king pin plate', 'default.png', '5-th wheel heigth', 1, 272, 8),
(12, 427, 1, 'producer of the axle', 'default.png', 'Axle', 2, 274, 8),
(13, 427, 1, '', 'default.png', 'Version', 3, 276, 8),
(35, 427, 1, '', '', 'Tail lift', 4, 278, 8),
(73, 427, 1, '', '', 'Neck Height', 5, 280, 8),
(90, 427, 1, '', '', 'Revers sensor', 6, 282, 8),
(105, 427, 1, '', '', 'Front Pulpit', 7, 284, 8),
(115, 427, 1, '', '', 'Rear ladder', 8, 286, 8),
(124, 427, 1, '', '', 'Floor', 9, 288, 8),
(139, 427, 1, '', '', 'Rear underrun', 10, 290, 8),
(163, 427, 1, '', '', 'Landing legs', 11, 292, 8),
(170, 427, 1, '', '', 'Air tanks', 12, 294, 8),
(180, 427, 1, '', '', 'Side protection', 13, 296, 8),
(186, 427, 1, '', '', 'Mudguards', 14, 298, 8),
(194, 427, 1, '', '', 'Mudguards logo', 15, 300, 8),
(204, 427, 1, '', '', 'Rear buffer', 16, 302, 8),
(210, 427, 1, '', '', 'Rims', 17, 304, 8),
(217, 427, 1, '', '', 'Tires', 18, 306, 8),
(223, 427, 1, '', '', 'Info center', 19, 308, 8),
(229, 427, 1, '', '', 'Breaking system', 20, 310, 8),
(251, 427, 1, '', '', 'Rear lights', 21, 312, 8),
(328, 427, 1, '', '', 'Hubodometer', 22, NULL, 8),
(357, 427, 1, '', '', 'Front vertical plate', 23, NULL, 8),
(370, 427, 1, '', '', 'Lashing rings', 24, NULL, 8),
(11, 428, 1, 'distance from ground to king pin plate', 'default.png', '5-th wheel heigth', 0, 272, 8),
(12, 429, 1, 'producer of the axle', 'default.png', 'Axle', 1, 274, 8),
(13, 430, 1, '', 'default.png', 'Version', 2, 276, 8),
(35, 431, 1, '', '', 'Tail lift', 3, 278, 8),
(73, 432, 1, '', '', 'Neck Height', 4, 280, 8),
(90, 433, 1, '', '', 'Revers sensor', 5, 282, 8),
(105, 434, 1, '', '', 'Front Pulpit', 6, 284, 8),
(115, 435, 1, '', '', 'Rear ladder', 7, 286, 8);        
INSERT INTO PUBLIC.PRODUCT_FEATURE_AUD(ID, REV, REVTYPE, DESCRIPTION, IMAGE_PATH, NAME, POSITION, ORDER_FEATURE_ID, PRODUCT_CONFIGURATION_ID) VALUES
(124, 436, 1, '', '', 'Floor', 8, 288, 8),
(139, 437, 1, '', '', 'Rear underrun', 9, 290, 8),
(163, 438, 1, '', '', 'Landing legs', 10, 292, 8),
(170, 439, 1, '', '', 'Air tanks', 11, 294, 8),
(180, 440, 1, '', '', 'Side protection', 12, 296, 8),
(186, 441, 1, '', '', 'Mudguards', 13, 298, 8),
(194, 442, 1, '', '', 'Mudguards logo', 14, 300, 8),
(204, 443, 1, '', '', 'Rear buffer', 15, 302, 8),
(210, 444, 1, '', '', 'Rims', 16, 304, 8),
(217, 445, 1, '', '', 'Tires', 17, 306, 8),
(223, 446, 1, '', '', 'Info center', 18, 308, 8),
(229, 447, 1, '', '', 'Breaking system', 19, 310, 8),
(251, 448, 1, '', '', 'Rear lights', 20, 312, 8),
(328, 449, 1, '', '', 'Hubodometer', 21, NULL, 8),
(357, 450, 1, '', '', 'Front vertical plate', 22, NULL, 8),
(370, 451, 1, '', '', 'Lashing rings', 23, NULL, 8),
(11, 453, 1, 'distance from ground to king pin plate', 'default.png', '5-th wheel heigth', 1, 272, NULL),
(12, 453, 1, 'producer of the axle', 'default.png', 'Axle', 2, 274, NULL),
(13, 453, 1, '', 'default.png', 'Version', 3, 276, NULL),
(35, 453, 1, '', '', 'Tail lift', 4, 278, NULL),
(73, 453, 1, '', '', 'Neck Height', 5, 280, NULL),
(90, 453, 1, '', '', 'Revers sensor', 6, 282, NULL),
(105, 453, 1, '', '', 'Front Pulpit', 7, 284, NULL),
(115, 453, 1, '', '', 'Rear ladder', 8, 286, NULL),
(124, 453, 1, '', '', 'Floor', 9, 288, NULL),
(139, 453, 1, '', '', 'Rear underrun', 10, 290, NULL),
(163, 453, 1, '', '', 'Landing legs', 11, 292, NULL),
(170, 453, 1, '', '', 'Air tanks', 12, 294, NULL),
(180, 453, 1, '', '', 'Side protection', 13, 296, NULL),
(186, 453, 1, '', '', 'Mudguards', 14, 298, NULL),
(194, 453, 1, '', '', 'Mudguards logo', 15, 300, NULL),
(204, 453, 1, '', '', 'Rear buffer', 16, 302, NULL),
(210, 453, 1, '', '', 'Rims', 17, 304, NULL),
(217, 453, 1, '', '', 'Tires', 18, 306, NULL),
(223, 453, 1, '', '', 'Info center', 19, 308, NULL),
(229, 453, 1, '', '', 'Breaking system', 20, 310, NULL),
(251, 453, 1, '', '', 'Rear lights', 21, 312, NULL),
(328, 453, 1, '', '', 'Hubodometer', 22, NULL, NULL),
(357, 453, 1, '', '', 'Front vertical plate', 23, NULL, NULL),
(370, 453, 1, '', '', 'Lashing rings', 24, NULL, NULL),
(379, 453, 1, '', '', 'Ferry rings', 25, NULL, NULL),
(11, 454, 1, 'distance from ground to king pin plate', 'default.png', '5-th wheel heigth', 0, 272, NULL),
(12, 455, 1, 'producer of the axle', 'default.png', 'Axle', 1, 274, NULL),
(13, 456, 1, '', 'default.png', 'Version', 2, 276, NULL),
(35, 457, 1, '', '', 'Tail lift', 3, 278, NULL),
(73, 458, 1, '', '', 'Neck Height', 4, 280, NULL),
(90, 459, 1, '', '', 'Revers sensor', 5, 282, NULL),
(105, 460, 1, '', '', 'Front Pulpit', 6, 284, NULL),
(115, 461, 1, '', '', 'Rear ladder', 7, 286, NULL),
(124, 462, 1, '', '', 'Floor', 8, 288, NULL),
(139, 463, 1, '', '', 'Rear underrun', 9, 290, NULL),
(163, 464, 1, '', '', 'Landing legs', 10, 292, NULL),
(170, 465, 1, '', '', 'Air tanks', 11, 294, NULL),
(180, 466, 1, '', '', 'Side protection', 12, 296, NULL),
(186, 467, 1, '', '', 'Mudguards', 13, 298, NULL),
(194, 468, 1, '', '', 'Mudguards logo', 14, 300, NULL),
(204, 469, 1, '', '', 'Rear buffer', 15, 302, NULL),
(210, 470, 1, '', '', 'Rims', 16, 304, NULL),
(217, 471, 1, '', '', 'Tires', 17, 306, NULL),
(223, 472, 1, '', '', 'Info center', 18, 308, NULL),
(229, 473, 1, '', '', 'Breaking system', 19, 310, NULL),
(251, 474, 1, '', '', 'Rear lights', 20, 312, NULL),
(328, 475, 1, '', '', 'Hubodometer', 21, NULL, NULL),
(357, 476, 1, '', '', 'Front vertical plate', 22, NULL, NULL),
(370, 477, 1, '', '', 'Lashing rings', 23, NULL, NULL),
(379, 478, 1, '', '', 'Ferry rings', 24, NULL, NULL),
(11, 479, 1, 'distance from ground to king pin plate', 'default.png', '5-th wheel heigth', 1, 272, NULL),
(12, 479, 1, 'producer of the axle', 'default.png', 'Axle', 2, 274, NULL),
(13, 479, 1, '', 'default.png', 'Version', 3, 276, NULL),
(35, 479, 1, '', '', 'Tail lift', 4, 278, NULL),
(11, 480, 1, 'distance from ground to king pin plate', 'default.png', '5-th wheel heigth', 0, 272, NULL);         
INSERT INTO PUBLIC.PRODUCT_FEATURE_AUD(ID, REV, REVTYPE, DESCRIPTION, IMAGE_PATH, NAME, POSITION, ORDER_FEATURE_ID, PRODUCT_CONFIGURATION_ID) VALUES
(12, 481, 1, 'producer of the axle', 'default.png', 'Axle', 1, 274, NULL),
(13, 482, 1, '', 'default.png', 'Version', 2, 276, NULL),
(35, 483, 1, '', '', 'Tail lift', 3, 278, NULL),
(11, 484, 1, 'distance from ground to king pin plate', 'default.png', '5-th wheel heigth', NULL, 272, NULL),
(12, 485, 1, 'producer of the axle', 'default.png', 'Axle', NULL, 274, NULL),
(13, 486, 1, '', 'default.png', 'Version', NULL, 276, NULL),
(11, 487, 1, 'distance from ground to king pin plate', 'default.png', '5-th wheel heigth', 25, 272, 398),
(379, 488, 1, '', '', 'Ferry rings', 0, NULL, 398),
(11, 489, 1, 'distance from ground to king pin plate', 'default.png', '5-th wheel heigth', 1, 272, 398),
(12, 493, 1, 'producer of the axle', 'default.png', 'Axle', 2, 274, 8),
(13, 493, 1, '', 'default.png', 'Version', 3, 276, 8),
(35, 493, 1, '', '', 'Tail lift', 4, 278, 8),
(73, 493, 1, '', '', 'Neck Height', 5, 280, 8),
(90, 493, 1, '', '', 'Revers sensor', 6, 282, 8),
(105, 493, 1, '', '', 'Front Pulpit', 7, 284, 8),
(115, 493, 1, '', '', 'Rear ladder', 8, 286, 8),
(124, 493, 1, '', '', 'Floor', 9, 288, 8),
(139, 493, 1, '', '', 'Rear underrun', 10, 290, 8),
(163, 493, 1, '', '', 'Landing legs', 11, 292, 8),
(170, 493, 1, '', '', 'Air tanks', 12, 294, 8),
(180, 493, 1, '', '', 'Side protection', 13, 296, 8),
(186, 493, 1, '', '', 'Mudguards', 14, 298, 8),
(194, 493, 1, '', '', 'Mudguards logo', 15, 300, 8),
(204, 493, 1, '', '', 'Rear buffer', 16, 302, 8),
(210, 493, 1, '', '', 'Rims', 17, 304, 8),
(217, 493, 1, '', '', 'Tires', 18, 306, 8),
(223, 493, 1, '', '', 'Info center', 19, 308, 8),
(229, 493, 1, '', '', 'Breaking system', 20, 310, 8),
(251, 493, 1, '', '', 'Rear lights', 21, 312, 8),
(328, 493, 1, '', '', 'Hubodometer', 22, NULL, 8),
(357, 493, 1, '', '', 'Front vertical plate', 23, NULL, 8),
(370, 493, 1, '', '', 'Lashing rings', 24, NULL, 8),
(11, 493, 1, 'distance from ground to king pin plate', 'default.png', '5-th wheel heigth', 1, 272, 8),
(379, 493, 1, '', '', 'Ferry rings', 25, NULL, 8),
(12, 494, 1, 'producer of the axle', 'default.png', 'Axle', 0, 274, 8),
(13, 495, 1, '', 'default.png', 'Version', 1, 276, 8),
(35, 496, 1, '', '', 'Tail lift', 2, 278, 8),
(73, 497, 1, '', '', 'Neck Height', 3, 280, 8),
(90, 498, 1, '', '', 'Revers sensor', 4, 282, 8),
(105, 499, 1, '', '', 'Front Pulpit', 5, 284, 8),
(115, 500, 1, '', '', 'Rear ladder', 6, 286, 8),
(124, 501, 1, '', '', 'Floor', 7, 288, 8),
(139, 502, 1, '', '', 'Rear underrun', 8, 290, 8),
(163, 503, 1, '', '', 'Landing legs', 9, 292, 8),
(170, 504, 1, '', '', 'Air tanks', 10, 294, 8),
(180, 505, 1, '', '', 'Side protection', 11, 296, 8),
(186, 506, 1, '', '', 'Mudguards', 12, 298, 8),
(194, 507, 1, '', '', 'Mudguards logo', 13, 300, 8),
(204, 508, 1, '', '', 'Rear buffer', 14, 302, 8),
(210, 509, 1, '', '', 'Rims', 15, 304, 8),
(217, 510, 1, '', '', 'Tires', 16, 306, 8),
(223, 511, 1, '', '', 'Info center', 17, 308, 8),
(229, 512, 1, '', '', 'Breaking system', 18, 310, 8),
(251, 513, 1, '', '', 'Rear lights', 19, 312, 8),
(328, 514, 1, '', '', 'Hubodometer', 20, NULL, 8),
(357, 515, 1, '', '', 'Front vertical plate', 21, NULL, 8),
(370, 516, 1, '', '', 'Lashing rings', 22, NULL, 8),
(11, 517, 1, 'distance from ground to king pin plate', 'default.png', '5-th wheel heigth', 23, 272, 8),
(12, 518, 1, 'producer of the axle', 'default.png', 'Axle', 24, 274, 8),
(13, 519, 1, '', 'default.png', 'Version', 25, 276, 8),
(35, 520, 1, '', '', 'Tail lift', 26, 278, 8),
(73, 521, 1, '', '', 'Neck Height', 27, 280, 8),
(90, 522, 1, '', '', 'Revers sensor', 28, 282, 8),
(105, 523, 1, '', '', 'Front Pulpit', 29, 284, 8),
(115, 524, 1, '', '', 'Rear ladder', 30, 286, 8),
(124, 525, 1, '', '', 'Floor', 31, 288, 8),
(139, 526, 1, '', '', 'Rear underrun', 32, 290, 8),
(163, 527, 1, '', '', 'Landing legs', 33, 292, 8),
(170, 528, 1, '', '', 'Air tanks', 34, 294, 8),
(180, 529, 1, '', '', 'Side protection', 35, 296, 8),
(186, 530, 1, '', '', 'Mudguards', 36, 298, 8);        
INSERT INTO PUBLIC.PRODUCT_FEATURE_AUD(ID, REV, REVTYPE, DESCRIPTION, IMAGE_PATH, NAME, POSITION, ORDER_FEATURE_ID, PRODUCT_CONFIGURATION_ID) VALUES
(194, 531, 1, '', '', 'Mudguards logo', 37, 300, 8),
(204, 532, 1, '', '', 'Rear buffer', 38, 302, 8),
(210, 533, 1, '', '', 'Rims', 39, 304, 8),
(217, 534, 1, '', '', 'Tires', 40, 306, 8),
(223, 535, 1, '', '', 'Info center', 41, 308, 8),
(229, 536, 1, '', '', 'Breaking system', 42, 310, 8),
(251, 537, 1, '', '', 'Rear lights', 43, 312, 8),
(328, 538, 1, '', '', 'Hubodometer', 44, NULL, 8),
(357, 539, 1, '', '', 'Front vertical plate', 45, NULL, 8),
(370, 540, 1, '', '', 'Lashing rings', 46, NULL, 8),
(379, 541, 1, '', '', 'Ferry rings', 47, NULL, 8),
(545, 546, 0, 'distance from ground to king pin plate', 'default.png', '5-th wheel heigth', 23, NULL, NULL),
(545, 578, 1, 'distance from ground to king pin plate', 'default.png', '5-th wheel heigth', 1, NULL, 576),
(545, 579, 1, 'distance from ground to king pin plate', 'default.png', '5-th wheel heigth', 0, NULL, 576),
(545, 580, 2, NULL, NULL, NULL, NULL, NULL, NULL),
(585, 586, 0, 'distance from ground to king pin plate', 'default.png', '5-th wheel heigth', 23, NULL, NULL),
(587, 588, 0, 'producer of the axle', 'default.png', 'Axle', 24, NULL, NULL),
(589, 590, 0, '', 'default.png', 'Version', 25, NULL, NULL),
(591, 592, 0, '', '', 'Tail lift', 26, NULL, NULL),
(593, 594, 0, '', '', 'Neck Height', 27, NULL, NULL),
(595, 596, 0, '', '', 'Revers sensor', 28, NULL, NULL),
(597, 598, 0, '', '', 'Front Pulpit', 29, NULL, NULL),
(599, 600, 0, '', '', 'Rear ladder', 30, NULL, NULL),
(601, 602, 0, '', '', 'Floor', 31, NULL, NULL),
(603, 604, 0, '', '', 'Rear underrun', 32, NULL, NULL),
(605, 606, 0, '', '', 'Landing legs', 33, NULL, NULL),
(607, 608, 0, '', '', 'Air tanks', 34, NULL, NULL),
(609, 610, 0, '', '', 'Side protection', 35, NULL, NULL),
(611, 612, 0, '', '', 'Mudguards', 36, NULL, NULL),
(613, 614, 0, '', '', 'Mudguards logo', 37, NULL, NULL),
(615, 616, 0, '', '', 'Rear buffer', 38, NULL, NULL),
(617, 618, 0, '', '', 'Rims', 39, NULL, NULL),
(619, 620, 0, '', '', 'Tires', 40, NULL, NULL),
(621, 622, 0, '', '', 'Info center', 41, NULL, NULL),
(623, 624, 0, '', '', 'Breaking system', 42, NULL, NULL),
(625, 626, 0, '', '', 'Rear lights', 43, NULL, NULL),
(627, 628, 0, '', '', 'Hubodometer', 44, NULL, NULL),
(629, 630, 0, '', '', 'Front vertical plate', 45, NULL, NULL),
(631, 632, 0, '', '', 'Lashing rings', 46, NULL, NULL),
(633, 634, 0, '', '', 'Ferry rings', 47, NULL, NULL),
(585, 637, 1, 'distance from ground to king pin plate', 'default.png', '5-th wheel heigth', 1, NULL, 635),
(587, 637, 1, 'producer of the axle', 'default.png', 'Axle', 2, NULL, 635),
(589, 637, 1, '', 'default.png', 'Version', 3, NULL, 635),
(591, 637, 1, '', '', 'Tail lift', 4, NULL, 635),
(593, 637, 1, '', '', 'Neck Height', 5, NULL, 635),
(595, 637, 1, '', '', 'Revers sensor', 6, NULL, 635),
(597, 637, 1, '', '', 'Front Pulpit', 7, NULL, 635),
(599, 637, 1, '', '', 'Rear ladder', 8, NULL, 635),
(601, 637, 1, '', '', 'Floor', 9, NULL, 635),
(603, 637, 1, '', '', 'Rear underrun', 10, NULL, 635),
(605, 637, 1, '', '', 'Landing legs', 11, NULL, 635),
(607, 637, 1, '', '', 'Air tanks', 12, NULL, 635),
(609, 637, 1, '', '', 'Side protection', 13, NULL, 635),
(611, 637, 1, '', '', 'Mudguards', 14, NULL, 635),
(613, 637, 1, '', '', 'Mudguards logo', 15, NULL, 635),
(615, 637, 1, '', '', 'Rear buffer', 16, NULL, 635),
(617, 637, 1, '', '', 'Rims', 17, NULL, 635),
(619, 637, 1, '', '', 'Tires', 18, NULL, 635),
(621, 637, 1, '', '', 'Info center', 19, NULL, 635),
(623, 637, 1, '', '', 'Breaking system', 20, NULL, 635),
(625, 637, 1, '', '', 'Rear lights', 21, NULL, 635),
(627, 637, 1, '', '', 'Hubodometer', 22, NULL, 635),
(629, 637, 1, '', '', 'Front vertical plate', 23, NULL, 635),
(631, 637, 1, '', '', 'Lashing rings', 24, NULL, 635),
(633, 637, 1, '', '', 'Ferry rings', 25, NULL, 635),
(585, 638, 1, 'distance from ground to king pin plate', 'default.png', '5-th wheel heigth', 0, NULL, 635),
(587, 639, 1, 'producer of the axle', 'default.png', 'Axle', 1, NULL, 635);   
INSERT INTO PUBLIC.PRODUCT_FEATURE_AUD(ID, REV, REVTYPE, DESCRIPTION, IMAGE_PATH, NAME, POSITION, ORDER_FEATURE_ID, PRODUCT_CONFIGURATION_ID) VALUES
(589, 640, 1, '', 'default.png', 'Version', 2, NULL, 635),
(591, 641, 1, '', '', 'Tail lift', 3, NULL, 635),
(593, 642, 1, '', '', 'Neck Height', 4, NULL, 635),
(595, 643, 1, '', '', 'Revers sensor', 5, NULL, 635),
(597, 644, 1, '', '', 'Front Pulpit', 6, NULL, 635),
(599, 645, 1, '', '', 'Rear ladder', 7, NULL, 635),
(601, 646, 1, '', '', 'Floor', 8, NULL, 635),
(603, 647, 1, '', '', 'Rear underrun', 9, NULL, 635),
(605, 648, 1, '', '', 'Landing legs', 10, NULL, 635),
(607, 649, 1, '', '', 'Air tanks', 11, NULL, 635),
(609, 650, 1, '', '', 'Side protection', 12, NULL, 635),
(611, 651, 1, '', '', 'Mudguards', 13, NULL, 635),
(613, 652, 1, '', '', 'Mudguards logo', 14, NULL, 635),
(615, 653, 1, '', '', 'Rear buffer', 15, NULL, 635),
(617, 654, 1, '', '', 'Rims', 16, NULL, 635),
(619, 655, 1, '', '', 'Tires', 17, NULL, 635),
(621, 656, 1, '', '', 'Info center', 18, NULL, 635),
(623, 657, 1, '', '', 'Breaking system', 19, NULL, 635),
(625, 658, 1, '', '', 'Rear lights', 20, NULL, 635),
(627, 659, 1, '', '', 'Hubodometer', 21, NULL, 635),
(629, 660, 1, '', '', 'Front vertical plate', 22, NULL, 635),
(631, 661, 1, '', '', 'Lashing rings', 23, NULL, 635),
(633, 662, 1, '', '', 'Ferry rings', 24, NULL, 635),
(585, 663, 2, NULL, NULL, NULL, NULL, NULL, NULL),
(587, 663, 2, NULL, NULL, NULL, NULL, NULL, NULL),
(589, 663, 2, NULL, NULL, NULL, NULL, NULL, NULL),
(591, 663, 2, NULL, NULL, NULL, NULL, NULL, NULL),
(593, 663, 2, NULL, NULL, NULL, NULL, NULL, NULL),
(595, 663, 2, NULL, NULL, NULL, NULL, NULL, NULL),
(597, 663, 2, NULL, NULL, NULL, NULL, NULL, NULL),
(599, 663, 2, NULL, NULL, NULL, NULL, NULL, NULL),
(601, 663, 2, NULL, NULL, NULL, NULL, NULL, NULL),
(603, 663, 2, NULL, NULL, NULL, NULL, NULL, NULL),
(605, 663, 2, NULL, NULL, NULL, NULL, NULL, NULL),
(607, 663, 2, NULL, NULL, NULL, NULL, NULL, NULL),
(609, 663, 2, NULL, NULL, NULL, NULL, NULL, NULL),
(611, 663, 2, NULL, NULL, NULL, NULL, NULL, NULL),
(613, 663, 2, NULL, NULL, NULL, NULL, NULL, NULL),
(615, 663, 2, NULL, NULL, NULL, NULL, NULL, NULL),
(617, 663, 2, NULL, NULL, NULL, NULL, NULL, NULL),
(619, 663, 2, NULL, NULL, NULL, NULL, NULL, NULL),
(621, 663, 2, NULL, NULL, NULL, NULL, NULL, NULL),
(623, 663, 2, NULL, NULL, NULL, NULL, NULL, NULL),
(625, 663, 2, NULL, NULL, NULL, NULL, NULL, NULL),
(627, 663, 2, NULL, NULL, NULL, NULL, NULL, NULL),
(629, 663, 2, NULL, NULL, NULL, NULL, NULL, NULL),
(631, 663, 2, NULL, NULL, NULL, NULL, NULL, NULL),
(633, 663, 2, NULL, NULL, NULL, NULL, NULL, NULL),
(669, 670, 0, '', '', '5-th', NULL, NULL, NULL),
(669, 671, 1, '', '', '5-th', NULL, NULL, NULL),
(669, 672, 1, '', '', '5-th', 1, NULL, 398),
(669, 673, 1, '', '', '5-th', 0, NULL, 398),
(669, 674, 1, '', '', '5-th', 0, NULL, 398),
(675, 676, 0, 'distance from ground to king pin plate', 'default.png', '5-th wheel heigth', 23, NULL, NULL),
(677, 678, 0, 'producer of the axle', 'default.png', 'Axle', 24, NULL, NULL),
(679, 680, 0, '', 'default.png', 'Version', 25, NULL, NULL),
(681, 682, 0, '', '', 'Tail lift', 26, NULL, NULL),
(683, 684, 0, '', '', 'Neck Height', 27, NULL, NULL),
(685, 686, 0, '', '', 'Revers sensor', 28, NULL, NULL),
(687, 688, 0, '', '', 'Front Pulpit', 29, NULL, NULL),
(689, 690, 0, '', '', 'Rear ladder', 30, NULL, NULL),
(691, 692, 0, '', '', 'Floor', 31, NULL, NULL),
(693, 694, 0, '', '', 'Rear underrun', 32, NULL, NULL),
(695, 696, 0, '', '', 'Landing legs', 33, NULL, NULL),
(697, 698, 0, '', '', 'Air tanks', 34, NULL, NULL),
(699, 700, 0, '', '', 'Side protection', 35, NULL, NULL),
(701, 702, 0, '', '', 'Mudguards', 36, NULL, NULL),
(703, 704, 0, '', '', 'Mudguards logo', 37, NULL, NULL),
(705, 706, 0, '', '', 'Rear buffer', 38, NULL, NULL),
(707, 708, 0, '', '', 'Rims', 39, NULL, NULL),
(709, 710, 0, '', '', 'Tires', 40, NULL, NULL),
(711, 712, 0, '', '', 'Info center', 41, NULL, NULL),
(713, 714, 0, '', '', 'Breaking system', 42, NULL, NULL),
(715, 716, 0, '', '', 'Rear lights', 43, NULL, NULL),
(717, 718, 0, '', '', 'Hubodometer', 44, NULL, NULL);
INSERT INTO PUBLIC.PRODUCT_FEATURE_AUD(ID, REV, REVTYPE, DESCRIPTION, IMAGE_PATH, NAME, POSITION, ORDER_FEATURE_ID, PRODUCT_CONFIGURATION_ID) VALUES
(719, 720, 0, '', '', 'Front vertical plate', 45, NULL, NULL),
(721, 722, 0, '', '', 'Lashing rings', 46, NULL, NULL),
(723, 724, 0, '', '', 'Ferry rings', 47, NULL, NULL),
(675, 727, 1, 'distance from ground to king pin plate', 'default.png', '5-th wheel heigth', 1, NULL, 725),
(677, 727, 1, 'producer of the axle', 'default.png', 'Axle', 2, NULL, 725),
(679, 727, 1, '', 'default.png', 'Version', 3, NULL, 725),
(681, 727, 1, '', '', 'Tail lift', 4, NULL, 725),
(683, 727, 1, '', '', 'Neck Height', 5, NULL, 725),
(685, 727, 1, '', '', 'Revers sensor', 6, NULL, 725),
(687, 727, 1, '', '', 'Front Pulpit', 7, NULL, 725),
(689, 727, 1, '', '', 'Rear ladder', 8, NULL, 725),
(691, 727, 1, '', '', 'Floor', 9, NULL, 725),
(693, 727, 1, '', '', 'Rear underrun', 10, NULL, 725),
(695, 727, 1, '', '', 'Landing legs', 11, NULL, 725),
(697, 727, 1, '', '', 'Air tanks', 12, NULL, 725),
(699, 727, 1, '', '', 'Side protection', 13, NULL, 725),
(701, 727, 1, '', '', 'Mudguards', 14, NULL, 725),
(703, 727, 1, '', '', 'Mudguards logo', 15, NULL, 725),
(705, 727, 1, '', '', 'Rear buffer', 16, NULL, 725),
(707, 727, 1, '', '', 'Rims', 17, NULL, 725),
(709, 727, 1, '', '', 'Tires', 18, NULL, 725),
(711, 727, 1, '', '', 'Info center', 19, NULL, 725),
(713, 727, 1, '', '', 'Breaking system', 20, NULL, 725),
(715, 727, 1, '', '', 'Rear lights', 21, NULL, 725),
(717, 727, 1, '', '', 'Hubodometer', 22, NULL, 725),
(719, 727, 1, '', '', 'Front vertical plate', 23, NULL, 725),
(721, 727, 1, '', '', 'Lashing rings', 24, NULL, 725),
(723, 727, 1, '', '', 'Ferry rings', 25, NULL, 725),
(675, 728, 1, 'distance from ground to king pin plate', 'default.png', '5-th wheel heigth', 0, NULL, 725),
(677, 729, 1, 'producer of the axle', 'default.png', 'Axle', 1, NULL, 725),
(679, 730, 1, '', 'default.png', 'Version', 2, NULL, 725),
(681, 731, 1, '', '', 'Tail lift', 3, NULL, 725),
(683, 732, 1, '', '', 'Neck Height', 4, NULL, 725),
(685, 733, 1, '', '', 'Revers sensor', 5, NULL, 725),
(687, 734, 1, '', '', 'Front Pulpit', 6, NULL, 725),
(689, 735, 1, '', '', 'Rear ladder', 7, NULL, 725),
(691, 736, 1, '', '', 'Floor', 8, NULL, 725),
(693, 737, 1, '', '', 'Rear underrun', 9, NULL, 725),
(695, 738, 1, '', '', 'Landing legs', 10, NULL, 725),
(697, 739, 1, '', '', 'Air tanks', 11, NULL, 725),
(699, 740, 1, '', '', 'Side protection', 12, NULL, 725),
(701, 741, 1, '', '', 'Mudguards', 13, NULL, 725),
(703, 742, 1, '', '', 'Mudguards logo', 14, NULL, 725),
(705, 743, 1, '', '', 'Rear buffer', 15, NULL, 725),
(707, 744, 1, '', '', 'Rims', 16, NULL, 725),
(709, 745, 1, '', '', 'Tires', 17, NULL, 725),
(711, 746, 1, '', '', 'Info center', 18, NULL, 725),
(713, 747, 1, '', '', 'Breaking system', 19, NULL, 725),
(715, 748, 1, '', '', 'Rear lights', 20, NULL, 725),
(717, 749, 1, '', '', 'Hubodometer', 21, NULL, 725),
(719, 750, 1, '', '', 'Front vertical plate', 22, NULL, 725),
(721, 751, 1, '', '', 'Lashing rings', 23, NULL, 725),
(723, 752, 1, '', '', 'Ferry rings', 24, NULL, 725),
(675, 753, 1, 'distance from ground to king pin plate', 'default.png', '5-th wheel heigth', 0, NULL, 725),
(675, 754, 2, NULL, NULL, NULL, NULL, NULL, NULL),
(677, 754, 2, NULL, NULL, NULL, NULL, NULL, NULL),
(679, 754, 2, NULL, NULL, NULL, NULL, NULL, NULL),
(681, 754, 2, NULL, NULL, NULL, NULL, NULL, NULL),
(683, 754, 2, NULL, NULL, NULL, NULL, NULL, NULL),
(685, 754, 2, NULL, NULL, NULL, NULL, NULL, NULL),
(687, 754, 2, NULL, NULL, NULL, NULL, NULL, NULL),
(689, 754, 2, NULL, NULL, NULL, NULL, NULL, NULL),
(691, 754, 2, NULL, NULL, NULL, NULL, NULL, NULL),
(693, 754, 2, NULL, NULL, NULL, NULL, NULL, NULL),
(695, 754, 2, NULL, NULL, NULL, NULL, NULL, NULL),
(697, 754, 2, NULL, NULL, NULL, NULL, NULL, NULL),
(699, 754, 2, NULL, NULL, NULL, NULL, NULL, NULL),
(701, 754, 2, NULL, NULL, NULL, NULL, NULL, NULL),
(703, 754, 2, NULL, NULL, NULL, NULL, NULL, NULL),
(705, 754, 2, NULL, NULL, NULL, NULL, NULL, NULL),
(707, 754, 2, NULL, NULL, NULL, NULL, NULL, NULL);       
INSERT INTO PUBLIC.PRODUCT_FEATURE_AUD(ID, REV, REVTYPE, DESCRIPTION, IMAGE_PATH, NAME, POSITION, ORDER_FEATURE_ID, PRODUCT_CONFIGURATION_ID) VALUES
(709, 754, 2, NULL, NULL, NULL, NULL, NULL, NULL),
(711, 754, 2, NULL, NULL, NULL, NULL, NULL, NULL),
(713, 754, 2, NULL, NULL, NULL, NULL, NULL, NULL),
(715, 754, 2, NULL, NULL, NULL, NULL, NULL, NULL),
(717, 754, 2, NULL, NULL, NULL, NULL, NULL, NULL),
(719, 754, 2, NULL, NULL, NULL, NULL, NULL, NULL),
(721, 754, 2, NULL, NULL, NULL, NULL, NULL, NULL),
(723, 754, 2, NULL, NULL, NULL, NULL, NULL, NULL),
(755, 756, 0, 'distance from ground to king pin plate', 'default.png', '5-th wheel heigth', 23, NULL, NULL),
(757, 758, 0, 'producer of the axle', 'default.png', 'Axle', 24, NULL, NULL),
(759, 760, 0, '', 'default.png', 'Version', 25, NULL, NULL),
(761, 762, 0, '', '', 'Tail lift', 26, NULL, NULL),
(763, 764, 0, '', '', 'Neck Height', 27, NULL, NULL),
(765, 766, 0, '', '', 'Revers sensor', 28, NULL, NULL),
(767, 768, 0, '', '', 'Front Pulpit', 29, NULL, NULL),
(769, 770, 0, '', '', 'Rear ladder', 30, NULL, NULL),
(771, 772, 0, '', '', 'Floor', 31, NULL, NULL),
(773, 774, 0, '', '', 'Rear underrun', 32, NULL, NULL),
(775, 776, 0, '', '', 'Landing legs', 33, NULL, NULL),
(777, 778, 0, '', '', 'Air tanks', 34, NULL, NULL),
(779, 780, 0, '', '', 'Side protection', 35, NULL, NULL),
(781, 782, 0, '', '', 'Mudguards', 36, NULL, NULL),
(783, 784, 0, '', '', 'Mudguards logo', 37, NULL, NULL),
(785, 786, 0, '', '', 'Rear buffer', 38, NULL, NULL),
(787, 788, 0, '', '', 'Rims', 39, NULL, NULL),
(789, 790, 0, '', '', 'Tires', 40, NULL, NULL),
(791, 792, 0, '', '', 'Info center', 41, NULL, NULL),
(793, 794, 0, '', '', 'Breaking system', 42, NULL, NULL),
(795, 796, 0, '', '', 'Rear lights', 43, NULL, NULL),
(797, 798, 0, '', '', 'Hubodometer', 44, NULL, NULL),
(799, 800, 0, '', '', 'Front vertical plate', 45, NULL, NULL),
(801, 802, 0, '', '', 'Lashing rings', 46, NULL, NULL),
(803, 804, 0, '', '', 'Ferry rings', 47, NULL, NULL),
(755, 806, 1, 'distance from ground to king pin plate', 'default.png', '5-th wheel heigth', 23, NULL, 805),
(757, 806, 1, 'producer of the axle', 'default.png', 'Axle', 24, NULL, 805),
(759, 806, 1, '', 'default.png', 'Version', 25, NULL, 805),
(761, 806, 1, '', '', 'Tail lift', 26, NULL, 805),
(763, 806, 1, '', '', 'Neck Height', 27, NULL, 805),
(765, 806, 1, '', '', 'Revers sensor', 28, NULL, 805),
(767, 806, 1, '', '', 'Front Pulpit', 29, NULL, 805),
(769, 806, 1, '', '', 'Rear ladder', 30, NULL, 805),
(771, 806, 1, '', '', 'Floor', 31, NULL, 805),
(773, 806, 1, '', '', 'Rear underrun', 32, NULL, 805),
(775, 806, 1, '', '', 'Landing legs', 33, NULL, 805),
(777, 806, 1, '', '', 'Air tanks', 34, NULL, 805),
(779, 806, 1, '', '', 'Side protection', 35, NULL, 805),
(781, 806, 1, '', '', 'Mudguards', 36, NULL, 805),
(783, 806, 1, '', '', 'Mudguards logo', 37, NULL, 805),
(785, 806, 1, '', '', 'Rear buffer', 38, NULL, 805),
(787, 806, 1, '', '', 'Rims', 39, NULL, 805),
(789, 806, 1, '', '', 'Tires', 40, NULL, 805),
(791, 806, 1, '', '', 'Info center', 41, NULL, 805),
(793, 806, 1, '', '', 'Breaking system', 42, NULL, 805),
(795, 806, 1, '', '', 'Rear lights', 43, NULL, 805),
(797, 806, 1, '', '', 'Hubodometer', 44, NULL, 805),
(799, 806, 1, '', '', 'Front vertical plate', 45, NULL, 805),
(801, 806, 1, '', '', 'Lashing rings', 46, NULL, 805),
(803, 806, 1, '', '', 'Ferry rings', 47, NULL, 805),
(755, 807, 1, 'distance from ground to king pin plate', 'default.png', '5-th wheel heigth', 23, NULL, 805),
(803, 808, 1, '', '', 'Ferry rings', 48, NULL, 805),
(755, 809, 1, 'distance from ground to king pin plate', 'default.png', '5-th wheel heigth', 0, NULL, 805),
(757, 810, 1, 'producer of the axle', 'default.png', 'Axle', 1, NULL, 805),
(759, 811, 1, '', 'default.png', 'Version', 2, NULL, 805),
(761, 812, 1, '', '', 'Tail lift', 3, NULL, 805),
(763, 813, 1, '', '', 'Neck Height', 4, NULL, 805),
(765, 814, 1, '', '', 'Revers sensor', 5, NULL, 805),
(767, 815, 1, '', '', 'Front Pulpit', 6, NULL, 805),
(769, 816, 1, '', '', 'Rear ladder', 7, NULL, 805),
(771, 817, 1, '', '', 'Floor', 8, NULL, 805);        
INSERT INTO PUBLIC.PRODUCT_FEATURE_AUD(ID, REV, REVTYPE, DESCRIPTION, IMAGE_PATH, NAME, POSITION, ORDER_FEATURE_ID, PRODUCT_CONFIGURATION_ID) VALUES
(773, 818, 1, '', '', 'Rear underrun', 9, NULL, 805),
(775, 819, 1, '', '', 'Landing legs', 10, NULL, 805),
(777, 820, 1, '', '', 'Air tanks', 11, NULL, 805),
(779, 821, 1, '', '', 'Side protection', 12, NULL, 805),
(781, 822, 1, '', '', 'Mudguards', 13, NULL, 805),
(783, 823, 1, '', '', 'Mudguards logo', 14, NULL, 805),
(785, 824, 1, '', '', 'Rear buffer', 15, NULL, 805),
(787, 825, 1, '', '', 'Rims', 16, NULL, 805),
(789, 826, 1, '', '', 'Tires', 17, NULL, 805),
(791, 827, 1, '', '', 'Info center', 18, NULL, 805),
(793, 828, 1, '', '', 'Breaking system', 19, NULL, 805),
(795, 829, 1, '', '', 'Rear lights', 20, NULL, 805),
(797, 830, 1, '', '', 'Hubodometer', 21, NULL, 805),
(799, 831, 1, '', '', 'Front vertical plate', 22, NULL, 805),
(801, 832, 1, '', '', 'Lashing rings', 23, NULL, 805),
(803, 833, 1, '', '', 'Ferry rings', 24, NULL, 805),
(803, 834, 1, '', '', 'Ferry rings', 25, NULL, 805),
(803, 835, 1, '', '', 'Ferry rings', 26, NULL, 805),
(803, 836, 1, '', '', 'Ferry rings', 24, NULL, 805),
(803, 837, 1, '', '', 'Ferry rings', 25, NULL, 805),
(763, 838, 1, '', '', 'Neck Height', 4, NULL, 805),
(73, 839, 1, '', '', 'Neck Height', 27, 280, 8),
(11, 843, 1, 'distance from ground to king pin plate', 'default.png', '5-th wheel heigth', 23, 840, 8),
(12, 845, 1, 'producer of the axle', 'default.png', 'Axle', 24, 842, 8),
(13, 847, 1, '', 'default.png', 'Version', 25, 844, 8),
(35, 849, 1, '', '', 'Tail lift', 26, 846, 8),
(73, 851, 1, '', '', 'Neck Height', 27, 848, 8),
(90, 853, 1, '', '', 'Revers sensor', 28, 850, 8),
(105, 855, 1, '', '', 'Front Pulpit', 29, 852, 8),
(115, 857, 1, '', '', 'Rear ladder', 30, 854, 8),
(124, 859, 1, '', '', 'Floor', 31, 856, 8),
(139, 861, 1, '', '', 'Rear underrun', 32, 858, 8),
(163, 863, 1, '', '', 'Landing legs', 33, 860, 8),
(170, 865, 1, '', '', 'Air tanks', 34, 862, 8),
(180, 867, 1, '', '', 'Side protection', 35, 864, 8),
(186, 869, 1, '', '', 'Mudguards', 36, 866, 8),
(194, 871, 1, '', '', 'Mudguards logo', 37, 868, 8),
(204, 873, 1, '', '', 'Rear buffer', 38, 870, 8),
(210, 875, 1, '', '', 'Rims', 39, 872, 8),
(217, 877, 1, '', '', 'Tires', 40, 874, 8),
(223, 879, 1, '', '', 'Info center', 41, 876, 8),
(229, 881, 1, '', '', 'Breaking system', 42, 878, 8),
(251, 883, 1, '', '', 'Rear lights', 43, 880, 8),
(328, 885, 1, '', '', 'Hubodometer', 44, 882, 8),
(357, 887, 1, '', '', 'Front vertical plate', 45, 884, 8),
(370, 889, 1, '', '', 'Lashing rings', 46, 886, 8),
(379, 891, 1, '', '', 'Ferry rings', 47, 888, 8),
(11, 895, 1, 'distance from ground to king pin plate', 'default.png', '5-th wheel heigth', 23, 892, 8),
(12, 897, 1, 'producer of the axle', 'default.png', 'Axle', 24, 894, 8),
(13, 899, 1, '', 'default.png', 'Version', 25, 896, 8),
(35, 901, 1, '', '', 'Tail lift', 26, 898, 8),
(73, 903, 1, '', '', 'Neck Height', 27, 900, 8),
(90, 905, 1, '', '', 'Revers sensor', 28, 902, 8),
(105, 907, 1, '', '', 'Front Pulpit', 29, 904, 8),
(115, 909, 1, '', '', 'Rear ladder', 30, 906, 8),
(124, 911, 1, '', '', 'Floor', 31, 908, 8),
(139, 913, 1, '', '', 'Rear underrun', 32, 910, 8),
(163, 915, 1, '', '', 'Landing legs', 33, 912, 8),
(170, 917, 1, '', '', 'Air tanks', 34, 914, 8),
(180, 919, 1, '', '', 'Side protection', 35, 916, 8),
(186, 921, 1, '', '', 'Mudguards', 36, 918, 8),
(194, 923, 1, '', '', 'Mudguards logo', 37, 920, 8),
(204, 925, 1, '', '', 'Rear buffer', 38, 922, 8),
(210, 927, 1, '', '', 'Rims', 39, 924, 8),
(217, 929, 1, '', '', 'Tires', 40, 926, 8),
(223, 931, 1, '', '', 'Info center', 41, 928, 8),
(229, 933, 1, '', '', 'Breaking system', 42, 930, 8),
(251, 935, 1, '', '', 'Rear lights', 43, 932, 8),
(328, 937, 1, '', '', 'Hubodometer', 44, 934, 8),
(357, 939, 1, '', '', 'Front vertical plate', 45, 936, 8),
(370, 941, 1, '', '', 'Lashing rings', 46, 938, 8),
(379, 943, 1, '', '', 'Ferry rings', 47, 940, 8),
(11, 947, 1, 'distance from ground to king pin plate', 'default.png', '5-th wheel heigth', 48, 892, 8),
(11, 948, 1, 'distance from ground to king pin plate', 'default.png', '5-th wheel heigth', 0, 892, 8);  
INSERT INTO PUBLIC.PRODUCT_FEATURE_AUD(ID, REV, REVTYPE, DESCRIPTION, IMAGE_PATH, NAME, POSITION, ORDER_FEATURE_ID, PRODUCT_CONFIGURATION_ID) VALUES
(12, 949, 1, 'producer of the axle', 'default.png', 'Axle', 1, 894, 8),
(13, 950, 1, '', 'default.png', 'Version', 2, 896, 8),
(35, 951, 1, '', '', 'Tail lift', 3, 898, 8),
(73, 952, 1, '', '', 'Neck Height', 4, 900, 8),
(90, 953, 1, '', '', 'Revers sensor', 5, 902, 8),
(105, 954, 1, '', '', 'Front Pulpit', 6, 904, 8),
(115, 955, 1, '', '', 'Rear ladder', 7, 906, 8),
(124, 956, 1, '', '', 'Floor', 8, 908, 8),
(139, 957, 1, '', '', 'Rear underrun', 9, 910, 8),
(163, 958, 1, '', '', 'Landing legs', 10, 912, 8),
(170, 959, 1, '', '', 'Air tanks', 11, 914, 8),
(180, 960, 1, '', '', 'Side protection', 12, 916, 8),
(186, 961, 1, '', '', 'Mudguards', 13, 918, 8),
(194, 962, 1, '', '', 'Mudguards logo', 14, 920, 8),
(204, 963, 1, '', '', 'Rear buffer', 15, 922, 8),
(210, 964, 1, '', '', 'Rims', 16, 924, 8),
(217, 965, 1, '', '', 'Tires', 17, 926, 8),
(223, 966, 1, '', '', 'Info center', 18, 928, 8),
(229, 967, 1, '', '', 'Breaking system', 19, 930, 8),
(251, 968, 1, '', '', 'Rear lights', 20, 932, 8),
(328, 969, 1, '', '', 'Hubodometer', 21, 934, 8),
(357, 970, 1, '', '', 'Front vertical plate', 22, 936, 8),
(370, 971, 1, '', '', 'Lashing rings', 23, 938, 8),
(379, 972, 1, '', '', 'Ferry rings', 24, 940, 8),
(11, 973, 1, 'distance from ground to king pin plate', 'default.png', '5-th wheel heigth', 25, 892, 8),
(73, 974, 1, '', '', 'Neck Height', 4, 900, 8),
(669, 975, 1, '', '', '5-th', NULL, NULL, NULL),
(977, 978, 0, 'distance from ground to king pin plate', 'default.png', '5-th wheel heigth', 25, NULL, NULL),
(979, 980, 0, 'distance from ground to king pin plate', 'default.png', '5-th wheel heigth', 25, NULL, NULL),
(979, 981, 2, NULL, NULL, NULL, NULL, NULL, NULL),
(977, 982, 2, NULL, NULL, NULL, NULL, NULL, NULL),
(755, 983, 1, 'distance from ground to king pin plate', 'default.png', '5-th wheel heigth', 0, NULL, 805),
(761, 984, 1, '', '', 'Tail lift', 3, NULL, 805),
(761, 985, 1, '', '', 'Tail lift', 3, NULL, 805),
(761, 986, 1, '', '', 'Tail lift', 3, NULL, 805),
(987, 988, 0, 'producer of the axle', 'default.png', 'Axle', 1, NULL, NULL),
(989, 990, 0, '', 'default.png', 'Version', 2, NULL, NULL),
(991, 992, 0, '', '', 'Tail lift', 3, NULL, NULL),
(993, 994, 0, '', '', 'Neck Height', 4, NULL, NULL),
(995, 996, 0, '', '', 'Revers sensor', 5, NULL, NULL),
(997, 998, 0, '', '', 'Front Pulpit', 6, NULL, NULL),
(999, 1000, 0, '', '', 'Rear ladder', 7, NULL, NULL),
(1001, 1002, 0, '', '', 'Floor', 8, NULL, NULL),
(1003, 1004, 0, '', '', 'Rear underrun', 9, NULL, NULL),
(1005, 1006, 0, '', '', 'Landing legs', 10, NULL, NULL),
(1007, 1008, 0, '', '', 'Air tanks', 11, NULL, NULL),
(1009, 1010, 0, '', '', 'Side protection', 12, NULL, NULL),
(1011, 1012, 0, '', '', 'Mudguards', 13, NULL, NULL),
(1013, 1014, 0, '', '', 'Mudguards logo', 14, NULL, NULL),
(1015, 1016, 0, '', '', 'Rear buffer', 15, NULL, NULL),
(1017, 1018, 0, '', '', 'Rims', 16, NULL, NULL),
(1019, 1020, 0, '', '', 'Tires', 17, NULL, NULL),
(1021, 1022, 0, '', '', 'Info center', 18, NULL, NULL),
(1023, 1024, 0, '', '', 'Breaking system', 19, NULL, NULL),
(1025, 1026, 0, '', '', 'Rear lights', 20, NULL, NULL),
(1027, 1028, 0, '', '', 'Hubodometer', 21, NULL, NULL),
(1029, 1030, 0, '', '', 'Front vertical plate', 22, NULL, NULL),
(1031, 1032, 0, '', '', 'Lashing rings', 23, NULL, NULL),
(1033, 1034, 0, '', '', 'Ferry rings', 24, NULL, NULL),
(1035, 1036, 0, 'distance from ground to king pin plate', 'default.png', '5-th wheel heigth', 25, NULL, NULL),
(987, 1038, 1, 'producer of the axle', 'default.png', 'Axle', 1, NULL, 1037),
(989, 1038, 1, '', 'default.png', 'Version', 2, NULL, 1037),
(991, 1038, 1, '', '', 'Tail lift', 3, NULL, 1037),
(993, 1038, 1, '', '', 'Neck Height', 4, NULL, 1037),
(995, 1038, 1, '', '', 'Revers sensor', 5, NULL, 1037),
(997, 1038, 1, '', '', 'Front Pulpit', 6, NULL, 1037),
(999, 1038, 1, '', '', 'Rear ladder', 7, NULL, 1037),
(1001, 1038, 1, '', '', 'Floor', 8, NULL, 1037),
(1003, 1038, 1, '', '', 'Rear underrun', 9, NULL, 1037);              
INSERT INTO PUBLIC.PRODUCT_FEATURE_AUD(ID, REV, REVTYPE, DESCRIPTION, IMAGE_PATH, NAME, POSITION, ORDER_FEATURE_ID, PRODUCT_CONFIGURATION_ID) VALUES
(1005, 1038, 1, '', '', 'Landing legs', 10, NULL, 1037),
(1007, 1038, 1, '', '', 'Air tanks', 11, NULL, 1037),
(1009, 1038, 1, '', '', 'Side protection', 12, NULL, 1037),
(1011, 1038, 1, '', '', 'Mudguards', 13, NULL, 1037),
(1013, 1038, 1, '', '', 'Mudguards logo', 14, NULL, 1037),
(1015, 1038, 1, '', '', 'Rear buffer', 15, NULL, 1037),
(1017, 1038, 1, '', '', 'Rims', 16, NULL, 1037),
(1019, 1038, 1, '', '', 'Tires', 17, NULL, 1037),
(1021, 1038, 1, '', '', 'Info center', 18, NULL, 1037),
(1023, 1038, 1, '', '', 'Breaking system', 19, NULL, 1037),
(1025, 1038, 1, '', '', 'Rear lights', 20, NULL, 1037),
(1027, 1038, 1, '', '', 'Hubodometer', 21, NULL, 1037),
(1029, 1038, 1, '', '', 'Front vertical plate', 22, NULL, 1037),
(1031, 1038, 1, '', '', 'Lashing rings', 23, NULL, 1037),
(1033, 1038, 1, '', '', 'Ferry rings', 24, NULL, 1037),
(1035, 1038, 1, 'distance from ground to king pin plate', 'default.png', '5-th wheel heigth', 25, NULL, 1037),
(987, 1040, 1, 'producer of the axle', 'default.png', 'Axle', 0, NULL, 1037),
(989, 1041, 1, '', 'default.png', 'Version', 1, NULL, 1037),
(991, 1042, 1, '', '', 'Tail lift', 2, NULL, 1037),
(993, 1043, 1, '', '', 'Neck Height', 3, NULL, 1037),
(995, 1044, 1, '', '', 'Revers sensor', 4, NULL, 1037),
(997, 1045, 1, '', '', 'Front Pulpit', 5, NULL, 1037),
(999, 1046, 1, '', '', 'Rear ladder', 6, NULL, 1037),
(1001, 1047, 1, '', '', 'Floor', 7, NULL, 1037),
(1003, 1048, 1, '', '', 'Rear underrun', 8, NULL, 1037),
(1005, 1049, 1, '', '', 'Landing legs', 9, NULL, 1037),
(1007, 1050, 1, '', '', 'Air tanks', 10, NULL, 1037),
(1009, 1051, 1, '', '', 'Side protection', 11, NULL, 1037),
(1011, 1052, 1, '', '', 'Mudguards', 12, NULL, 1037),
(1013, 1053, 1, '', '', 'Mudguards logo', 13, NULL, 1037),
(1015, 1054, 1, '', '', 'Rear buffer', 14, NULL, 1037),
(1017, 1055, 1, '', '', 'Rims', 15, NULL, 1037),
(1019, 1056, 1, '', '', 'Tires', 16, NULL, 1037),
(1021, 1057, 1, '', '', 'Info center', 17, NULL, 1037),
(1023, 1058, 1, '', '', 'Breaking system', 18, NULL, 1037),
(1025, 1059, 1, '', '', 'Rear lights', 19, NULL, 1037),
(1027, 1060, 1, '', '', 'Hubodometer', 20, NULL, 1037),
(1029, 1061, 1, '', '', 'Front vertical plate', 21, NULL, 1037),
(1031, 1062, 1, '', '', 'Lashing rings', 22, NULL, 1037),
(1033, 1063, 1, '', '', 'Ferry rings', 23, NULL, 1037),
(1035, 1064, 1, 'distance from ground to king pin plate', 'default.png', '5-th wheel heigth', 24, NULL, 1037),
(993, 1065, 1, '', '', 'Neck Height', 3, NULL, 1037),
(991, 1066, 1, '', '', 'Tail lift', 2, NULL, 1037),
(991, 1067, 1, '', '', 'Tail lift', 2, NULL, 1037),
(1035, 1068, 1, 'distance from ground to king pin plate', 'default.png', '5-th wheel heigth', 23, NULL, 1037),
(1033, 1068, 1, '', '', 'Ferry rings', 24, NULL, 1037),
(1035, 1069, 1, 'distance from ground to king pin plate', 'default.png', '5-th wheel heigth', 22, NULL, 1037),
(1031, 1069, 1, '', '', 'Lashing rings', 23, NULL, 1037),
(1035, 1070, 1, 'distance from ground to king pin plate', 'default.png', '5-th wheel heigth', 21, NULL, 1037),
(1029, 1070, 1, '', '', 'Front vertical plate', 22, NULL, 1037),
(1035, 1071, 1, 'distance from ground to king pin plate', 'default.png', '5-th wheel heigth', 20, NULL, 1037),
(1027, 1071, 1, '', '', 'Hubodometer', 21, NULL, 1037),
(1035, 1072, 1, 'distance from ground to king pin plate', 'default.png', '5-th wheel heigth', 19, NULL, 1037),
(1025, 1072, 1, '', '', 'Rear lights', 20, NULL, 1037),
(1035, 1073, 1, 'distance from ground to king pin plate', 'default.png', '5-th wheel heigth', 18, NULL, 1037),
(1023, 1073, 1, '', '', 'Breaking system', 19, NULL, 1037),
(1035, 1074, 1, 'distance from ground to king pin plate', 'default.png', '5-th wheel heigth', 17, NULL, 1037),
(1021, 1074, 1, '', '', 'Info center', 18, NULL, 1037),
(1035, 1075, 1, 'distance from ground to king pin plate', 'default.png', '5-th wheel heigth', 16, NULL, 1037),
(1019, 1075, 1, '', '', 'Tires', 17, NULL, 1037),
(1035, 1076, 1, 'distance from ground to king pin plate', 'default.png', '5-th wheel heigth', 15, NULL, 1037);
INSERT INTO PUBLIC.PRODUCT_FEATURE_AUD(ID, REV, REVTYPE, DESCRIPTION, IMAGE_PATH, NAME, POSITION, ORDER_FEATURE_ID, PRODUCT_CONFIGURATION_ID) VALUES
(1017, 1076, 1, '', '', 'Rims', 16, NULL, 1037),
(1035, 1077, 1, 'distance from ground to king pin plate', 'default.png', '5-th wheel heigth', 14, NULL, 1037),
(1015, 1077, 1, '', '', 'Rear buffer', 15, NULL, 1037),
(1035, 1078, 1, 'distance from ground to king pin plate', 'default.png', '5-th wheel heigth', 13, NULL, 1037),
(1013, 1078, 1, '', '', 'Mudguards logo', 14, NULL, 1037),
(1035, 1079, 1, 'distance from ground to king pin plate', 'default.png', '5-th wheel heigth', 12, NULL, 1037),
(1011, 1079, 1, '', '', 'Mudguards', 13, NULL, 1037),
(1035, 1080, 1, 'distance from ground to king pin plate', 'default.png', '5-th wheel heigth', 11, NULL, 1037),
(1009, 1080, 1, '', '', 'Side protection', 12, NULL, 1037),
(761, 1083, 1, '', '', 'Tail lift', 3, NULL, 805),
(761, 1084, 1, '', '', 'Tail lift', 3, NULL, 805),
(761, 1085, 1, '', '', 'Tail lift', 3, NULL, 805),
(765, 1086, 1, '', '', 'Revers sensor', 5, NULL, 805),
(765, 1087, 1, '', '', 'Revers sensor', 5, NULL, 805),
(773, 1088, 1, '', '', 'Rear underrun', 9, NULL, 805),
(775, 1089, 1, '', '', 'Landing legs', 10, NULL, 805),
(779, 1090, 1, '', '', 'Side protection', 12, NULL, 805),
(781, 1091, 1, '', '', 'Mudguards', 13, NULL, 805),
(785, 1092, 1, '', '', 'Rear buffer', 15, NULL, 805),
(785, 1093, 1, '', '', 'Rear buffer', 15, NULL, 805),
(1035, 1094, 1, 'distance from ground to king pin plate', 'default.png', '5-th wheel heigth', 10, NULL, 1037),
(1007, 1094, 1, '', '', 'Air tanks', 11, NULL, 1037),
(1035, 1095, 1, 'distance from ground to king pin plate', 'default.png', '5-th wheel heigth', 9, NULL, 1037),
(1005, 1095, 1, '', '', 'Landing legs', 10, NULL, 1037),
(1035, 1096, 1, 'distance from ground to king pin plate', 'default.png', '5-th wheel heigth', 8, NULL, 1037),
(1003, 1096, 1, '', '', 'Rear underrun', 9, NULL, 1037),
(1035, 1097, 1, 'distance from ground to king pin plate', 'default.png', '5-th wheel heigth', 7, NULL, 1037),
(1001, 1097, 1, '', '', 'Floor', 8, NULL, 1037),
(1035, 1098, 1, 'distance from ground to king pin plate', 'default.png', '5-th wheel heigth', 6, NULL, 1037),
(999, 1098, 1, '', '', 'Rear ladder', 7, NULL, 1037),
(1035, 1099, 1, 'distance from ground to king pin plate', 'default.png', '5-th wheel heigth', 5, NULL, 1037),
(997, 1099, 1, '', '', 'Front Pulpit', 6, NULL, 1037),
(1035, 1100, 1, 'distance from ground to king pin plate', 'default.png', '5-th wheel heigth', 4, NULL, 1037),
(995, 1100, 1, '', '', 'Revers sensor', 5, NULL, 1037),
(1035, 1101, 1, 'distance from ground to king pin plate', 'default.png', '5-th wheel heigth', 3, NULL, 1037),
(993, 1101, 1, '', '', 'Neck Height', 4, NULL, 1037),
(1035, 1102, 1, 'distance from ground to king pin plate', 'default.png', '5-th wheel heigth', 2, NULL, 1037),
(991, 1102, 1, '', '', 'Tail lift', 3, NULL, 1037),
(1035, 1103, 1, 'distance from ground to king pin plate', 'default.png', '5-th wheel heigth', 1, NULL, 1037),
(989, 1103, 1, '', 'default.png', 'Version', 2, NULL, 1037),
(1035, 1104, 1, 'distance from ground to king pin plate', 'default.png', '5-th wheel heigth', 0, NULL, 1037),
(987, 1104, 1, 'producer of the axle', 'default.png', 'Axle', 1, NULL, 1037),
(991, 1105, 1, '', '', 'Tail lift', 3, NULL, 1037),
(989, 1106, 1, '', 'default.png', 'Version', 2, NULL, 1037),
(759, 1107, 1, '', 'default.png', 'Version', 2, NULL, 805),
(755, 1111, 1, 'distance from ground to king pin plate', 'default.png', '5-th wheel heigth', 0, 1108, 805),
(757, 1113, 1, 'producer of the axle', 'default.png', 'Axle', 1, 1110, 805),
(759, 1115, 1, '', 'default.png', 'Version', 2, 1112, 805),
(761, 1117, 1, '', '', 'Tail lift', 3, 1114, 805),
(763, 1119, 1, '', '', 'Neck Height', 4, 1116, 805),
(765, 1121, 1, '', '', 'Revers sensor', 5, 1118, 805),
(767, 1123, 1, '', '', 'Front Pulpit', 6, 1120, 805),
(769, 1125, 1, '', '', 'Rear ladder', 7, 1122, 805),
(771, 1127, 1, '', '', 'Floor', 8, 1124, 805),
(773, 1129, 1, '', '', 'Rear underrun', 9, 1126, 805),
(775, 1131, 1, '', '', 'Landing legs', 10, 1128, 805);   
INSERT INTO PUBLIC.PRODUCT_FEATURE_AUD(ID, REV, REVTYPE, DESCRIPTION, IMAGE_PATH, NAME, POSITION, ORDER_FEATURE_ID, PRODUCT_CONFIGURATION_ID) VALUES
(777, 1133, 1, '', '', 'Air tanks', 11, 1130, 805),
(779, 1135, 1, '', '', 'Side protection', 12, 1132, 805),
(781, 1137, 1, '', '', 'Mudguards', 13, 1134, 805),
(783, 1139, 1, '', '', 'Mudguards logo', 14, 1136, 805),
(785, 1141, 1, '', '', 'Rear buffer', 15, 1138, 805),
(787, 1143, 1, '', '', 'Rims', 16, 1140, 805),
(789, 1145, 1, '', '', 'Tires', 17, 1142, 805),
(791, 1147, 1, '', '', 'Info center', 18, 1144, 805),
(793, 1149, 1, '', '', 'Breaking system', 19, 1146, 805),
(795, 1151, 1, '', '', 'Rear lights', 20, 1148, 805),
(797, 1153, 1, '', '', 'Hubodometer', 21, 1150, 805),
(799, 1155, 1, '', '', 'Front vertical plate', 22, 1152, 805),
(801, 1157, 1, '', '', 'Lashing rings', 23, 1154, 805),
(803, 1159, 1, '', '', 'Ferry rings', 25, 1156, 805),
(1035, 1163, 1, 'distance from ground to king pin plate', 'default.png', '5-th wheel heigth', 0, 1160, 1037),
(987, 1165, 1, 'producer of the axle', 'default.png', 'Axle', 1, 1162, 1037),
(989, 1167, 1, '', 'default.png', 'Version', 2, 1164, 1037),
(991, 1169, 1, '', '', 'Tail lift', 3, 1166, 1037),
(993, 1171, 1, '', '', 'Neck Height', 4, 1168, 1037),
(995, 1173, 1, '', '', 'Revers sensor', 5, 1170, 1037),
(997, 1175, 1, '', '', 'Front Pulpit', 6, 1172, 1037),
(999, 1177, 1, '', '', 'Rear ladder', 7, 1174, 1037),
(1001, 1179, 1, '', '', 'Floor', 8, 1176, 1037),
(1003, 1181, 1, '', '', 'Rear underrun', 9, 1178, 1037),
(1005, 1183, 1, '', '', 'Landing legs', 10, 1180, 1037),
(1007, 1185, 1, '', '', 'Air tanks', 11, 1182, 1037),
(1009, 1187, 1, '', '', 'Side protection', 12, 1184, 1037),
(1011, 1189, 1, '', '', 'Mudguards', 13, 1186, 1037),
(1013, 1191, 1, '', '', 'Mudguards logo', 14, 1188, 1037),
(1015, 1193, 1, '', '', 'Rear buffer', 15, 1190, 1037),
(1017, 1195, 1, '', '', 'Rims', 16, 1192, 1037),
(1019, 1197, 1, '', '', 'Tires', 17, 1194, 1037),
(1021, 1199, 1, '', '', 'Info center', 18, 1196, 1037),
(1023, 1201, 1, '', '', 'Breaking system', 19, 1198, 1037),
(1025, 1203, 1, '', '', 'Rear lights', 20, 1200, 1037),
(1027, 1205, 1, '', '', 'Hubodometer', 21, 1202, 1037),
(1029, 1207, 1, '', '', 'Front vertical plate', 22, 1204, 1037),
(1031, 1209, 1, '', '', 'Lashing rings', 23, 1206, 1037),
(1033, 1211, 1, '', '', 'Ferry rings', 24, 1208, 1037),
(1013, 1213, 1, '', '', 'Mudguards logo', NULL, 1188, NULL),
(783, 1214, 1, '', '', 'Mudguards logo', NULL, 1136, NULL),
(1218, 1219, 0, 'distance from ground to king pin plate', 'default.png', '5-th wheel heigth', 0, NULL, NULL),
(1220, 1221, 0, 'producer of the axle', 'default.png', 'Axle', 1, NULL, NULL),
(1222, 1223, 0, '', 'default.png', 'Version', 2, NULL, NULL),
(1224, 1225, 0, '', '', 'Tail lift', 3, NULL, NULL),
(1226, 1227, 0, '', '', 'Neck Height', 4, NULL, NULL),
(1228, 1229, 0, '', '', 'Revers sensor', 5, NULL, NULL),
(1230, 1231, 0, '', '', 'Front Pulpit', 6, NULL, NULL),
(1232, 1233, 0, '', '', 'Rear ladder', 7, NULL, NULL),
(1234, 1235, 0, '', '', 'Floor', 8, NULL, NULL),
(1236, 1237, 0, '', '', 'Rear underrun', 9, NULL, NULL),
(1238, 1239, 0, '', '', 'Landing legs', 10, NULL, NULL),
(1240, 1241, 0, '', '', 'Air tanks', 11, NULL, NULL),
(1242, 1243, 0, '', '', 'Side protection', 12, NULL, NULL),
(1244, 1245, 0, '', '', 'Mudguards', 13, NULL, NULL),
(1246, 1247, 0, '', '', 'Rear buffer', 15, NULL, NULL),
(1248, 1249, 0, '', '', 'Rims', 16, NULL, NULL),
(1250, 1251, 0, '', '', 'Tires', 17, NULL, NULL),
(1252, 1253, 0, '', '', 'Info center', 18, NULL, NULL),
(1254, 1255, 0, '', '', 'Breaking system', 19, NULL, NULL),
(1256, 1257, 0, '', '', 'Rear lights', 20, NULL, NULL),
(1258, 1259, 0, '', '', 'Hubodometer', 21, NULL, NULL),
(1260, 1261, 0, '', '', 'Front vertical plate', 22, NULL, NULL),
(1262, 1263, 0, '', '', 'Lashing rings', 23, NULL, NULL),
(1264, 1265, 0, '', '', 'Ferry rings', 25, NULL, NULL),
(1218, 1267, 1, 'distance from ground to king pin plate', 'default.png', '5-th wheel heigth', 0, NULL, 1266),
(1220, 1267, 1, 'producer of the axle', 'default.png', 'Axle', 1, NULL, 1266);
INSERT INTO PUBLIC.PRODUCT_FEATURE_AUD(ID, REV, REVTYPE, DESCRIPTION, IMAGE_PATH, NAME, POSITION, ORDER_FEATURE_ID, PRODUCT_CONFIGURATION_ID) VALUES
(1222, 1267, 1, '', 'default.png', 'Version', 2, NULL, 1266),
(1224, 1267, 1, '', '', 'Tail lift', 3, NULL, 1266),
(1226, 1267, 1, '', '', 'Neck Height', 4, NULL, 1266),
(1228, 1267, 1, '', '', 'Revers sensor', 5, NULL, 1266),
(1230, 1267, 1, '', '', 'Front Pulpit', 6, NULL, 1266),
(1232, 1267, 1, '', '', 'Rear ladder', 7, NULL, 1266),
(1234, 1267, 1, '', '', 'Floor', 8, NULL, 1266),
(1236, 1267, 1, '', '', 'Rear underrun', 9, NULL, 1266),
(1238, 1267, 1, '', '', 'Landing legs', 10, NULL, 1266),
(1240, 1267, 1, '', '', 'Air tanks', 11, NULL, 1266),
(1242, 1267, 1, '', '', 'Side protection', 12, NULL, 1266),
(1244, 1267, 1, '', '', 'Mudguards', 13, NULL, 1266),
(1246, 1267, 1, '', '', 'Rear buffer', 15, NULL, 1266),
(1248, 1267, 1, '', '', 'Rims', 16, NULL, 1266),
(1250, 1267, 1, '', '', 'Tires', 17, NULL, 1266),
(1252, 1267, 1, '', '', 'Info center', 18, NULL, 1266),
(1254, 1267, 1, '', '', 'Breaking system', 19, NULL, 1266),
(1256, 1267, 1, '', '', 'Rear lights', 20, NULL, 1266),
(1258, 1267, 1, '', '', 'Hubodometer', 21, NULL, 1266),
(1260, 1267, 1, '', '', 'Front vertical plate', 22, NULL, 1266),
(1262, 1267, 1, '', '', 'Lashing rings', 23, NULL, 1266),
(1264, 1267, 1, '', '', 'Ferry rings', 25, NULL, 1266),
(1246, 1269, 1, '', '', 'Rear buffer', 14, NULL, 1266),
(1248, 1270, 1, '', '', 'Rims', 15, NULL, 1266),
(1250, 1271, 1, '', '', 'Tires', 16, NULL, 1266),
(1252, 1272, 1, '', '', 'Info center', 17, NULL, 1266),
(1254, 1273, 1, '', '', 'Breaking system', 18, NULL, 1266),
(1256, 1274, 1, '', '', 'Rear lights', 19, NULL, 1266),
(1258, 1275, 1, '', '', 'Hubodometer', 20, NULL, 1266),
(1260, 1276, 1, '', '', 'Front vertical plate', 21, NULL, 1266),
(1262, 1277, 1, '', '', 'Lashing rings', 22, NULL, 1266),
(1264, 1278, 1, '', '', 'Ferry rings', 23, NULL, 1266),
(1220, 1279, 1, 'producer of the axle', 'default.png', 'Axle', 1, NULL, 1266),
(1220, 1280, 1, 'producer of the axle', 'default.png', 'Axle', 1, NULL, 1266),
(1222, 1283, 1, '', 'default.png', 'Version', 2, NULL, 1266),
(1222, 1284, 1, '', 'default.png', 'Version', 2, NULL, 1266),
(987, 1285, 1, 'producer of the axle', 'default.png', 'Axle', 1, 1162, 1037),
(987, 1286, 1, 'producer of the axle', 'default.png', 'Axle', 1, 1162, 1037),
(1015, 1289, 1, '', '', 'Rear buffer', 14, 1190, 1037),
(1017, 1290, 1, '', '', 'Rims', 15, 1192, 1037),
(1019, 1291, 1, '', '', 'Tires', 16, 1194, 1037),
(1021, 1292, 1, '', '', 'Info center', 17, 1196, 1037),
(1023, 1293, 1, '', '', 'Breaking system', 18, 1198, 1037),
(1025, 1294, 1, '', '', 'Rear lights', 19, 1200, 1037),
(1027, 1295, 1, '', '', 'Hubodometer', 20, 1202, 1037),
(1029, 1296, 1, '', '', 'Front vertical plate', 21, 1204, 1037),
(1031, 1297, 1, '', '', 'Lashing rings', 22, 1206, 1037),
(1033, 1298, 1, '', '', 'Ferry rings', 23, 1208, 1037),
(755, 1299, 1, 'distance from ground to king pin plate', 'default.png', '5-th wheel heigth', NULL, 1108, NULL),
(757, 1300, 1, 'producer of the axle', 'default.png', 'Axle', NULL, 1110, NULL),
(759, 1301, 1, '', 'default.png', 'Version', NULL, 1112, NULL),
(761, 1302, 1, '', '', 'Tail lift', NULL, 1114, NULL),
(763, 1303, 1, '', '', 'Neck Height', NULL, 1116, NULL),
(765, 1304, 1, '', '', 'Revers sensor', NULL, 1118, NULL),
(767, 1305, 1, '', '', 'Front Pulpit', NULL, 1120, NULL),
(769, 1306, 1, '', '', 'Rear ladder', NULL, 1122, NULL),
(771, 1307, 1, '', '', 'Floor', NULL, 1124, NULL),
(773, 1308, 1, '', '', 'Rear underrun', NULL, 1126, NULL),
(775, 1309, 1, '', '', 'Landing legs', NULL, 1128, NULL),
(777, 1310, 1, '', '', 'Air tanks', NULL, 1130, NULL),
(779, 1311, 1, '', '', 'Side protection', NULL, 1132, NULL),
(781, 1312, 1, '', '', 'Mudguards', NULL, 1134, NULL),
(785, 1313, 1, '', '', 'Rear buffer', NULL, 1138, NULL),
(787, 1314, 1, '', '', 'Rims', NULL, 1140, NULL),
(789, 1315, 1, '', '', 'Tires', NULL, 1142, NULL),
(791, 1316, 1, '', '', 'Info center', NULL, 1144, NULL),
(793, 1317, 1, '', '', 'Breaking system', NULL, 1146, NULL);            
INSERT INTO PUBLIC.PRODUCT_FEATURE_AUD(ID, REV, REVTYPE, DESCRIPTION, IMAGE_PATH, NAME, POSITION, ORDER_FEATURE_ID, PRODUCT_CONFIGURATION_ID) VALUES
(795, 1318, 1, '', '', 'Rear lights', NULL, 1148, NULL),
(797, 1319, 1, '', '', 'Hubodometer', NULL, 1150, NULL),
(799, 1320, 1, '', '', 'Front vertical plate', NULL, 1152, NULL),
(801, 1321, 1, '', '', 'Lashing rings', NULL, 1154, NULL),
(803, 1322, 1, '', '', 'Ferry rings', NULL, 1156, NULL),
(1035, 1327, 1, 'distance from ground to king pin plate', 'default.png', '5-th wheel heigth', 0, 1324, 1037),
(987, 1329, 1, 'producer of the axle', 'default.png', 'Axle', 1, 1326, 1037),
(989, 1331, 1, '', 'default.png', 'Version', 2, 1328, 1037),
(991, 1333, 1, '', '', 'Tail lift', 3, 1330, 1037),
(993, 1335, 1, '', '', 'Neck Height', 4, 1332, 1037),
(995, 1337, 1, '', '', 'Revers sensor', 5, 1334, 1037),
(997, 1339, 1, '', '', 'Front Pulpit', 6, 1336, 1037),
(999, 1341, 1, '', '', 'Rear ladder', 7, 1338, 1037),
(1001, 1343, 1, '', '', 'Floor', 8, 1340, 1037),
(1003, 1345, 1, '', '', 'Rear underrun', 9, 1342, 1037),
(1005, 1347, 1, '', '', 'Landing legs', 10, 1344, 1037),
(1007, 1349, 1, '', '', 'Air tanks', 11, 1346, 1037),
(1009, 1351, 1, '', '', 'Side protection', 12, 1348, 1037),
(1011, 1353, 1, '', '', 'Mudguards', 13, 1350, 1037),
(1015, 1355, 1, '', '', 'Rear buffer', 14, 1352, 1037),
(1017, 1357, 1, '', '', 'Rims', 15, 1354, 1037),
(1019, 1359, 1, '', '', 'Tires', 16, 1356, 1037),
(1021, 1361, 1, '', '', 'Info center', 17, 1358, 1037),
(1023, 1363, 1, '', '', 'Breaking system', 18, 1360, 1037),
(1025, 1365, 1, '', '', 'Rear lights', 19, 1362, 1037),
(1027, 1367, 1, '', '', 'Hubodometer', 20, 1364, 1037),
(1029, 1369, 1, '', '', 'Front vertical plate', 21, 1366, 1037),
(1031, 1371, 1, '', '', 'Lashing rings', 22, 1368, 1037),
(1033, 1373, 1, '', '', 'Ferry rings', 23, 1370, 1037),
(1218, 1377, 1, 'distance from ground to king pin plate', 'default.png', '5-th wheel heigth', 0, 1374, 1266),
(1220, 1379, 1, 'producer of the axle', 'default.png', 'Axle', 1, 1376, 1266),
(1222, 1381, 1, '', 'default.png', 'Version', 2, 1378, 1266),
(1224, 1383, 1, '', '', 'Tail lift', 3, 1380, 1266),
(1226, 1385, 1, '', '', 'Neck Height', 4, 1382, 1266),
(1228, 1387, 1, '', '', 'Revers sensor', 5, 1384, 1266),
(1230, 1389, 1, '', '', 'Front Pulpit', 6, 1386, 1266),
(1232, 1391, 1, '', '', 'Rear ladder', 7, 1388, 1266),
(1234, 1393, 1, '', '', 'Floor', 8, 1390, 1266),
(1236, 1395, 1, '', '', 'Rear underrun', 9, 1392, 1266),
(1238, 1397, 1, '', '', 'Landing legs', 10, 1394, 1266),
(1240, 1399, 1, '', '', 'Air tanks', 11, 1396, 1266),
(1242, 1401, 1, '', '', 'Side protection', 12, 1398, 1266),
(1244, 1403, 1, '', '', 'Mudguards', 13, 1400, 1266),
(1246, 1405, 1, '', '', 'Rear buffer', 14, 1402, 1266),
(1248, 1407, 1, '', '', 'Rims', 15, 1404, 1266),
(1250, 1409, 1, '', '', 'Tires', 16, 1406, 1266),
(1252, 1411, 1, '', '', 'Info center', 17, 1408, 1266),
(1254, 1413, 1, '', '', 'Breaking system', 18, 1410, 1266),
(1256, 1415, 1, '', '', 'Rear lights', 19, 1412, 1266),
(1258, 1417, 1, '', '', 'Hubodometer', 20, 1414, 1266),
(1260, 1419, 1, '', '', 'Front vertical plate', 21, 1416, 1266),
(1262, 1421, 1, '', '', 'Lashing rings', 22, 1418, 1266),
(1264, 1423, 1, '', '', 'Ferry rings', 23, 1420, 1266),
(1035, 1428, 1, 'distance from ground to king pin plate', 'default.png', '5-th wheel heigth', 0, 1425, 1037),
(987, 1430, 1, 'producer of the axle', 'default.png', 'Axle', 1, 1427, 1037),
(989, 1432, 1, '', 'default.png', 'Version', 2, 1429, 1037),
(991, 1434, 1, '', '', 'Tail lift', 3, 1431, 1037),
(993, 1436, 1, '', '', 'Neck Height', 4, 1433, 1037),
(995, 1438, 1, '', '', 'Revers sensor', 5, 1435, 1037),
(997, 1440, 1, '', '', 'Front Pulpit', 6, 1437, 1037),
(999, 1442, 1, '', '', 'Rear ladder', 7, 1439, 1037),
(1001, 1444, 1, '', '', 'Floor', 8, 1441, 1037),
(1003, 1446, 1, '', '', 'Rear underrun', 9, 1443, 1037),
(1005, 1448, 1, '', '', 'Landing legs', 10, 1445, 1037),
(1007, 1450, 1, '', '', 'Air tanks', 11, 1447, 1037),
(1009, 1452, 1, '', '', 'Side protection', 12, 1449, 1037),
(1011, 1454, 1, '', '', 'Mudguards', 13, 1451, 1037);               
INSERT INTO PUBLIC.PRODUCT_FEATURE_AUD(ID, REV, REVTYPE, DESCRIPTION, IMAGE_PATH, NAME, POSITION, ORDER_FEATURE_ID, PRODUCT_CONFIGURATION_ID) VALUES
(1015, 1456, 1, '', '', 'Rear buffer', 14, 1453, 1037),
(1017, 1458, 1, '', '', 'Rims', 15, 1455, 1037),
(1019, 1460, 1, '', '', 'Tires', 16, 1457, 1037),
(1021, 1462, 1, '', '', 'Info center', 17, 1459, 1037),
(1023, 1464, 1, '', '', 'Breaking system', 18, 1461, 1037),
(1025, 1466, 1, '', '', 'Rear lights', 19, 1463, 1037),
(1027, 1468, 1, '', '', 'Hubodometer', 20, 1465, 1037),
(1029, 1470, 1, '', '', 'Front vertical plate', 21, 1467, 1037),
(1031, 1472, 1, '', '', 'Lashing rings', 22, 1469, 1037),
(1033, 1474, 1, '', '', 'Ferry rings', 23, 1471, 1037),
(11, 1475, 1, 'distance from ground to king pin plate', 'default.png', '5-th wheel heigth', 25, 892, 8),
(13, 1507, 1, '', 'default.png', 'Version', 2, 896, 8),
(995, 1520, 1, '', '', 'Revers sensor', 5, 1517, 1037),
(997, 1522, 1, '', '', 'Front Pulpit', 6, 1519, 1037),
(999, 1524, 1, '', '', 'Rear ladder', 7, 1521, 1037),
(1001, 1526, 1, '', '', 'Floor', 8, 1523, 1037),
(1003, 1528, 1, '', '', 'Rear underrun', 9, 1525, 1037),
(1005, 1530, 1, '', '', 'Landing legs', 10, 1527, 1037),
(1009, 1532, 1, '', '', 'Side protection', 12, 1529, 1037),
(1011, 1534, 1, '', '', 'Mudguards', 13, 1531, 1037),
(1015, 1536, 1, '', '', 'Rear buffer', 14, 1533, 1037),
(1017, 1538, 1, '', '', 'Rims', 15, 1535, 1037),
(1019, 1540, 1, '', '', 'Tires', 16, 1537, 1037),
(1021, 1542, 1, '', '', 'Info center', 17, 1539, 1037),
(1023, 1544, 1, '', '', 'Breaking system', 18, 1541, 1037),
(1025, 1546, 1, '', '', 'Rear lights', 19, 1543, 1037),
(1027, 1548, 1, '', '', 'Hubodometer', 20, 1545, 1037),
(1029, 1550, 1, '', '', 'Front vertical plate', 21, 1547, 1037),
(1031, 1552, 1, '', '', 'Lashing rings', 22, 1549, 1037),
(1033, 1554, 1, '', '', 'Ferry rings', 23, 1551, 1037),
(1035, 1559, 1, 'distance from ground to king pin plate', 'default.png', '5-th wheel heigth', 0, 1556, 1037),
(987, 1561, 1, 'producer of the axle', 'default.png', 'Axle', 1, 1558, 1037),
(989, 1563, 1, '', 'default.png', 'Version', 2, 1560, 1037),
(991, 1565, 1, '', '', 'Tail lift', 3, 1562, 1037),
(993, 1567, 1, '', '', 'Neck Height', 4, 1564, 1037),
(995, 1569, 1, '', '', 'Revers sensor', 5, 1566, 1037),
(997, 1571, 1, '', '', 'Front Pulpit', 6, 1568, 1037),
(999, 1573, 1, '', '', 'Rear ladder', 7, 1570, 1037),
(1001, 1575, 1, '', '', 'Floor', 8, 1572, 1037),
(1003, 1577, 1, '', '', 'Rear underrun', 9, 1574, 1037),
(1005, 1579, 1, '', '', 'Landing legs', 10, 1576, 1037),
(1007, 1581, 1, '', '', 'Air tanks', 11, 1578, 1037),
(1009, 1583, 1, '', '', 'Side protection', 12, 1580, 1037),
(1011, 1585, 1, '', '', 'Mudguards', 13, 1582, 1037),
(1015, 1587, 1, '', '', 'Rear buffer', 14, 1584, 1037),
(1017, 1589, 1, '', '', 'Rims', 15, 1586, 1037),
(1019, 1591, 1, '', '', 'Tires', 16, 1588, 1037),
(1021, 1593, 1, '', '', 'Info center', 17, 1590, 1037),
(1023, 1595, 1, '', '', 'Breaking system', 18, 1592, 1037),
(1025, 1597, 1, '', '', 'Rear lights', 19, 1594, 1037),
(1027, 1599, 1, '', '', 'Hubodometer', 20, 1596, 1037),
(1029, 1601, 1, '', '', 'Front vertical plate', 21, 1598, 1037),
(1031, 1603, 1, '', '', 'Lashing rings', 22, 1600, 1037),
(1033, 1605, 1, '', '', 'Ferry rings', 23, 1602, 1037),
(1035, 1644, 1, 'distance from ground to king pin plate', 'default.png', '5-th wheel heigth', 0, 1641, 1037),
(987, 1646, 1, 'producer of the axle', 'default.png', 'Axle', 1, 1643, 1037),
(989, 1648, 1, '', 'default.png', 'Version', 2, 1645, 1037),
(991, 1650, 1, '', '', 'Tail lift', 3, 1647, 1037),
(993, 1652, 1, '', '', 'Neck Height', 4, 1649, 1037),
(995, 1654, 1, '', '', 'Revers sensor', 5, 1651, 1037),
(997, 1656, 1, '', '', 'Front Pulpit', 6, 1653, 1037),
(999, 1658, 1, '', '', 'Rear ladder', 7, 1655, 1037),
(1001, 1660, 1, '', '', 'Floor', 8, 1657, 1037),
(1003, 1662, 1, '', '', 'Rear underrun', 9, 1659, 1037),
(1005, 1664, 1, '', '', 'Landing legs', 10, 1661, 1037),
(1007, 1666, 1, '', '', 'Air tanks', 11, 1663, 1037),
(1009, 1668, 1, '', '', 'Side protection', 12, 1665, 1037),
(1011, 1670, 1, '', '', 'Mudguards', 13, 1667, 1037);    
INSERT INTO PUBLIC.PRODUCT_FEATURE_AUD(ID, REV, REVTYPE, DESCRIPTION, IMAGE_PATH, NAME, POSITION, ORDER_FEATURE_ID, PRODUCT_CONFIGURATION_ID) VALUES
(1015, 1672, 1, '', '', 'Rear buffer', 14, 1669, 1037),
(1017, 1674, 1, '', '', 'Rims', 15, 1671, 1037),
(1019, 1676, 1, '', '', 'Tires', 16, 1673, 1037),
(1021, 1678, 1, '', '', 'Info center', 17, 1675, 1037),
(1023, 1680, 1, '', '', 'Breaking system', 18, 1677, 1037),
(1025, 1682, 1, '', '', 'Rear lights', 19, 1679, 1037),
(1027, 1684, 1, '', '', 'Hubodometer', 20, 1681, 1037),
(1029, 1686, 1, '', '', 'Front vertical plate', 21, 1683, 1037),
(1031, 1688, 1, '', '', 'Lashing rings', 22, 1685, 1037),
(1035, 1692, 1, 'distance from ground to king pin plate', 'default.png', '5-th wheel heigth', 0, 1689, 1037),
(987, 1694, 1, 'producer of the axle', 'default.png', 'Axle', 1, 1691, 1037),
(989, 1696, 1, '', 'default.png', 'Version', 2, 1693, 1037),
(991, 1698, 1, '', '', 'Tail lift', 3, 1695, 1037),
(993, 1700, 1, '', '', 'Neck Height', 4, 1697, 1037),
(995, 1702, 1, '', '', 'Revers sensor', 5, 1699, 1037),
(997, 1704, 1, '', '', 'Front Pulpit', 6, 1701, 1037),
(999, 1706, 1, '', '', 'Rear ladder', 7, 1703, 1037),
(1001, 1708, 1, '', '', 'Floor', 8, 1705, 1037),
(1003, 1710, 1, '', '', 'Rear underrun', 9, 1707, 1037),
(1005, 1712, 1, '', '', 'Landing legs', 10, 1709, 1037),
(1007, 1714, 1, '', '', 'Air tanks', 11, 1711, 1037),
(1009, 1716, 1, '', '', 'Side protection', 12, 1713, 1037),
(1011, 1718, 1, '', '', 'Mudguards', 13, 1715, 1037),
(1015, 1720, 1, '', '', 'Rear buffer', 14, 1717, 1037),
(1017, 1722, 1, '', '', 'Rims', 15, 1719, 1037),
(1019, 1724, 1, '', '', 'Tires', 16, 1721, 1037),
(1021, 1726, 1, '', '', 'Info center', 17, 1723, 1037),
(1023, 1728, 1, '', '', 'Breaking system', 18, 1725, 1037),
(1025, 1730, 1, '', '', 'Rear lights', 19, 1727, 1037),
(1027, 1732, 1, '', '', 'Hubodometer', 20, 1729, 1037),
(1029, 1734, 1, '', '', 'Front vertical plate', 21, 1731, 1037),
(1031, 1736, 1, '', '', 'Lashing rings', 22, 1733, 1037),
(1035, 1740, 1, 'distance from ground to king pin plate', 'default.png', '5-th wheel heigth', 0, 1737, 1037),
(987, 1742, 1, 'producer of the axle', 'default.png', 'Axle', 1, 1739, 1037),
(989, 1744, 1, '', 'default.png', 'Version', 2, 1741, 1037),
(991, 1746, 1, '', '', 'Tail lift', 3, 1743, 1037),
(993, 1748, 1, '', '', 'Neck Height', 4, 1745, 1037),
(995, 1750, 1, '', '', 'Revers sensor', 5, 1747, 1037),
(997, 1752, 1, '', '', 'Front Pulpit', 6, 1749, 1037),
(999, 1754, 1, '', '', 'Rear ladder', 7, 1751, 1037),
(1001, 1756, 1, '', '', 'Floor', 8, 1753, 1037),
(1003, 1758, 1, '', '', 'Rear underrun', 9, 1755, 1037),
(1005, 1760, 1, '', '', 'Landing legs', 10, 1757, 1037),
(1007, 1762, 1, '', '', 'Air tanks', 11, 1759, 1037),
(1009, 1764, 1, '', '', 'Side protection', 12, 1761, 1037),
(1011, 1766, 1, '', '', 'Mudguards', 13, 1763, 1037),
(1015, 1768, 1, '', '', 'Rear buffer', 14, 1765, 1037),
(1017, 1770, 1, '', '', 'Rims', 15, 1767, 1037),
(1019, 1772, 1, '', '', 'Tires', 16, 1769, 1037),
(1021, 1774, 1, '', '', 'Info center', 17, 1771, 1037),
(1023, 1776, 1, '', '', 'Breaking system', 18, 1773, 1037),
(1025, 1778, 1, '', '', 'Rear lights', 19, 1775, 1037),
(1027, 1780, 1, '', '', 'Hubodometer', 20, 1777, 1037),
(1029, 1782, 1, '', '', 'Front vertical plate', 21, 1779, 1037),
(1031, 1784, 1, '', '', 'Lashing rings', 22, 1781, 1037),
(1035, 1788, 1, 'distance from ground to king pin plate', 'default.png', '5-th wheel heigth', 0, 1785, 1037),
(987, 1790, 1, 'producer of the axle', 'default.png', 'Axle', 1, 1787, 1037),
(989, 1792, 1, '', 'default.png', 'Version', 2, 1789, 1037),
(991, 1794, 1, '', '', 'Tail lift', 3, 1791, 1037),
(993, 1796, 1, '', '', 'Neck Height', 4, 1793, 1037),
(995, 1798, 1, '', '', 'Revers sensor', 5, 1795, 1037),
(997, 1800, 1, '', '', 'Front Pulpit', 6, 1797, 1037),
(999, 1802, 1, '', '', 'Rear ladder', 7, 1799, 1037),
(1001, 1804, 1, '', '', 'Floor', 8, 1801, 1037),
(1003, 1806, 1, '', '', 'Rear underrun', 9, 1803, 1037),
(1005, 1808, 1, '', '', 'Landing legs', 10, 1805, 1037),
(1007, 1810, 1, '', '', 'Air tanks', 11, 1807, 1037);      
INSERT INTO PUBLIC.PRODUCT_FEATURE_AUD(ID, REV, REVTYPE, DESCRIPTION, IMAGE_PATH, NAME, POSITION, ORDER_FEATURE_ID, PRODUCT_CONFIGURATION_ID) VALUES
(1009, 1812, 1, '', '', 'Side protection', 12, 1809, 1037),
(1011, 1814, 1, '', '', 'Mudguards', 13, 1811, 1037),
(1015, 1816, 1, '', '', 'Rear buffer', 14, 1813, 1037),
(1017, 1818, 1, '', '', 'Rims', 15, 1815, 1037),
(1019, 1820, 1, '', '', 'Tires', 16, 1817, 1037),
(1021, 1822, 1, '', '', 'Info center', 17, 1819, 1037),
(1023, 1824, 1, '', '', 'Breaking system', 18, 1821, 1037),
(1025, 1826, 1, '', '', 'Rear lights', 19, 1823, 1037),
(1027, 1828, 1, '', '', 'Hubodometer', 20, 1825, 1037),
(1029, 1830, 1, '', '', 'Front vertical plate', 21, 1827, 1037),
(1031, 1832, 1, '', '', 'Lashing rings', 22, 1829, 1037),
(1035, 1836, 1, 'distance from ground to king pin plate', 'default.png', '5-th wheel heigth', 0, 1833, 1037),
(987, 1838, 1, 'producer of the axle', 'default.png', 'Axle', 1, 1835, 1037),
(989, 1840, 1, '', 'default.png', 'Version', 2, 1837, 1037),
(991, 1842, 1, '', '', 'Tail lift', 3, 1839, 1037),
(993, 1844, 1, '', '', 'Neck Height', 4, 1841, 1037),
(995, 1846, 1, '', '', 'Revers sensor', 5, 1843, 1037),
(997, 1848, 1, '', '', 'Front Pulpit', 6, 1845, 1037),
(999, 1850, 1, '', '', 'Rear ladder', 7, 1847, 1037),
(1001, 1852, 1, '', '', 'Floor', 8, 1849, 1037),
(1003, 1854, 1, '', '', 'Rear underrun', 9, 1851, 1037),
(1005, 1856, 1, '', '', 'Landing legs', 10, 1853, 1037),
(1007, 1858, 1, '', '', 'Air tanks', 11, 1855, 1037),
(1009, 1860, 1, '', '', 'Side protection', 12, 1857, 1037),
(1011, 1862, 1, '', '', 'Mudguards', 13, 1859, 1037),
(1015, 1864, 1, '', '', 'Rear buffer', 14, 1861, 1037),
(1017, 1866, 1, '', '', 'Rims', 15, 1863, 1037),
(1019, 1868, 1, '', '', 'Tires', 16, 1865, 1037),
(1021, 1870, 1, '', '', 'Info center', 17, 1867, 1037),
(1023, 1872, 1, '', '', 'Breaking system', 18, 1869, 1037),
(1025, 1874, 1, '', '', 'Rear lights', 19, 1871, 1037),
(1027, 1876, 1, '', '', 'Hubodometer', 20, 1873, 1037),
(1029, 1878, 1, '', '', 'Front vertical plate', 21, 1875, 1037),
(1031, 1880, 1, '', '', 'Lashing rings', 22, 1877, 1037),
(1035, 1884, 1, 'distance from ground to king pin plate', 'default.png', '5-th wheel heigth', 0, 1881, 1037),
(987, 1886, 1, 'producer of the axle', 'default.png', 'Axle', 1, 1883, 1037),
(989, 1888, 1, '', 'default.png', 'Version', 2, 1885, 1037),
(991, 1890, 1, '', '', 'Tail lift', 3, 1887, 1037),
(993, 1892, 1, '', '', 'Neck Height', 4, 1889, 1037),
(995, 1894, 1, '', '', 'Revers sensor', 5, 1891, 1037),
(997, 1896, 1, '', '', 'Front Pulpit', 6, 1893, 1037),
(999, 1898, 1, '', '', 'Rear ladder', 7, 1895, 1037),
(1001, 1900, 1, '', '', 'Floor', 8, 1897, 1037),
(1003, 1902, 1, '', '', 'Rear underrun', 9, 1899, 1037),
(1005, 1904, 1, '', '', 'Landing legs', 10, 1901, 1037),
(1007, 1906, 1, '', '', 'Air tanks', 11, 1903, 1037),
(1009, 1908, 1, '', '', 'Side protection', 12, 1905, 1037),
(1011, 1910, 1, '', '', 'Mudguards', 13, 1907, 1037),
(1015, 1912, 1, '', '', 'Rear buffer', 14, 1909, 1037),
(1017, 1914, 1, '', '', 'Rims', 15, 1911, 1037),
(1019, 1916, 1, '', '', 'Tires', 16, 1913, 1037),
(1021, 1918, 1, '', '', 'Info center', 17, 1915, 1037),
(1023, 1920, 1, '', '', 'Breaking system', 18, 1917, 1037),
(1025, 1922, 1, '', '', 'Rear lights', 19, 1919, 1037),
(1027, 1924, 1, '', '', 'Hubodometer', 20, 1921, 1037),
(1029, 1926, 1, '', '', 'Front vertical plate', 21, 1923, 1037),
(1031, 1928, 1, '', '', 'Lashing rings', 22, 1925, 1037),
(1035, 1932, 1, 'distance from ground to king pin plate', 'default.png', '5-th wheel heigth', 0, 1929, 1037),
(987, 1934, 1, 'producer of the axle', 'default.png', 'Axle', 1, 1931, 1037),
(989, 1936, 1, '', 'default.png', 'Version', 2, 1933, 1037),
(991, 1938, 1, '', '', 'Tail lift', 3, 1935, 1037),
(993, 1940, 1, '', '', 'Neck Height', 4, 1937, 1037),
(995, 1942, 1, '', '', 'Revers sensor', 5, 1939, 1037),
(997, 1944, 1, '', '', 'Front Pulpit', 6, 1941, 1037),
(999, 1946, 1, '', '', 'Rear ladder', 7, 1943, 1037),
(1001, 1948, 1, '', '', 'Floor', 8, 1945, 1037),
(1003, 1950, 1, '', '', 'Rear underrun', 9, 1947, 1037);   
INSERT INTO PUBLIC.PRODUCT_FEATURE_AUD(ID, REV, REVTYPE, DESCRIPTION, IMAGE_PATH, NAME, POSITION, ORDER_FEATURE_ID, PRODUCT_CONFIGURATION_ID) VALUES
(1005, 1952, 1, '', '', 'Landing legs', 10, 1949, 1037),
(1007, 1954, 1, '', '', 'Air tanks', 11, 1951, 1037),
(1009, 1956, 1, '', '', 'Side protection', 12, 1953, 1037),
(1011, 1958, 1, '', '', 'Mudguards', 13, 1955, 1037),
(1015, 1960, 1, '', '', 'Rear buffer', 14, 1957, 1037),
(1017, 1962, 1, '', '', 'Rims', 15, 1959, 1037),
(1019, 1964, 1, '', '', 'Tires', 16, 1961, 1037),
(1021, 1966, 1, '', '', 'Info center', 17, 1963, 1037),
(1023, 1968, 1, '', '', 'Breaking system', 18, 1965, 1037),
(1025, 1970, 1, '', '', 'Rear lights', 19, 1967, 1037),
(1027, 1972, 1, '', '', 'Hubodometer', 20, 1969, 1037),
(1029, 1974, 1, '', '', 'Front vertical plate', 21, 1971, 1037),
(1031, 1976, 1, '', '', 'Lashing rings', 22, 1973, 1037),
(1035, 1980, 1, 'distance from ground to king pin plate', 'default.png', '5-th wheel heigth', 0, 1977, 1037),
(987, 1982, 1, 'producer of the axle', 'default.png', 'Axle', 1, 1979, 1037),
(989, 1984, 1, '', 'default.png', 'Version', 2, 1981, 1037),
(991, 1986, 1, '', '', 'Tail lift', 3, 1983, 1037),
(993, 1988, 1, '', '', 'Neck Height', 4, 1985, 1037),
(995, 1990, 1, '', '', 'Revers sensor', 5, 1987, 1037),
(997, 1992, 1, '', '', 'Front Pulpit', 6, 1989, 1037),
(999, 1994, 1, '', '', 'Rear ladder', 7, 1991, 1037),
(1001, 1996, 1, '', '', 'Floor', 8, 1993, 1037),
(1003, 1998, 1, '', '', 'Rear underrun', 9, 1995, 1037),
(1005, 2000, 1, '', '', 'Landing legs', 10, 1997, 1037),
(1007, 2002, 1, '', '', 'Air tanks', 11, 1999, 1037),
(1009, 2004, 1, '', '', 'Side protection', 12, 2001, 1037),
(1011, 2006, 1, '', '', 'Mudguards', 13, 2003, 1037),
(1015, 2008, 1, '', '', 'Rear buffer', 14, 2005, 1037),
(1017, 2010, 1, '', '', 'Rims', 15, 2007, 1037),
(1019, 2012, 1, '', '', 'Tires', 16, 2009, 1037),
(1021, 2014, 1, '', '', 'Info center', 17, 2011, 1037),
(1023, 2016, 1, '', '', 'Breaking system', 18, 2013, 1037),
(1025, 2018, 1, '', '', 'Rear lights', 19, 2015, 1037),
(1027, 2020, 1, '', '', 'Hubodometer', 20, 2017, 1037),
(1029, 2022, 1, '', '', 'Front vertical plate', 21, 2019, 1037),
(1031, 2024, 1, '', '', 'Lashing rings', 22, 2021, 1037),
(1035, 2028, 1, 'distance from ground to king pin plate', 'default.png', '5-th wheel heigth', 0, 2025, 1037),
(987, 2030, 1, 'producer of the axle', 'default.png', 'Axle', 1, 2027, 1037),
(989, 2032, 1, '', 'default.png', 'Version', 2, 2029, 1037),
(991, 2034, 1, '', '', 'Tail lift', 3, 2031, 1037),
(993, 2036, 1, '', '', 'Neck Height', 4, 2033, 1037),
(995, 2038, 1, '', '', 'Revers sensor', 5, 2035, 1037),
(997, 2040, 1, '', '', 'Front Pulpit', 6, 2037, 1037),
(999, 2042, 1, '', '', 'Rear ladder', 7, 2039, 1037),
(1001, 2044, 1, '', '', 'Floor', 8, 2041, 1037),
(1003, 2046, 1, '', '', 'Rear underrun', 9, 2043, 1037),
(1005, 2048, 1, '', '', 'Landing legs', 10, 2045, 1037),
(1007, 2050, 1, '', '', 'Air tanks', 11, 2047, 1037),
(1009, 2052, 1, '', '', 'Side protection', 12, 2049, 1037),
(1011, 2054, 1, '', '', 'Mudguards', 13, 2051, 1037),
(1015, 2056, 1, '', '', 'Rear buffer', 14, 2053, 1037),
(1017, 2058, 1, '', '', 'Rims', 15, 2055, 1037),
(1019, 2060, 1, '', '', 'Tires', 16, 2057, 1037),
(1021, 2062, 1, '', '', 'Info center', 17, 2059, 1037),
(1023, 2064, 1, '', '', 'Breaking system', 18, 2061, 1037),
(1025, 2066, 1, '', '', 'Rear lights', 19, 2063, 1037),
(1027, 2068, 1, '', '', 'Hubodometer', 20, 2065, 1037),
(1029, 2070, 1, '', '', 'Front vertical plate', 21, 2067, 1037),
(1031, 2072, 1, '', '', 'Lashing rings', 22, 2069, 1037),
(1035, 2076, 1, 'distance from ground to king pin plate', 'default.png', '5-th wheel heigth', 0, 2073, 1037),
(987, 2078, 1, 'producer of the axle', 'default.png', 'Axle', 1, 2075, 1037),
(989, 2080, 1, '', 'default.png', 'Version', 2, 2077, 1037),
(991, 2082, 1, '', '', 'Tail lift', 3, 2079, 1037),
(993, 2084, 1, '', '', 'Neck Height', 4, 2081, 1037),
(995, 2086, 1, '', '', 'Revers sensor', 5, 2083, 1037),
(997, 2088, 1, '', '', 'Front Pulpit', 6, 2085, 1037),
(999, 2090, 1, '', '', 'Rear ladder', 7, 2087, 1037);              
INSERT INTO PUBLIC.PRODUCT_FEATURE_AUD(ID, REV, REVTYPE, DESCRIPTION, IMAGE_PATH, NAME, POSITION, ORDER_FEATURE_ID, PRODUCT_CONFIGURATION_ID) VALUES
(1001, 2092, 1, '', '', 'Floor', 8, 2089, 1037),
(1003, 2094, 1, '', '', 'Rear underrun', 9, 2091, 1037),
(1005, 2096, 1, '', '', 'Landing legs', 10, 2093, 1037),
(1007, 2098, 1, '', '', 'Air tanks', 11, 2095, 1037),
(1009, 2100, 1, '', '', 'Side protection', 12, 2097, 1037),
(1011, 2102, 1, '', '', 'Mudguards', 13, 2099, 1037),
(1015, 2104, 1, '', '', 'Rear buffer', 14, 2101, 1037),
(1017, 2106, 1, '', '', 'Rims', 15, 2103, 1037),
(1019, 2108, 1, '', '', 'Tires', 16, 2105, 1037),
(1021, 2110, 1, '', '', 'Info center', 17, 2107, 1037),
(1023, 2112, 1, '', '', 'Breaking system', 18, 2109, 1037),
(1025, 2114, 1, '', '', 'Rear lights', 19, 2111, 1037),
(1027, 2116, 1, '', '', 'Hubodometer', 20, 2113, 1037),
(1029, 2118, 1, '', '', 'Front vertical plate', 21, 2115, 1037),
(1031, 2120, 1, '', '', 'Lashing rings', 22, 2117, 1037),
(1035, 2124, 1, 'distance from ground to king pin plate', 'default.png', '5-th wheel heigth', 0, 2121, 1037),
(987, 2126, 1, 'producer of the axle', 'default.png', 'Axle', 1, 2123, 1037),
(989, 2128, 1, '', 'default.png', 'Version', 2, 2125, 1037),
(991, 2130, 1, '', '', 'Tail lift', 3, 2127, 1037),
(993, 2132, 1, '', '', 'Neck Height', 4, 2129, 1037),
(995, 2134, 1, '', '', 'Revers sensor', 5, 2131, 1037),
(997, 2136, 1, '', '', 'Front Pulpit', 6, 2133, 1037),
(999, 2138, 1, '', '', 'Rear ladder', 7, 2135, 1037),
(1001, 2140, 1, '', '', 'Floor', 8, 2137, 1037),
(1003, 2142, 1, '', '', 'Rear underrun', 9, 2139, 1037),
(1005, 2144, 1, '', '', 'Landing legs', 10, 2141, 1037),
(1007, 2146, 1, '', '', 'Air tanks', 11, 2143, 1037),
(1009, 2148, 1, '', '', 'Side protection', 12, 2145, 1037),
(1011, 2150, 1, '', '', 'Mudguards', 13, 2147, 1037),
(1015, 2152, 1, '', '', 'Rear buffer', 14, 2149, 1037),
(1017, 2154, 1, '', '', 'Rims', 15, 2151, 1037),
(1019, 2156, 1, '', '', 'Tires', 16, 2153, 1037),
(1021, 2158, 1, '', '', 'Info center', 17, 2155, 1037),
(1023, 2160, 1, '', '', 'Breaking system', 18, 2157, 1037),
(1025, 2162, 1, '', '', 'Rear lights', 19, 2159, 1037),
(1027, 2164, 1, '', '', 'Hubodometer', 20, 2161, 1037),
(1029, 2166, 1, '', '', 'Front vertical plate', 21, 2163, 1037),
(1031, 2168, 1, '', '', 'Lashing rings', 22, 2165, 1037),
(1035, 2172, 1, 'distance from ground to king pin plate', 'default.png', '5-th wheel heigth', 0, 2169, 1037),
(987, 2174, 1, 'producer of the axle', 'default.png', 'Axle', 1, 2171, 1037),
(989, 2176, 1, '', 'default.png', 'Version', 2, 2173, 1037),
(991, 2178, 1, '', '', 'Tail lift', 3, 2175, 1037),
(993, 2180, 1, '', '', 'Neck Height', 4, 2177, 1037),
(995, 2182, 1, '', '', 'Revers sensor', 5, 2179, 1037),
(997, 2184, 1, '', '', 'Front Pulpit', 6, 2181, 1037),
(999, 2186, 1, '', '', 'Rear ladder', 7, 2183, 1037),
(1001, 2188, 1, '', '', 'Floor', 8, 2185, 1037),
(1003, 2190, 1, '', '', 'Rear underrun', 9, 2187, 1037),
(1005, 2192, 1, '', '', 'Landing legs', 10, 2189, 1037),
(1007, 2194, 1, '', '', 'Air tanks', 11, 2191, 1037),
(1009, 2196, 1, '', '', 'Side protection', 12, 2193, 1037),
(1011, 2198, 1, '', '', 'Mudguards', 13, 2195, 1037),
(1015, 2200, 1, '', '', 'Rear buffer', 14, 2197, 1037),
(1017, 2202, 1, '', '', 'Rims', 15, 2199, 1037),
(1019, 2204, 1, '', '', 'Tires', 16, 2201, 1037),
(1021, 2206, 1, '', '', 'Info center', 17, 2203, 1037),
(1023, 2208, 1, '', '', 'Breaking system', 18, 2205, 1037),
(1025, 2210, 1, '', '', 'Rear lights', 19, 2207, 1037),
(1027, 2212, 1, '', '', 'Hubodometer', 20, 2209, 1037),
(1029, 2214, 1, '', '', 'Front vertical plate', 21, 2211, 1037),
(1031, 2216, 1, '', '', 'Lashing rings', 22, 2213, 1037),
(1033, 2218, 1, '', '', 'Ferry rings', 23, 2215, 1037),
(1035, 2224, 1, 'distance from ground to king pin plate', 'default.png', '5-th wheel heigth', 0, 2221, 1037),
(987, 2226, 1, 'producer of the axle', 'default.png', 'Axle', 1, 2223, 1037),
(989, 2228, 1, '', 'default.png', 'Version', 2, 2225, 1037),
(991, 2230, 1, '', '', 'Tail lift', 3, 2227, 1037),
(993, 2232, 1, '', '', 'Neck Height', 4, 2229, 1037); 
INSERT INTO PUBLIC.PRODUCT_FEATURE_AUD(ID, REV, REVTYPE, DESCRIPTION, IMAGE_PATH, NAME, POSITION, ORDER_FEATURE_ID, PRODUCT_CONFIGURATION_ID) VALUES
(995, 2234, 1, '', '', 'Revers sensor', 5, 2231, 1037),
(997, 2236, 1, '', '', 'Front Pulpit', 6, 2233, 1037),
(999, 2238, 1, '', '', 'Rear ladder', 7, 2235, 1037),
(1001, 2240, 1, '', '', 'Floor', 8, 2237, 1037),
(1003, 2242, 1, '', '', 'Rear underrun', 9, 2239, 1037),
(1005, 2244, 1, '', '', 'Landing legs', 10, 2241, 1037),
(1007, 2246, 1, '', '', 'Air tanks', 11, 2243, 1037),
(1009, 2248, 1, '', '', 'Side protection', 12, 2245, 1037),
(1011, 2250, 1, '', '', 'Mudguards', 13, 2247, 1037),
(1015, 2252, 1, '', '', 'Rear buffer', 14, 2249, 1037),
(1017, 2254, 1, '', '', 'Rims', 15, 2251, 1037),
(1019, 2256, 1, '', '', 'Tires', 16, 2253, 1037),
(1021, 2258, 1, '', '', 'Info center', 17, 2255, 1037),
(1023, 2260, 1, '', '', 'Breaking system', 18, 2257, 1037),
(1025, 2262, 1, '', '', 'Rear lights', 19, 2259, 1037),
(1027, 2264, 1, '', '', 'Hubodometer', 20, 2261, 1037),
(1029, 2266, 1, '', '', 'Front vertical plate', 21, 2263, 1037),
(1031, 2268, 1, '', '', 'Lashing rings', 22, 2265, 1037),
(1033, 2270, 1, '', '', 'Ferry rings', 23, 2267, 1037),
(1035, 2274, 1, 'distance from ground to king pin plate', 'default.png', '5-th wheel heigth', 0, 2271, 1037),
(987, 2276, 1, 'producer of the axle', 'default.png', 'Axle', 1, 2273, 1037),
(989, 2278, 1, '', 'default.png', 'Version', 2, 2275, 1037),
(991, 2280, 1, '', '', 'Tail lift', 3, 2277, 1037),
(993, 2282, 1, '', '', 'Neck Height', 4, 2279, 1037),
(995, 2284, 1, '', '', 'Revers sensor', 5, 2281, 1037),
(997, 2286, 1, '', '', 'Front Pulpit', 6, 2283, 1037),
(999, 2288, 1, '', '', 'Rear ladder', 7, 2285, 1037),
(1001, 2290, 1, '', '', 'Floor', 8, 2287, 1037),
(1003, 2292, 1, '', '', 'Rear underrun', 9, 2289, 1037),
(1005, 2294, 1, '', '', 'Landing legs', 10, 2291, 1037),
(1007, 2296, 1, '', '', 'Air tanks', 11, 2293, 1037),
(1009, 2298, 1, '', '', 'Side protection', 12, 2295, 1037),
(1011, 2300, 1, '', '', 'Mudguards', 13, 2297, 1037),
(1015, 2302, 1, '', '', 'Rear buffer', 14, 2299, 1037),
(1017, 2304, 1, '', '', 'Rims', 15, 2301, 1037),
(1019, 2306, 1, '', '', 'Tires', 16, 2303, 1037),
(1021, 2308, 1, '', '', 'Info center', 17, 2305, 1037),
(1023, 2310, 1, '', '', 'Breaking system', 18, 2307, 1037),
(1025, 2312, 1, '', '', 'Rear lights', 19, 2309, 1037),
(1027, 2314, 1, '', '', 'Hubodometer', 20, 2311, 1037),
(1029, 2316, 1, '', '', 'Front vertical plate', 21, 2313, 1037),
(1031, 2318, 1, '', '', 'Lashing rings', 22, 2315, 1037),
(1035, 2325, 1, 'distance from ground to king pin plate', 'default.png', '5-th wheel heigth', 0, 2322, 1037),
(987, 2327, 1, 'producer of the axle', 'default.png', 'Axle', 1, 2324, 1037),
(989, 2329, 1, '', 'default.png', 'Version', 2, 2326, 1037),
(991, 2331, 1, '', '', 'Tail lift', 3, 2328, 1037),
(993, 2333, 1, '', '', 'Neck Height', 4, 2330, 1037),
(995, 2335, 1, '', '', 'Revers sensor', 5, 2332, 1037),
(997, 2337, 1, '', '', 'Front Pulpit', 6, 2334, 1037),
(999, 2339, 1, '', '', 'Rear ladder', 7, 2336, 1037),
(1001, 2341, 1, '', '', 'Floor', 8, 2338, 1037),
(1003, 2343, 1, '', '', 'Rear underrun', 9, 2340, 1037),
(1005, 2345, 1, '', '', 'Landing legs', 10, 2342, 1037),
(1007, 2347, 1, '', '', 'Air tanks', 11, 2344, 1037),
(1009, 2349, 1, '', '', 'Side protection', 12, 2346, 1037),
(1011, 2351, 1, '', '', 'Mudguards', 13, 2348, 1037),
(1015, 2353, 1, '', '', 'Rear buffer', 14, 2350, 1037),
(1017, 2355, 1, '', '', 'Rims', 15, 2352, 1037),
(1019, 2357, 1, '', '', 'Tires', 16, 2354, 1037),
(1021, 2359, 1, '', '', 'Info center', 17, 2356, 1037),
(1023, 2361, 1, '', '', 'Breaking system', 18, 2358, 1037),
(1025, 2363, 1, '', '', 'Rear lights', 19, 2360, 1037),
(1027, 2365, 1, '', '', 'Hubodometer', 20, 2362, 1037),
(1029, 2367, 1, '', '', 'Front vertical plate', 21, 2364, 1037),
(1031, 2369, 1, '', '', 'Lashing rings', 22, 2366, 1037),
(1035, 2374, 1, 'distance from ground to king pin plate', 'default.png', '5-th wheel heigth', 0, 2371, 1037),
(987, 2376, 1, 'producer of the axle', 'default.png', 'Axle', 1, 2373, 1037);   
INSERT INTO PUBLIC.PRODUCT_FEATURE_AUD(ID, REV, REVTYPE, DESCRIPTION, IMAGE_PATH, NAME, POSITION, ORDER_FEATURE_ID, PRODUCT_CONFIGURATION_ID) VALUES
(989, 2378, 1, '', 'default.png', 'Version', 2, 2375, 1037),
(991, 2380, 1, '', '', 'Tail lift', 3, 2377, 1037),
(993, 2382, 1, '', '', 'Neck Height', 4, 2379, 1037),
(995, 2384, 1, '', '', 'Revers sensor', 5, 2381, 1037),
(997, 2386, 1, '', '', 'Front Pulpit', 6, 2383, 1037),
(999, 2388, 1, '', '', 'Rear ladder', 7, 2385, 1037),
(1001, 2390, 1, '', '', 'Floor', 8, 2387, 1037),
(1003, 2392, 1, '', '', 'Rear underrun', 9, 2389, 1037),
(1005, 2394, 1, '', '', 'Landing legs', 10, 2391, 1037),
(1007, 2396, 1, '', '', 'Air tanks', 11, 2393, 1037),
(1009, 2398, 1, '', '', 'Side protection', 12, 2395, 1037),
(1011, 2400, 1, '', '', 'Mudguards', 13, 2397, 1037),
(1015, 2402, 1, '', '', 'Rear buffer', 14, 2399, 1037),
(1017, 2404, 1, '', '', 'Rims', 15, 2401, 1037),
(1019, 2406, 1, '', '', 'Tires', 16, 2403, 1037),
(1021, 2408, 1, '', '', 'Info center', 17, 2405, 1037),
(1023, 2410, 1, '', '', 'Breaking system', 18, 2407, 1037),
(1025, 2412, 1, '', '', 'Rear lights', 19, 2409, 1037),
(1027, 2414, 1, '', '', 'Hubodometer', 20, 2411, 1037),
(1029, 2416, 1, '', '', 'Front vertical plate', 21, 2413, 1037),
(1031, 2418, 1, '', '', 'Lashing rings', 22, 2415, 1037),
(1033, 2420, 1, '', '', 'Ferry rings', 23, 2417, 1037),
(1035, 2428, 1, 'distance from ground to king pin plate', 'default.png', '5-th wheel heigth', 0, 2425, 1037),
(987, 2430, 1, 'producer of the axle', 'default.png', 'Axle', 1, 2427, 1037),
(989, 2432, 1, '', 'default.png', 'Version', 2, 2429, 1037),
(991, 2434, 1, '', '', 'Tail lift', 3, 2431, 1037),
(993, 2436, 1, '', '', 'Neck Height', 4, 2433, 1037),
(995, 2438, 1, '', '', 'Revers sensor', 5, 2435, 1037),
(997, 2440, 1, '', '', 'Front Pulpit', 6, 2437, 1037),
(999, 2442, 1, '', '', 'Rear ladder', 7, 2439, 1037),
(1001, 2444, 1, '', '', 'Floor', 8, 2441, 1037),
(1003, 2446, 1, '', '', 'Rear underrun', 9, 2443, 1037),
(1005, 2448, 1, '', '', 'Landing legs', 10, 2445, 1037),
(1007, 2450, 1, '', '', 'Air tanks', 11, 2447, 1037),
(1009, 2452, 1, '', '', 'Side protection', 12, 2449, 1037),
(1011, 2454, 1, '', '', 'Mudguards', 13, 2451, 1037),
(1015, 2456, 1, '', '', 'Rear buffer', 14, 2453, 1037),
(1017, 2458, 1, '', '', 'Rims', 15, 2455, 1037),
(1019, 2460, 1, '', '', 'Tires', 16, 2457, 1037),
(1021, 2462, 1, '', '', 'Info center', 17, 2459, 1037),
(1023, 2464, 1, '', '', 'Breaking system', 18, 2461, 1037),
(1025, 2466, 1, '', '', 'Rear lights', 19, 2463, 1037),
(1027, 2468, 1, '', '', 'Hubodometer', 20, 2465, 1037),
(1029, 2470, 1, '', '', 'Front vertical plate', 21, 2467, 1037),
(1031, 2472, 1, '', '', 'Lashing rings', 22, 2469, 1037),
(1033, 2474, 1, '', '', 'Ferry rings', 23, 2471, 1037),
(1035, 2479, 1, 'distance from ground to king pin plate', 'default.png', '5-th wheel heigth', 0, 2476, 1037),
(987, 2481, 1, 'producer of the axle', 'default.png', 'Axle', 1, 2478, 1037),
(989, 2483, 1, '', 'default.png', 'Version', 2, 2480, 1037),
(991, 2485, 1, '', '', 'Tail lift', 3, 2482, 1037),
(993, 2487, 1, '', '', 'Neck Height', 4, 2484, 1037),
(995, 2489, 1, '', '', 'Revers sensor', 5, 2486, 1037),
(997, 2491, 1, '', '', 'Front Pulpit', 6, 2488, 1037),
(999, 2493, 1, '', '', 'Rear ladder', 7, 2490, 1037),
(1001, 2495, 1, '', '', 'Floor', 8, 2492, 1037),
(1003, 2497, 1, '', '', 'Rear underrun', 9, 2494, 1037),
(1005, 2499, 1, '', '', 'Landing legs', 10, 2496, 1037),
(1007, 2501, 1, '', '', 'Air tanks', 11, 2498, 1037),
(1009, 2503, 1, '', '', 'Side protection', 12, 2500, 1037),
(1011, 2505, 1, '', '', 'Mudguards', 13, 2502, 1037),
(1015, 2507, 1, '', '', 'Rear buffer', 14, 2504, 1037),
(1017, 2509, 1, '', '', 'Rims', 15, 2506, 1037),
(1019, 2511, 1, '', '', 'Tires', 16, 2508, 1037),
(1021, 2513, 1, '', '', 'Info center', 17, 2510, 1037),
(1023, 2515, 1, '', '', 'Breaking system', 18, 2512, 1037),
(1025, 2517, 1, '', '', 'Rear lights', 19, 2514, 1037),
(1027, 2519, 1, '', '', 'Hubodometer', 20, 2516, 1037),
(1029, 2521, 1, '', '', 'Front vertical plate', 21, 2518, 1037),
(1031, 2523, 1, '', '', 'Lashing rings', 22, 2520, 1037);
INSERT INTO PUBLIC.PRODUCT_FEATURE_AUD(ID, REV, REVTYPE, DESCRIPTION, IMAGE_PATH, NAME, POSITION, ORDER_FEATURE_ID, PRODUCT_CONFIGURATION_ID) VALUES
(1035, 2543, 1, 'distance from ground to king pin plate', 'default.png', '5-th wheel heigth', 0, 2540, 1037),
(987, 2545, 1, 'producer of the axle', 'default.png', 'Axle', 1, 2542, 1037),
(989, 2547, 1, '', 'default.png', 'Version', 2, 2544, 1037),
(991, 2549, 1, '', '', 'Tail lift', 3, 2546, 1037),
(993, 2551, 1, '', '', 'Neck Height', 4, 2548, 1037),
(995, 2553, 1, '', '', 'Revers sensor', 5, 2550, 1037),
(997, 2555, 1, '', '', 'Front Pulpit', 6, 2552, 1037),
(999, 2557, 1, '', '', 'Rear ladder', 7, 2554, 1037),
(1001, 2559, 1, '', '', 'Floor', 8, 2556, 1037),
(1003, 2561, 1, '', '', 'Rear underrun', 9, 2558, 1037),
(1005, 2563, 1, '', '', 'Landing legs', 10, 2560, 1037),
(1007, 2565, 1, '', '', 'Air tanks', 11, 2562, 1037),
(1009, 2567, 1, '', '', 'Side protection', 12, 2564, 1037),
(1011, 2569, 1, '', '', 'Mudguards', 13, 2566, 1037),
(1015, 2571, 1, '', '', 'Rear buffer', 14, 2568, 1037),
(1017, 2573, 1, '', '', 'Rims', 15, 2570, 1037),
(1019, 2575, 1, '', '', 'Tires', 16, 2572, 1037),
(1021, 2577, 1, '', '', 'Info center', 17, 2574, 1037),
(1023, 2579, 1, '', '', 'Breaking system', 18, 2576, 1037),
(1025, 2581, 1, '', '', 'Rear lights', 19, 2578, 1037),
(1027, 2583, 1, '', '', 'Hubodometer', 20, 2580, 1037),
(1029, 2585, 1, '', '', 'Front vertical plate', 21, 2582, 1037),
(1031, 2587, 1, '', '', 'Lashing rings', 22, 2584, 1037),
(1035, 2607, 1, 'distance from ground to king pin plate', 'default.png', '5-th wheel heigth', 0, 2604, 1037),
(987, 2609, 1, 'producer of the axle', 'default.png', 'Axle', 1, 2606, 1037),
(989, 2611, 1, '', 'default.png', 'Version', 2, 2608, 1037),
(991, 2613, 1, '', '', 'Tail lift', 3, 2610, 1037),
(993, 2615, 1, '', '', 'Neck Height', 4, 2612, 1037),
(995, 2617, 1, '', '', 'Revers sensor', 5, 2614, 1037),
(997, 2619, 1, '', '', 'Front Pulpit', 6, 2616, 1037),
(999, 2621, 1, '', '', 'Rear ladder', 7, 2618, 1037),
(1001, 2623, 1, '', '', 'Floor', 8, 2620, 1037),
(1003, 2625, 1, '', '', 'Rear underrun', 9, 2622, 1037),
(1005, 2627, 1, '', '', 'Landing legs', 10, 2624, 1037),
(1007, 2629, 1, '', '', 'Air tanks', 11, 2626, 1037),
(1009, 2631, 1, '', '', 'Side protection', 12, 2628, 1037),
(1011, 2633, 1, '', '', 'Mudguards', 13, 2630, 1037),
(1015, 2635, 1, '', '', 'Rear buffer', 14, 2632, 1037),
(1017, 2637, 1, '', '', 'Rims', 15, 2634, 1037),
(1019, 2639, 1, '', '', 'Tires', 16, 2636, 1037),
(1021, 2641, 1, '', '', 'Info center', 17, 2638, 1037),
(1023, 2643, 1, '', '', 'Breaking system', 18, 2640, 1037),
(1025, 2645, 1, '', '', 'Rear lights', 19, 2642, 1037),
(1027, 2647, 1, '', '', 'Hubodometer', 20, 2644, 1037),
(1029, 2649, 1, '', '', 'Front vertical plate', 21, 2646, 1037),
(1031, 2651, 1, '', '', 'Lashing rings', 22, 2648, 1037),
(1033, 2653, 1, '', '', 'Ferry rings', 23, 2650, 1037),
(1035, 2705, 1, 'distance from ground to king pin plate', 'default.png', '5-th wheel heigth', 0, 2702, 1037),
(987, 2707, 1, 'producer of the axle', 'default.png', 'Axle', 1, 2704, 1037),
(989, 2709, 1, '', 'default.png', 'Version', 2, 2706, 1037),
(991, 2711, 1, '', '', 'Tail lift', 3, 2708, 1037),
(993, 2713, 1, '', '', 'Neck Height', 4, 2710, 1037),
(995, 2715, 1, '', '', 'Revers sensor', 5, 2712, 1037),
(997, 2717, 1, '', '', 'Front Pulpit', 6, 2714, 1037),
(999, 2719, 1, '', '', 'Rear ladder', 7, 2716, 1037),
(1001, 2721, 1, '', '', 'Floor', 8, 2718, 1037),
(1003, 2723, 1, '', '', 'Rear underrun', 9, 2720, 1037),
(1005, 2725, 1, '', '', 'Landing legs', 10, 2722, 1037),
(1007, 2727, 1, '', '', 'Air tanks', 11, 2724, 1037),
(1009, 2729, 1, '', '', 'Side protection', 12, 2726, 1037),
(1011, 2731, 1, '', '', 'Mudguards', 13, 2728, 1037),
(1015, 2733, 1, '', '', 'Rear buffer', 14, 2730, 1037),
(1017, 2735, 1, '', '', 'Rims', 15, 2732, 1037),
(1019, 2737, 1, '', '', 'Tires', 16, 2734, 1037),
(1021, 2739, 1, '', '', 'Info center', 17, 2736, 1037),
(1023, 2741, 1, '', '', 'Breaking system', 18, 2738, 1037),
(1025, 2743, 1, '', '', 'Rear lights', 19, 2740, 1037),
(1027, 2745, 1, '', '', 'Hubodometer', 20, 2742, 1037);       
INSERT INTO PUBLIC.PRODUCT_FEATURE_AUD(ID, REV, REVTYPE, DESCRIPTION, IMAGE_PATH, NAME, POSITION, ORDER_FEATURE_ID, PRODUCT_CONFIGURATION_ID) VALUES
(1029, 2747, 1, '', '', 'Front vertical plate', 21, 2744, 1037),
(1031, 2749, 1, '', '', 'Lashing rings', 22, 2746, 1037),
(1033, 2751, 1, '', '', 'Ferry rings', 23, 2748, 1037),
(1035, 2813, 1, 'distance from ground to king pin plate', 'default.png', '5-th wheel heigth', 0, 2810, 1037),
(987, 2815, 1, 'producer of the axle', 'default.png', 'Axle', 1, 2812, 1037),
(989, 2817, 1, '', 'default.png', 'Version', 2, 2814, 1037),
(991, 2819, 1, '', '', 'Tail lift', 3, 2816, 1037),
(993, 2821, 1, '', '', 'Neck Height', 4, 2818, 1037),
(995, 2823, 1, '', '', 'Revers sensor', 5, 2820, 1037),
(997, 2825, 1, '', '', 'Front Pulpit', 6, 2822, 1037),
(999, 2827, 1, '', '', 'Rear ladder', 7, 2824, 1037),
(1001, 2829, 1, '', '', 'Floor', 8, 2826, 1037),
(1003, 2831, 1, '', '', 'Rear underrun', 9, 2828, 1037),
(1005, 2833, 1, '', '', 'Landing legs', 10, 2830, 1037),
(1007, 2835, 1, '', '', 'Air tanks', 11, 2832, 1037),
(1009, 2837, 1, '', '', 'Side protection', 12, 2834, 1037),
(1011, 2839, 1, '', '', 'Mudguards', 13, 2836, 1037),
(1015, 2841, 1, '', '', 'Rear buffer', 14, 2838, 1037),
(1017, 2843, 1, '', '', 'Rims', 15, 2840, 1037),
(1019, 2845, 1, '', '', 'Tires', 16, 2842, 1037),
(1021, 2847, 1, '', '', 'Info center', 17, 2844, 1037),
(1023, 2849, 1, '', '', 'Breaking system', 18, 2846, 1037),
(1025, 2851, 1, '', '', 'Rear lights', 19, 2848, 1037),
(1027, 2853, 1, '', '', 'Hubodometer', 20, 2850, 1037),
(1029, 2855, 1, '', '', 'Front vertical plate', 21, 2852, 1037),
(1031, 2857, 1, '', '', 'Lashing rings', 22, 2854, 1037),
(1033, 2859, 1, '', '', 'Ferry rings', 23, 2856, 1037),
(1035, 2882, 1, 'distance from ground to king pin plate', 'default.png', '5-th wheel heigth', 0, 2879, 1037),
(987, 2884, 1, 'producer of the axle', 'default.png', 'Axle', 1, 2881, 1037),
(989, 2886, 1, '', 'default.png', 'Version', 2, 2883, 1037),
(991, 2888, 1, '', '', 'Tail lift', 3, 2885, 1037),
(993, 2890, 1, '', '', 'Neck Height', 4, 2887, 1037),
(995, 2892, 1, '', '', 'Revers sensor', 5, 2889, 1037),
(997, 2894, 1, '', '', 'Front Pulpit', 6, 2891, 1037),
(999, 2896, 1, '', '', 'Rear ladder', 7, 2893, 1037),
(1001, 2898, 1, '', '', 'Floor', 8, 2895, 1037),
(1003, 2900, 1, '', '', 'Rear underrun', 9, 2897, 1037),
(1005, 2902, 1, '', '', 'Landing legs', 10, 2899, 1037),
(1007, 2904, 1, '', '', 'Air tanks', 11, 2901, 1037),
(1009, 2906, 1, '', '', 'Side protection', 12, 2903, 1037),
(1011, 2908, 1, '', '', 'Mudguards', 13, 2905, 1037),
(1015, 2910, 1, '', '', 'Rear buffer', 14, 2907, 1037),
(1017, 2912, 1, '', '', 'Rims', 15, 2909, 1037),
(1019, 2914, 1, '', '', 'Tires', 16, 2911, 1037),
(1021, 2916, 1, '', '', 'Info center', 17, 2913, 1037),
(1023, 2918, 1, '', '', 'Breaking system', 18, 2915, 1037),
(1025, 2920, 1, '', '', 'Rear lights', 19, 2917, 1037),
(1027, 2922, 1, '', '', 'Hubodometer', 20, 2919, 1037),
(1029, 2924, 1, '', '', 'Front vertical plate', 21, 2921, 1037),
(1031, 2926, 1, '', '', 'Lashing rings', 22, 2923, 1037),
(1033, 2928, 1, '', '', 'Ferry rings', 23, 2925, 1037),
(1035, 2932, 1, 'distance from ground to king pin plate', 'default.png', '5-th wheel heigth', 0, 2929, 1037),
(987, 2934, 1, 'producer of the axle', 'default.png', 'Axle', 1, 2931, 1037),
(989, 2936, 1, '', 'default.png', 'Version', 2, 2933, 1037),
(991, 2938, 1, '', '', 'Tail lift', 3, 2935, 1037),
(993, 2940, 1, '', '', 'Neck Height', 4, 2937, 1037),
(995, 2942, 1, '', '', 'Revers sensor', 5, 2939, 1037),
(997, 2944, 1, '', '', 'Front Pulpit', 6, 2941, 1037),
(999, 2946, 1, '', '', 'Rear ladder', 7, 2943, 1037),
(1001, 2948, 1, '', '', 'Floor', 8, 2945, 1037),
(1003, 2950, 1, '', '', 'Rear underrun', 9, 2947, 1037),
(1005, 2952, 1, '', '', 'Landing legs', 10, 2949, 1037),
(1007, 2954, 1, '', '', 'Air tanks', 11, 2951, 1037),
(1009, 2956, 1, '', '', 'Side protection', 12, 2953, 1037),
(1011, 2958, 1, '', '', 'Mudguards', 13, 2955, 1037),
(1015, 2960, 1, '', '', 'Rear buffer', 14, 2957, 1037),
(1017, 2962, 1, '', '', 'Rims', 15, 2959, 1037);  
INSERT INTO PUBLIC.PRODUCT_FEATURE_AUD(ID, REV, REVTYPE, DESCRIPTION, IMAGE_PATH, NAME, POSITION, ORDER_FEATURE_ID, PRODUCT_CONFIGURATION_ID) VALUES
(1019, 2964, 1, '', '', 'Tires', 16, 2961, 1037),
(1021, 2966, 1, '', '', 'Info center', 17, 2963, 1037),
(1023, 2968, 1, '', '', 'Breaking system', 18, 2965, 1037),
(1025, 2970, 1, '', '', 'Rear lights', 19, 2967, 1037),
(1027, 2972, 1, '', '', 'Hubodometer', 20, 2969, 1037),
(1029, 2974, 1, '', '', 'Front vertical plate', 21, 2971, 1037),
(1031, 2976, 1, '', '', 'Lashing rings', 22, 2973, 1037),
(1033, 2978, 1, '', '', 'Ferry rings', 23, 2975, 1037),
(1035, 2997, 1, 'distance from ground to king pin plate', 'default.png', '5-th wheel heigth', 0, 2994, 1037),
(987, 2999, 1, 'producer of the axle', 'default.png', 'Axle', 1, 2996, 1037),
(989, 3001, 1, '', 'default.png', 'Version', 2, 2998, 1037),
(991, 3003, 1, '', '', 'Tail lift', 3, 3000, 1037),
(993, 3005, 1, '', '', 'Neck Height', 4, 3002, 1037),
(995, 3007, 1, '', '', 'Revers sensor', 5, 3004, 1037),
(997, 3009, 1, '', '', 'Front Pulpit', 6, 3006, 1037),
(999, 3011, 1, '', '', 'Rear ladder', 7, 3008, 1037),
(1001, 3013, 1, '', '', 'Floor', 8, 3010, 1037),
(1003, 3015, 1, '', '', 'Rear underrun', 9, 3012, 1037),
(1005, 3017, 1, '', '', 'Landing legs', 10, 3014, 1037),
(1007, 3019, 1, '', '', 'Air tanks', 11, 3016, 1037),
(1009, 3021, 1, '', '', 'Side protection', 12, 3018, 1037),
(1011, 3023, 1, '', '', 'Mudguards', 13, 3020, 1037),
(1015, 3025, 1, '', '', 'Rear buffer', 14, 3022, 1037),
(1017, 3027, 1, '', '', 'Rims', 15, 3024, 1037),
(1019, 3029, 1, '', '', 'Tires', 16, 3026, 1037),
(1021, 3031, 1, '', '', 'Info center', 17, 3028, 1037),
(1023, 3033, 1, '', '', 'Breaking system', 18, 3030, 1037),
(1025, 3035, 1, '', '', 'Rear lights', 19, 3032, 1037),
(1027, 3037, 1, '', '', 'Hubodometer', 20, 3034, 1037),
(1029, 3039, 1, '', '', 'Front vertical plate', 21, 3036, 1037),
(1031, 3041, 1, '', '', 'Lashing rings', 22, 3038, 1037),
(1033, 3043, 1, '', '', 'Ferry rings', 23, 3040, 1037),
(11, 3051, 1, 'distance from ground to king pin plate', 'default.png', '5-th wheel heigth', 24, 892, 8),
(379, 3051, 1, '', '', 'Ferry rings', 25, 940, 8),
(11, 3052, 1, 'distance from ground to king pin plate', 'default.png', '5-th wheel heigth', 23, 892, 8),
(370, 3052, 1, '', '', 'Lashing rings', 24, 938, 8),
(11, 3053, 1, 'distance from ground to king pin plate', 'default.png', '5-th wheel heigth', 22, 892, 8),
(357, 3053, 1, '', '', 'Front vertical plate', 23, 936, 8),
(11, 3054, 1, 'distance from ground to king pin plate', 'default.png', '5-th wheel heigth', 21, 892, 8),
(328, 3054, 1, '', '', 'Hubodometer', 22, 934, 8),
(11, 3055, 1, 'distance from ground to king pin plate', 'default.png', '5-th wheel heigth', 20, 892, 8),
(251, 3055, 1, '', '', 'Rear lights', 21, 932, 8),
(11, 3056, 1, 'distance from ground to king pin plate', 'default.png', '5-th wheel heigth', 19, 892, 8),
(229, 3056, 1, '', '', 'Breaking system', 20, 930, 8),
(11, 3057, 1, 'distance from ground to king pin plate', 'default.png', '5-th wheel heigth', 18, 892, 8),
(223, 3057, 1, '', '', 'Info center', 19, 928, 8),
(11, 3058, 1, 'distance from ground to king pin plate', 'default.png', '5-th wheel heigth', 17, 892, 8),
(217, 3058, 1, '', '', 'Tires', 18, 926, 8),
(11, 3059, 1, 'distance from ground to king pin plate', 'default.png', '5-th wheel heigth', 16, 892, 8),
(210, 3059, 1, '', '', 'Rims', 17, 924, 8),
(11, 3060, 1, 'distance from ground to king pin plate', 'default.png', '5-th wheel heigth', 15, 892, 8),
(204, 3060, 1, '', '', 'Rear buffer', 16, 922, 8),
(11, 3061, 1, 'distance from ground to king pin plate', 'default.png', '5-th wheel heigth', 14, 892, 8),
(194, 3061, 1, '', '', 'Mudguards logo', 15, 920, 8),
(11, 3062, 1, 'distance from ground to king pin plate', 'default.png', '5-th wheel heigth', 13, 892, 8),
(186, 3062, 1, '', '', 'Mudguards', 14, 918, 8),
(11, 3063, 1, 'distance from ground to king pin plate', 'default.png', '5-th wheel heigth', 12, 892, 8),
(180, 3063, 1, '', '', 'Side protection', 13, 916, 8),
(11, 3064, 1, 'distance from ground to king pin plate', 'default.png', '5-th wheel heigth', 11, 892, 8); 
INSERT INTO PUBLIC.PRODUCT_FEATURE_AUD(ID, REV, REVTYPE, DESCRIPTION, IMAGE_PATH, NAME, POSITION, ORDER_FEATURE_ID, PRODUCT_CONFIGURATION_ID) VALUES
(170, 3064, 1, '', '', 'Air tanks', 12, 914, 8),
(11, 3065, 1, 'distance from ground to king pin plate', 'default.png', '5-th wheel heigth', 10, 892, 8),
(163, 3065, 1, '', '', 'Landing legs', 11, 912, 8),
(11, 3066, 1, 'distance from ground to king pin plate', 'default.png', '5-th wheel heigth', 9, 892, 8),
(139, 3066, 1, '', '', 'Rear underrun', 10, 910, 8),
(11, 3067, 1, 'distance from ground to king pin plate', 'default.png', '5-th wheel heigth', 8, 892, 8),
(124, 3067, 1, '', '', 'Floor', 9, 908, 8),
(11, 3068, 1, 'distance from ground to king pin plate', 'default.png', '5-th wheel heigth', 7, 892, 8),
(115, 3068, 1, '', '', 'Rear ladder', 8, 906, 8),
(11, 3069, 1, 'distance from ground to king pin plate', 'default.png', '5-th wheel heigth', 6, 892, 8),
(105, 3069, 1, '', '', 'Front Pulpit', 7, 904, 8),
(11, 3070, 1, 'distance from ground to king pin plate', 'default.png', '5-th wheel heigth', 5, 892, 8),
(90, 3070, 1, '', '', 'Revers sensor', 6, 902, 8),
(11, 3071, 1, 'distance from ground to king pin plate', 'default.png', '5-th wheel heigth', 4, 892, 8),
(73, 3071, 1, '', '', 'Neck Height', 5, 900, 8),
(11, 3072, 1, 'distance from ground to king pin plate', 'default.png', '5-th wheel heigth', 3, 892, 8),
(35, 3072, 1, '', '', 'Tail lift', 4, 898, 8),
(11, 3073, 1, 'distance from ground to king pin plate', 'default.png', '5-th wheel heigth', 2, 892, 8),
(13, 3073, 1, '', 'default.png', 'Version', 3, 896, 8),
(11, 3074, 1, 'distance from ground to king pin plate', 'default.png', '5-th wheel heigth', 1, 892, 8),
(12, 3074, 1, 'producer of the axle', 'default.png', 'Axle', 2, 894, 8),
(1236, 3075, 1, '', '', 'Rear underrun', 9, 1392, 1266),
(1025, 3076, 1, '', '', 'Rear lights', 19, 3032, 1037),
(1009, 3077, 1, '', '', 'Side protection', 12, 3018, 1037),
(995, 3078, 1, '', '', 'Revers sensor', 5, 3004, 1037),
(1025, 3079, 1, '', '', 'Rear lights', 19, 3032, 1037),
(1003, 3080, 1, '', '', 'Rear underrun', 9, 3012, 1037),
(1003, 3081, 1, '', '', 'Rear underrun', 9, 3012, 1037),
(1003, 3082, 1, '', '', 'Rear underrun', 9, 3012, 1037),
(1003, 3083, 1, '', '', 'Rear underrun', 9, 3012, 1037),
(1015, 3084, 1, '', '', 'Rear buffer', 14, 3022, 1037),
(1015, 3085, 1, '', '', 'Rear buffer', 14, 3022, 1037),
(1025, 3086, 1, '', '', 'Rear lights', 19, 3032, 1037),
(1025, 3087, 1, '', '', 'Rear lights', 19, 3032, 1037),
(1025, 3088, 1, '', '', 'Rear lights', 19, 3032, 1037),
(1236, 3089, 1, '', '', 'Rear underrun', 9, 1392, 1266),
(1256, 3090, 1, '', '', 'Rear lights', 19, 1412, 1266),
(1256, 3091, 1, '', '', 'Rear lights', 19, 1412, 1266),
(1256, 3092, 1, '', '', 'Rear lights', 19, 1412, 1266),
(1256, 3093, 1, '', '', 'Rear lights', 19, 1412, 1266),
(1256, 3094, 1, '', '', 'Rear lights', 19, 1412, 1266),
(1260, 3095, 1, '', '', 'Front vertical plate', 21, 1416, 1266),
(1260, 3096, 1, '', '', 'Front vertical plate', 21, 1416, 1266),
(13, 3099, 1, '', 'default.png', 'Version', 3, 896, 8),
(3100, 3101, 0, 'distance from ground to king pin plate', 'default.png', '5-th wheel heigth', 1, NULL, NULL),
(3102, 3103, 0, 'producer of the axle', 'default.png', 'Axle', 2, NULL, NULL),
(3104, 3105, 0, '', 'default.png', 'Version', 3, NULL, NULL),
(3106, 3107, 0, '', '', 'Tail lift', 4, NULL, NULL),
(3108, 3109, 0, '', '', 'Neck Height', 5, NULL, NULL),
(3110, 3111, 0, '', '', 'Revers sensor', 6, NULL, NULL),
(3112, 3113, 0, '', '', 'Front Pulpit', 7, NULL, NULL),
(3114, 3115, 0, '', '', 'Rear ladder', 8, NULL, NULL),
(3116, 3117, 0, '', '', 'Floor', 9, NULL, NULL),
(3118, 3119, 0, '', '', 'Rear underrun', 10, NULL, NULL),
(3120, 3121, 0, '', '', 'Landing legs', 11, NULL, NULL),
(3122, 3123, 0, '', '', 'Air tanks', 12, NULL, NULL),
(3124, 3125, 0, '', '', 'Side protection', 13, NULL, NULL),
(3126, 3127, 0, '', '', 'Mudguards', 14, NULL, NULL),
(3128, 3129, 0, '', '', 'Mudguards logo', 15, NULL, NULL),
(3130, 3131, 0, '', '', 'Rear buffer', 16, NULL, NULL),
(3132, 3133, 0, '', '', 'Rims', 17, NULL, NULL);        
INSERT INTO PUBLIC.PRODUCT_FEATURE_AUD(ID, REV, REVTYPE, DESCRIPTION, IMAGE_PATH, NAME, POSITION, ORDER_FEATURE_ID, PRODUCT_CONFIGURATION_ID) VALUES
(3134, 3135, 0, '', '', 'Tires', 18, NULL, NULL),
(3136, 3137, 0, '', '', 'Info center', 19, NULL, NULL),
(3138, 3139, 0, '', '', 'Breaking system', 20, NULL, NULL),
(3140, 3141, 0, '', '', 'Rear lights', 21, NULL, NULL),
(3142, 3143, 0, '', '', 'Hubodometer', 22, NULL, NULL),
(3144, 3145, 0, '', '', 'Front vertical plate', 23, NULL, NULL),
(3146, 3147, 0, '', '', 'Lashing rings', 24, NULL, NULL),
(3148, 3149, 0, '', '', 'Ferry rings', 25, NULL, NULL),
(3100, 3151, 1, 'distance from ground to king pin plate', 'default.png', '5-th wheel heigth', 1, NULL, 3150),
(3102, 3151, 1, 'producer of the axle', 'default.png', 'Axle', 2, NULL, 3150),
(3104, 3151, 1, '', 'default.png', 'Version', 3, NULL, 3150),
(3106, 3151, 1, '', '', 'Tail lift', 4, NULL, 3150),
(3108, 3151, 1, '', '', 'Neck Height', 5, NULL, 3150),
(3110, 3151, 1, '', '', 'Revers sensor', 6, NULL, 3150),
(3112, 3151, 1, '', '', 'Front Pulpit', 7, NULL, 3150),
(3114, 3151, 1, '', '', 'Rear ladder', 8, NULL, 3150),
(3116, 3151, 1, '', '', 'Floor', 9, NULL, 3150),
(3118, 3151, 1, '', '', 'Rear underrun', 10, NULL, 3150),
(3120, 3151, 1, '', '', 'Landing legs', 11, NULL, 3150),
(3122, 3151, 1, '', '', 'Air tanks', 12, NULL, 3150),
(3124, 3151, 1, '', '', 'Side protection', 13, NULL, 3150),
(3126, 3151, 1, '', '', 'Mudguards', 14, NULL, 3150),
(3128, 3151, 1, '', '', 'Mudguards logo', 15, NULL, 3150),
(3130, 3151, 1, '', '', 'Rear buffer', 16, NULL, 3150),
(3132, 3151, 1, '', '', 'Rims', 17, NULL, 3150),
(3134, 3151, 1, '', '', 'Tires', 18, NULL, 3150),
(3136, 3151, 1, '', '', 'Info center', 19, NULL, 3150),
(3138, 3151, 1, '', '', 'Breaking system', 20, NULL, 3150),
(3140, 3151, 1, '', '', 'Rear lights', 21, NULL, 3150),
(3142, 3151, 1, '', '', 'Hubodometer', 22, NULL, 3150),
(3144, 3151, 1, '', '', 'Front vertical plate', 23, NULL, 3150),
(3146, 3151, 1, '', '', 'Lashing rings', 24, NULL, 3150),
(3148, 3151, 1, '', '', 'Ferry rings', 25, NULL, 3150),
(3100, 3153, 1, 'distance from ground to king pin plate', 'default.png', '5-th wheel heigth', 0, NULL, 3150),
(3102, 3154, 1, 'producer of the axle', 'default.png', 'Axle', 1, NULL, 3150),
(3104, 3155, 1, '', 'default.png', 'Version', 2, NULL, 3150),
(3106, 3156, 1, '', '', 'Tail lift', 3, NULL, 3150),
(3108, 3157, 1, '', '', 'Neck Height', 4, NULL, 3150),
(3110, 3158, 1, '', '', 'Revers sensor', 5, NULL, 3150),
(3112, 3159, 1, '', '', 'Front Pulpit', 6, NULL, 3150),
(3114, 3160, 1, '', '', 'Rear ladder', 7, NULL, 3150),
(3116, 3161, 1, '', '', 'Floor', 8, NULL, 3150),
(3118, 3162, 1, '', '', 'Rear underrun', 9, NULL, 3150),
(3120, 3163, 1, '', '', 'Landing legs', 10, NULL, 3150),
(3122, 3164, 1, '', '', 'Air tanks', 11, NULL, 3150),
(3124, 3165, 1, '', '', 'Side protection', 12, NULL, 3150),
(3126, 3166, 1, '', '', 'Mudguards', 13, NULL, 3150),
(3128, 3167, 1, '', '', 'Mudguards logo', 14, NULL, 3150),
(3130, 3168, 1, '', '', 'Rear buffer', 15, NULL, 3150),
(3132, 3169, 1, '', '', 'Rims', 16, NULL, 3150),
(3134, 3170, 1, '', '', 'Tires', 17, NULL, 3150),
(3136, 3171, 1, '', '', 'Info center', 18, NULL, 3150),
(3138, 3172, 1, '', '', 'Breaking system', 19, NULL, 3150),
(3140, 3173, 1, '', '', 'Rear lights', 20, NULL, 3150),
(3142, 3174, 1, '', '', 'Hubodometer', 21, NULL, 3150),
(3144, 3175, 1, '', '', 'Front vertical plate', 22, NULL, 3150),
(3146, 3176, 1, '', '', 'Lashing rings', 23, NULL, 3150),
(3148, 3177, 1, '', '', 'Ferry rings', 24, NULL, 3150),
(3100, 3178, 1, 'distance from ground to king pin plate', 'default.png', '5-th wheel heigth', 0, NULL, 3150),
(3102, 3179, 1, 'producer of the axle', 'default.png', 'Axle', 1, NULL, 3150),
(3102, 3180, 1, 'producer of the axle', 'default.png', 'Axle', 1, NULL, 3150),
(3104, 3181, 1, '', 'default.png', 'Version', 2, NULL, 3150),
(3104, 3182, 1, '', 'default.png', 'Version', 2, NULL, 3150),
(3104, 3183, 1, '', 'default.png', 'Version', 2, NULL, 3150),
(3106, 3184, 1, '', '', 'Tail lift', 3, NULL, 3150),
(3106, 3185, 1, '', '', 'Tail lift', 3, NULL, 3150);   
INSERT INTO PUBLIC.PRODUCT_FEATURE_AUD(ID, REV, REVTYPE, DESCRIPTION, IMAGE_PATH, NAME, POSITION, ORDER_FEATURE_ID, PRODUCT_CONFIGURATION_ID) VALUES
(3108, 3186, 1, '', '', 'Neck Height', 4, NULL, 3150),
(3110, 3187, 1, '', '', 'Revers sensor', 5, NULL, 3150),
(3110, 3188, 1, '', '', 'Revers sensor', 5, NULL, 3150),
(3118, 3189, 1, '', '', 'Rear underrun', 9, NULL, 3150),
(3118, 3190, 1, '', '', 'Rear underrun', 9, NULL, 3150),
(3118, 3191, 1, '', '', 'Rear underrun', 9, NULL, 3150),
(3118, 3192, 1, '', '', 'Rear underrun', 9, NULL, 3150),
(3118, 3193, 1, '', '', 'Rear underrun', 9, NULL, 3150),
(3118, 3194, 1, '', '', 'Rear underrun', 9, NULL, 3150),
(3118, 3195, 1, '', '', 'Rear underrun', 9, NULL, 3150),
(3124, 3196, 1, '', '', 'Side protection', 12, NULL, 3150),
(3128, 3197, 1, '', '', 'Mudguards logo', NULL, NULL, NULL),
(3130, 3198, 1, '', '', 'Rear buffer', 15, NULL, 3150),
(3130, 3199, 1, '', '', 'Rear buffer', 15, NULL, 3150),
(3130, 3200, 1, '', '', 'Rear buffer', 15, NULL, 3150),
(3140, 3201, 1, '', '', 'Rear lights', 20, NULL, 3150),
(3140, 3202, 1, '', '', 'Rear lights', 20, NULL, 3150),
(3140, 3203, 1, '', '', 'Rear lights', 20, NULL, 3150),
(3140, 3204, 1, '', '', 'Rear lights', 20, NULL, 3150),
(3140, 3205, 1, '', '', 'Rear lights', 20, NULL, 3150),
(3140, 3206, 1, '', '', 'Rear lights', 20, NULL, 3150),
(3140, 3207, 1, '', '', 'Rear lights', 20, NULL, 3150),
(3140, 3208, 1, '', '', 'Rear lights', 20, NULL, 3150),
(3140, 3209, 1, '', '', 'Rear lights', 20, NULL, 3150),
(3144, 3210, 1, '', '', 'Front vertical plate', 22, NULL, 3150),
(3144, 3211, 1, '', '', 'Front vertical plate', 22, NULL, 3150),
(3144, 3212, 1, '', '', 'Front vertical plate', 22, NULL, 3150),
(1262, 3213, 1, '', '', 'Lashing rings', 22, 1418, 1266),
(1262, 3214, 1, '', '', 'Lashing rings', 22, 1418, 1266),
(1262, 3215, 1, '', '', 'Lashing rings', 22, 1418, 1266),
(1262, 3216, 1, '', '', 'Lashing rings', 22, 1418, 1266),
(1246, 3219, 1, '', '', 'Rear buffer', 14, 1402, 1266),
(1246, 3220, 1, '', '', 'Rear buffer', 14, 1402, 1266),
(1246, 3221, 1, '', '', 'Rear buffer', 14, 1402, 1266),
(3222, 3223, 0, 'distance from ground to king pin plate', 'default.png', '5-th wheel heigth', 0, NULL, NULL),
(3224, 3225, 0, 'producer of the axle', 'default.png', 'Axle', 1, NULL, NULL),
(3226, 3227, 0, '', 'default.png', 'Version', 2, NULL, NULL),
(3228, 3229, 0, '', '', 'Tail lift', 3, NULL, NULL),
(3230, 3231, 0, '', '', 'Neck Height', 4, NULL, NULL),
(3232, 3233, 0, '', '', 'Revers sensor', 5, NULL, NULL),
(3234, 3235, 0, '', '', 'Front Pulpit', 6, NULL, NULL),
(3236, 3237, 0, '', '', 'Rear ladder', 7, NULL, NULL),
(3238, 3239, 0, '', '', 'Floor', 8, NULL, NULL),
(3240, 3241, 0, '', '', 'Rear underrun', 9, NULL, NULL),
(3242, 3243, 0, '', '', 'Landing legs', 10, NULL, NULL),
(3244, 3245, 0, '', '', 'Air tanks', 11, NULL, NULL),
(3246, 3247, 0, '', '', 'Side protection', 12, NULL, NULL),
(3248, 3249, 0, '', '', 'Mudguards', 13, NULL, NULL),
(3250, 3251, 0, '', '', 'Rear buffer', 14, NULL, NULL),
(3252, 3253, 0, '', '', 'Rims', 15, NULL, NULL),
(3254, 3255, 0, '', '', 'Tires', 16, NULL, NULL),
(3256, 3257, 0, '', '', 'Info center', 17, NULL, NULL),
(3258, 3259, 0, '', '', 'Breaking system', 18, NULL, NULL),
(3260, 3261, 0, '', '', 'Rear lights', 19, NULL, NULL),
(3262, 3263, 0, '', '', 'Hubodometer', 20, NULL, NULL),
(3264, 3265, 0, '', '', 'Front vertical plate', 21, NULL, NULL),
(3266, 3267, 0, '', '', 'Lashing rings', 22, NULL, NULL),
(3268, 3269, 0, '', '', 'Ferry rings', 23, NULL, NULL),
(3222, 3271, 1, 'distance from ground to king pin plate', 'default.png', '5-th wheel heigth', 0, NULL, 3270),
(3224, 3271, 1, 'producer of the axle', 'default.png', 'Axle', 1, NULL, 3270),
(3226, 3271, 1, '', 'default.png', 'Version', 2, NULL, 3270),
(3228, 3271, 1, '', '', 'Tail lift', 3, NULL, 3270),
(3230, 3271, 1, '', '', 'Neck Height', 4, NULL, 3270),
(3232, 3271, 1, '', '', 'Revers sensor', 5, NULL, 3270),
(3234, 3271, 1, '', '', 'Front Pulpit', 6, NULL, 3270),
(3236, 3271, 1, '', '', 'Rear ladder', 7, NULL, 3270),
(3238, 3271, 1, '', '', 'Floor', 8, NULL, 3270);           
INSERT INTO PUBLIC.PRODUCT_FEATURE_AUD(ID, REV, REVTYPE, DESCRIPTION, IMAGE_PATH, NAME, POSITION, ORDER_FEATURE_ID, PRODUCT_CONFIGURATION_ID) VALUES
(3240, 3271, 1, '', '', 'Rear underrun', 9, NULL, 3270),
(3242, 3271, 1, '', '', 'Landing legs', 10, NULL, 3270),
(3244, 3271, 1, '', '', 'Air tanks', 11, NULL, 3270),
(3246, 3271, 1, '', '', 'Side protection', 12, NULL, 3270),
(3248, 3271, 1, '', '', 'Mudguards', 13, NULL, 3270),
(3250, 3271, 1, '', '', 'Rear buffer', 14, NULL, 3270),
(3252, 3271, 1, '', '', 'Rims', 15, NULL, 3270),
(3254, 3271, 1, '', '', 'Tires', 16, NULL, 3270),
(3256, 3271, 1, '', '', 'Info center', 17, NULL, 3270),
(3258, 3271, 1, '', '', 'Breaking system', 18, NULL, 3270),
(3260, 3271, 1, '', '', 'Rear lights', 19, NULL, 3270),
(3262, 3271, 1, '', '', 'Hubodometer', 20, NULL, 3270),
(3264, 3271, 1, '', '', 'Front vertical plate', 21, NULL, 3270),
(3266, 3271, 1, '', '', 'Lashing rings', 22, NULL, 3270),
(3268, 3271, 1, '', '', 'Ferry rings', 23, NULL, 3270),
(3250, 3273, 1, '', '', 'Rear buffer', 14, NULL, 3270),
(3250, 3274, 1, '', '', 'Rear buffer', 14, NULL, 3270),
(3250, 3275, 1, '', '', 'Rear buffer', 14, NULL, 3270),
(3226, 3278, 1, '', 'default.png', 'Version', 2, NULL, 3270),
(3226, 3279, 1, '', 'default.png', 'Version', 2, NULL, 3270),
(3281, 3282, 0, 'distance from ground to king pin plate', 'default.png', '5-th wheel heigth', 0, NULL, NULL),
(3283, 3284, 0, 'producer of the axle', 'default.png', 'Axle', 1, NULL, NULL),
(3285, 3286, 0, '', 'default.png', 'Version', 2, NULL, NULL),
(3287, 3288, 0, '', '', 'Tail lift', 3, NULL, NULL),
(3289, 3290, 0, '', '', 'Neck Height', 4, NULL, NULL),
(3291, 3292, 0, '', '', 'Revers sensor', 5, NULL, NULL),
(3293, 3294, 0, '', '', 'Front Pulpit', 6, NULL, NULL),
(3295, 3296, 0, '', '', 'Rear ladder', 7, NULL, NULL),
(3297, 3298, 0, '', '', 'Floor', 8, NULL, NULL),
(3299, 3300, 0, '', '', 'Rear underrun', 9, NULL, NULL),
(3301, 3302, 0, '', '', 'Landing legs', 10, NULL, NULL),
(3303, 3304, 0, '', '', 'Air tanks', 11, NULL, NULL),
(3305, 3306, 0, '', '', 'Side protection', 12, NULL, NULL),
(3307, 3308, 0, '', '', 'Mudguards', 13, NULL, NULL),
(3309, 3310, 0, '', '', 'Rear buffer', 14, NULL, NULL),
(3311, 3312, 0, '', '', 'Rims', 15, NULL, NULL),
(3313, 3314, 0, '', '', 'Tires', 16, NULL, NULL),
(3315, 3316, 0, '', '', 'Info center', 17, NULL, NULL),
(3317, 3318, 0, '', '', 'Breaking system', 18, NULL, NULL),
(3319, 3320, 0, '', '', 'Rear lights', 19, NULL, NULL),
(3321, 3322, 0, '', '', 'Hubodometer', 20, NULL, NULL),
(3323, 3324, 0, '', '', 'Front vertical plate', 21, NULL, NULL),
(3325, 3326, 0, '', '', 'Lashing rings', 22, NULL, NULL),
(3327, 3328, 0, '', '', 'Ferry rings', 23, NULL, NULL),
(3281, 3330, 1, 'distance from ground to king pin plate', 'default.png', '5-th wheel heigth', 0, NULL, 3329),
(3283, 3330, 1, 'producer of the axle', 'default.png', 'Axle', 1, NULL, 3329),
(3285, 3330, 1, '', 'default.png', 'Version', 2, NULL, 3329),
(3287, 3330, 1, '', '', 'Tail lift', 3, NULL, 3329),
(3289, 3330, 1, '', '', 'Neck Height', 4, NULL, 3329),
(3291, 3330, 1, '', '', 'Revers sensor', 5, NULL, 3329),
(3293, 3330, 1, '', '', 'Front Pulpit', 6, NULL, 3329),
(3295, 3330, 1, '', '', 'Rear ladder', 7, NULL, 3329),
(3297, 3330, 1, '', '', 'Floor', 8, NULL, 3329),
(3299, 3330, 1, '', '', 'Rear underrun', 9, NULL, 3329),
(3301, 3330, 1, '', '', 'Landing legs', 10, NULL, 3329),
(3303, 3330, 1, '', '', 'Air tanks', 11, NULL, 3329),
(3305, 3330, 1, '', '', 'Side protection', 12, NULL, 3329),
(3307, 3330, 1, '', '', 'Mudguards', 13, NULL, 3329),
(3309, 3330, 1, '', '', 'Rear buffer', 14, NULL, 3329),
(3311, 3330, 1, '', '', 'Rims', 15, NULL, 3329),
(3313, 3330, 1, '', '', 'Tires', 16, NULL, 3329),
(3315, 3330, 1, '', '', 'Info center', 17, NULL, 3329),
(3317, 3330, 1, '', '', 'Breaking system', 18, NULL, 3329),
(3319, 3330, 1, '', '', 'Rear lights', 19, NULL, 3329),
(3321, 3330, 1, '', '', 'Hubodometer', 20, NULL, 3329),
(3323, 3330, 1, '', '', 'Front vertical plate', 21, NULL, 3329),
(3325, 3330, 1, '', '', 'Lashing rings', 22, NULL, 3329),
(3327, 3330, 1, '', '', 'Ferry rings', 23, NULL, 3329);   
INSERT INTO PUBLIC.PRODUCT_FEATURE_AUD(ID, REV, REVTYPE, DESCRIPTION, IMAGE_PATH, NAME, POSITION, ORDER_FEATURE_ID, PRODUCT_CONFIGURATION_ID) VALUES
(3285, 3334, 1, '', 'default.png', 'Version', 2, NULL, 3329),
(3285, 3335, 1, '', 'default.png', 'Version', 2, NULL, 3329),
(3299, 3337, 1, '', '', 'Rear underrun', 9, NULL, 3329),
(3299, 3338, 1, '', '', 'Rear underrun', 9, NULL, 3329),
(3299, 3339, 1, '', '', 'Rear underrun', 9, NULL, 3329),
(3299, 3340, 1, '', '', 'Rear underrun', 9, NULL, 3329),
(3305, 3341, 1, '', '', 'Side protection', 12, NULL, 3329),
(3305, 3342, 1, '', '', 'Side protection', 12, NULL, 3329),
(3305, 3343, 1, '', '', 'Side protection', 12, NULL, 3329),
(3305, 3344, 1, '', '', 'Side protection', 12, NULL, 3329),
(3345, 3346, 0, 'distance from ground to king pin plate', 'default.png', '5-th wheel heigth', 1, NULL, NULL),
(3347, 3348, 0, 'producer of the axle', 'default.png', 'Axle', 2, NULL, NULL),
(3349, 3350, 0, '', 'default.png', 'Version', 3, NULL, NULL),
(3351, 3352, 0, '', '', 'Tail lift', 4, NULL, NULL),
(3353, 3354, 0, '', '', 'Neck Height', 5, NULL, NULL),
(3355, 3356, 0, '', '', 'Revers sensor', 6, NULL, NULL),
(3357, 3358, 0, '', '', 'Front Pulpit', 7, NULL, NULL),
(3359, 3360, 0, '', '', 'Rear ladder', 8, NULL, NULL),
(3361, 3362, 0, '', '', 'Floor', 9, NULL, NULL),
(3363, 3364, 0, '', '', 'Rear underrun', 10, NULL, NULL),
(3365, 3366, 0, '', '', 'Landing legs', 11, NULL, NULL),
(3367, 3368, 0, '', '', 'Air tanks', 12, NULL, NULL),
(3369, 3370, 0, '', '', 'Side protection', 13, NULL, NULL),
(3371, 3372, 0, '', '', 'Mudguards', 14, NULL, NULL),
(3373, 3374, 0, '', '', 'Mudguards logo', 15, NULL, NULL),
(3375, 3376, 0, '', '', 'Rear buffer', 16, NULL, NULL),
(3377, 3378, 0, '', '', 'Rims', 17, NULL, NULL),
(3379, 3380, 0, '', '', 'Tires', 18, NULL, NULL),
(3381, 3382, 0, '', '', 'Info center', 19, NULL, NULL),
(3383, 3384, 0, '', '', 'Breaking system', 20, NULL, NULL),
(3385, 3386, 0, '', '', 'Rear lights', 21, NULL, NULL),
(3387, 3388, 0, '', '', 'Hubodometer', 22, NULL, NULL),
(3389, 3390, 0, '', '', 'Front vertical plate', 23, NULL, NULL),
(3391, 3392, 0, '', '', 'Lashing rings', 24, NULL, NULL),
(3393, 3394, 0, '', '', 'Ferry rings', 25, NULL, NULL),
(3345, 3396, 1, 'distance from ground to king pin plate', 'default.png', '5-th wheel heigth', 1, NULL, 3395),
(3347, 3396, 1, 'producer of the axle', 'default.png', 'Axle', 2, NULL, 3395),
(3349, 3396, 1, '', 'default.png', 'Version', 3, NULL, 3395),
(3351, 3396, 1, '', '', 'Tail lift', 4, NULL, 3395),
(3353, 3396, 1, '', '', 'Neck Height', 5, NULL, 3395),
(3355, 3396, 1, '', '', 'Revers sensor', 6, NULL, 3395),
(3357, 3396, 1, '', '', 'Front Pulpit', 7, NULL, 3395),
(3359, 3396, 1, '', '', 'Rear ladder', 8, NULL, 3395),
(3361, 3396, 1, '', '', 'Floor', 9, NULL, 3395),
(3363, 3396, 1, '', '', 'Rear underrun', 10, NULL, 3395),
(3365, 3396, 1, '', '', 'Landing legs', 11, NULL, 3395),
(3367, 3396, 1, '', '', 'Air tanks', 12, NULL, 3395),
(3369, 3396, 1, '', '', 'Side protection', 13, NULL, 3395),
(3371, 3396, 1, '', '', 'Mudguards', 14, NULL, 3395),
(3373, 3396, 1, '', '', 'Mudguards logo', 15, NULL, 3395),
(3375, 3396, 1, '', '', 'Rear buffer', 16, NULL, 3395),
(3377, 3396, 1, '', '', 'Rims', 17, NULL, 3395),
(3379, 3396, 1, '', '', 'Tires', 18, NULL, 3395),
(3381, 3396, 1, '', '', 'Info center', 19, NULL, 3395),
(3383, 3396, 1, '', '', 'Breaking system', 20, NULL, 3395),
(3385, 3396, 1, '', '', 'Rear lights', 21, NULL, 3395),
(3387, 3396, 1, '', '', 'Hubodometer', 22, NULL, 3395),
(3389, 3396, 1, '', '', 'Front vertical plate', 23, NULL, 3395),
(3391, 3396, 1, '', '', 'Lashing rings', 24, NULL, 3395),
(3393, 3396, 1, '', '', 'Ferry rings', 25, NULL, 3395),
(3345, 3398, 1, 'distance from ground to king pin plate', 'default.png', '5-th wheel heigth', 0, NULL, 3395),
(3347, 3399, 1, 'producer of the axle', 'default.png', 'Axle', 1, NULL, 3395),
(3349, 3400, 1, '', 'default.png', 'Version', 2, NULL, 3395),
(3351, 3401, 1, '', '', 'Tail lift', 3, NULL, 3395),
(3353, 3402, 1, '', '', 'Neck Height', 4, NULL, 3395),
(3355, 3403, 1, '', '', 'Revers sensor', 5, NULL, 3395);           
INSERT INTO PUBLIC.PRODUCT_FEATURE_AUD(ID, REV, REVTYPE, DESCRIPTION, IMAGE_PATH, NAME, POSITION, ORDER_FEATURE_ID, PRODUCT_CONFIGURATION_ID) VALUES
(3357, 3404, 1, '', '', 'Front Pulpit', 6, NULL, 3395),
(3359, 3405, 1, '', '', 'Rear ladder', 7, NULL, 3395),
(3361, 3406, 1, '', '', 'Floor', 8, NULL, 3395),
(3363, 3407, 1, '', '', 'Rear underrun', 9, NULL, 3395),
(3365, 3408, 1, '', '', 'Landing legs', 10, NULL, 3395),
(3367, 3409, 1, '', '', 'Air tanks', 11, NULL, 3395),
(3369, 3410, 1, '', '', 'Side protection', 12, NULL, 3395),
(3371, 3411, 1, '', '', 'Mudguards', 13, NULL, 3395),
(3373, 3412, 1, '', '', 'Mudguards logo', 14, NULL, 3395),
(3375, 3413, 1, '', '', 'Rear buffer', 15, NULL, 3395),
(3377, 3414, 1, '', '', 'Rims', 16, NULL, 3395),
(3379, 3415, 1, '', '', 'Tires', 17, NULL, 3395),
(3381, 3416, 1, '', '', 'Info center', 18, NULL, 3395),
(3383, 3417, 1, '', '', 'Breaking system', 19, NULL, 3395),
(3385, 3418, 1, '', '', 'Rear lights', 20, NULL, 3395),
(3387, 3419, 1, '', '', 'Hubodometer', 21, NULL, 3395),
(3389, 3420, 1, '', '', 'Front vertical plate', 22, NULL, 3395),
(3391, 3421, 1, '', '', 'Lashing rings', 23, NULL, 3395),
(3393, 3422, 1, '', '', 'Ferry rings', 24, NULL, 3395),
(3345, 3426, 1, 'distance from ground to king pin plate', 'default.png', '5-th wheel heigth', 0, NULL, 3395),
(3347, 3427, 1, 'producer of the axle', 'default.png', 'Axle', 1, NULL, 3395),
(3347, 3428, 1, 'producer of the axle', 'default.png', 'Axle', 1, NULL, 3395),
(3349, 3429, 1, '', 'default.png', 'Version', 2, NULL, 3395),
(3349, 3430, 1, '', 'default.png', 'Version', 2, NULL, 3395),
(3349, 3431, 1, '', 'default.png', 'Version', 2, NULL, 3395),
(3349, 3432, 1, '', 'default.png', 'Version', 2, NULL, 3395),
(3349, 3433, 1, '', 'default.png', 'Version', 2, NULL, 3395),
(3351, 3434, 1, '', '', 'Tail lift', 3, NULL, 3395),
(3351, 3435, 1, '', '', 'Tail lift', 3, NULL, 3395),
(3351, 3436, 1, '', '', 'Tail lift', 3, NULL, 3395),
(3353, 3437, 1, '', '', 'Neck Height', 4, NULL, 3395),
(3355, 3438, 1, '', '', 'Revers sensor', 5, NULL, 3395),
(3363, 3439, 1, '', '', 'Rear underrun', 9, NULL, 3395),
(3363, 3440, 1, '', '', 'Rear underrun', 9, NULL, 3395),
(3363, 3441, 1, '', '', 'Rear underrun', 9, NULL, 3395),
(3363, 3442, 1, '', '', 'Rear underrun', 9, NULL, 3395),
(3363, 3443, 1, '', '', 'Rear underrun', 9, NULL, 3395),
(3369, 3444, 1, '', '', 'Side protection', 12, NULL, 3395),
(3389, 3445, 1, '', '', 'Front vertical plate', 22, NULL, 3395),
(13, 3446, 1, '', 'default.png', 'Version', 3, 896, 8),
(13, 3447, 1, '', 'default.png', 'Version', 3, 896, 8),
(3291, 3449, 1, '', '', 'Revers sensor', 5, NULL, 3329),
(995, 3450, 1, '', '', 'Revers sensor', 5, 3004, 1037),
(3451, 3452, 0, 'distance from ground to king pin plate', 'default.png', '5-th wheel heigth', 0, NULL, NULL),
(3453, 3454, 0, 'producer of the axle', 'default.png', 'Axle', 1, NULL, NULL),
(3455, 3456, 0, '', 'default.png', 'Version', 2, NULL, NULL),
(3457, 3458, 0, '', '', 'Tail lift', 3, NULL, NULL),
(3459, 3460, 0, '', '', 'Neck Height', 4, NULL, NULL),
(3461, 3462, 0, '', '', 'Revers sensor', 5, NULL, NULL),
(3463, 3464, 0, '', '', 'Front Pulpit', 6, NULL, NULL),
(3465, 3466, 0, '', '', 'Rear ladder', 7, NULL, NULL),
(3467, 3468, 0, '', '', 'Floor', 8, NULL, NULL),
(3469, 3470, 0, '', '', 'Rear underrun', 9, NULL, NULL),
(3471, 3472, 0, '', '', 'Landing legs', 10, NULL, NULL),
(3473, 3474, 0, '', '', 'Air tanks', 11, NULL, NULL),
(3475, 3476, 0, '', '', 'Side protection', 12, NULL, NULL),
(3477, 3478, 0, '', '', 'Mudguards', 13, NULL, NULL),
(3479, 3480, 0, '', '', 'Rear buffer', 14, NULL, NULL),
(3481, 3482, 0, '', '', 'Rims', 15, NULL, NULL),
(3483, 3484, 0, '', '', 'Tires', 16, NULL, NULL),
(3485, 3486, 0, '', '', 'Info center', 17, NULL, NULL),
(3487, 3488, 0, '', '', 'Breaking system', 18, NULL, NULL),
(3489, 3490, 0, '', '', 'Rear lights', 19, NULL, NULL),
(3491, 3492, 0, '', '', 'Hubodometer', 20, NULL, NULL),
(3493, 3494, 0, '', '', 'Front vertical plate', 21, NULL, NULL),
(3495, 3496, 0, '', '', 'Lashing rings', 22, NULL, NULL),
(3497, 3498, 0, '', '', 'Ferry rings', 23, NULL, NULL);            
INSERT INTO PUBLIC.PRODUCT_FEATURE_AUD(ID, REV, REVTYPE, DESCRIPTION, IMAGE_PATH, NAME, POSITION, ORDER_FEATURE_ID, PRODUCT_CONFIGURATION_ID) VALUES
(3451, 3500, 1, 'distance from ground to king pin plate', 'default.png', '5-th wheel heigth', 0, NULL, 3499),
(3453, 3500, 1, 'producer of the axle', 'default.png', 'Axle', 1, NULL, 3499),
(3455, 3500, 1, '', 'default.png', 'Version', 2, NULL, 3499),
(3457, 3500, 1, '', '', 'Tail lift', 3, NULL, 3499),
(3459, 3500, 1, '', '', 'Neck Height', 4, NULL, 3499),
(3461, 3500, 1, '', '', 'Revers sensor', 5, NULL, 3499),
(3463, 3500, 1, '', '', 'Front Pulpit', 6, NULL, 3499),
(3465, 3500, 1, '', '', 'Rear ladder', 7, NULL, 3499),
(3467, 3500, 1, '', '', 'Floor', 8, NULL, 3499),
(3469, 3500, 1, '', '', 'Rear underrun', 9, NULL, 3499),
(3471, 3500, 1, '', '', 'Landing legs', 10, NULL, 3499),
(3473, 3500, 1, '', '', 'Air tanks', 11, NULL, 3499),
(3475, 3500, 1, '', '', 'Side protection', 12, NULL, 3499),
(3477, 3500, 1, '', '', 'Mudguards', 13, NULL, 3499),
(3479, 3500, 1, '', '', 'Rear buffer', 14, NULL, 3499),
(3481, 3500, 1, '', '', 'Rims', 15, NULL, 3499),
(3483, 3500, 1, '', '', 'Tires', 16, NULL, 3499),
(3485, 3500, 1, '', '', 'Info center', 17, NULL, 3499),
(3487, 3500, 1, '', '', 'Breaking system', 18, NULL, 3499),
(3489, 3500, 1, '', '', 'Rear lights', 19, NULL, 3499),
(3491, 3500, 1, '', '', 'Hubodometer', 20, NULL, 3499),
(3493, 3500, 1, '', '', 'Front vertical plate', 21, NULL, 3499),
(3495, 3500, 1, '', '', 'Lashing rings', 22, NULL, 3499),
(3497, 3500, 1, '', '', 'Ferry rings', 23, NULL, 3499),
(13, 3504, 1, '', 'default.png', 'Version', 3, 896, 8),
(3453, 3505, 1, 'producer of the axle', 'default.png', 'Axle', 1, NULL, 3499),
(3453, 3506, 1, 'producer of the axle', 'default.png', 'Axle', 1, NULL, 3499),
(3455, 3507, 1, '', 'default.png', 'Version', 2, NULL, 3499),
(3455, 3508, 1, '', 'default.png', 'Version', 2, NULL, 3499),
(3509, 3510, 0, 'distance from ground to king pin plate', 'default.png', '5-th wheel heigth', 0, NULL, NULL),
(3511, 3512, 0, 'producer of the axle', 'default.png', 'Axle', 1, NULL, NULL),
(3513, 3514, 0, '', 'default.png', 'Version', 2, NULL, NULL),
(3515, 3516, 0, '', '', 'Tail lift', 3, NULL, NULL),
(3517, 3518, 0, '', '', 'Neck Height', 4, NULL, NULL),
(3519, 3520, 0, '', '', 'Revers sensor', 5, NULL, NULL),
(3521, 3522, 0, '', '', 'Front Pulpit', 6, NULL, NULL),
(3523, 3524, 0, '', '', 'Rear ladder', 7, NULL, NULL),
(3525, 3526, 0, '', '', 'Floor', 8, NULL, NULL),
(3527, 3528, 0, '', '', 'Rear underrun', 9, NULL, NULL),
(3529, 3530, 0, '', '', 'Landing legs', 10, NULL, NULL),
(3531, 3532, 0, '', '', 'Air tanks', 11, NULL, NULL),
(3533, 3534, 0, '', '', 'Side protection', 12, NULL, NULL),
(3535, 3536, 0, '', '', 'Mudguards', 13, NULL, NULL),
(3537, 3538, 0, '', '', 'Rear buffer', 14, NULL, NULL),
(3539, 3540, 0, '', '', 'Rims', 15, NULL, NULL),
(3541, 3542, 0, '', '', 'Tires', 16, NULL, NULL),
(3543, 3544, 0, '', '', 'Info center', 17, NULL, NULL),
(3545, 3546, 0, '', '', 'Breaking system', 18, NULL, NULL),
(3547, 3548, 0, '', '', 'Rear lights', 19, NULL, NULL),
(3549, 3550, 0, '', '', 'Hubodometer', 20, NULL, NULL),
(3551, 3552, 0, '', '', 'Front vertical plate', 21, NULL, NULL),
(3553, 3554, 0, '', '', 'Lashing rings', 22, NULL, NULL),
(3555, 3556, 0, '', '', 'Ferry rings', 23, NULL, NULL),
(3509, 3558, 1, 'distance from ground to king pin plate', 'default.png', '5-th wheel heigth', 0, NULL, 3557),
(3511, 3558, 1, 'producer of the axle', 'default.png', 'Axle', 1, NULL, 3557),
(3513, 3558, 1, '', 'default.png', 'Version', 2, NULL, 3557),
(3515, 3558, 1, '', '', 'Tail lift', 3, NULL, 3557),
(3517, 3558, 1, '', '', 'Neck Height', 4, NULL, 3557),
(3519, 3558, 1, '', '', 'Revers sensor', 5, NULL, 3557),
(3521, 3558, 1, '', '', 'Front Pulpit', 6, NULL, 3557),
(3523, 3558, 1, '', '', 'Rear ladder', 7, NULL, 3557),
(3525, 3558, 1, '', '', 'Floor', 8, NULL, 3557),
(3527, 3558, 1, '', '', 'Rear underrun', 9, NULL, 3557),
(3529, 3558, 1, '', '', 'Landing legs', 10, NULL, 3557),
(3531, 3558, 1, '', '', 'Air tanks', 11, NULL, 3557),
(3533, 3558, 1, '', '', 'Side protection', 12, NULL, 3557);             
INSERT INTO PUBLIC.PRODUCT_FEATURE_AUD(ID, REV, REVTYPE, DESCRIPTION, IMAGE_PATH, NAME, POSITION, ORDER_FEATURE_ID, PRODUCT_CONFIGURATION_ID) VALUES
(3535, 3558, 1, '', '', 'Mudguards', 13, NULL, 3557),
(3537, 3558, 1, '', '', 'Rear buffer', 14, NULL, 3557),
(3539, 3558, 1, '', '', 'Rims', 15, NULL, 3557),
(3541, 3558, 1, '', '', 'Tires', 16, NULL, 3557),
(3543, 3558, 1, '', '', 'Info center', 17, NULL, 3557),
(3545, 3558, 1, '', '', 'Breaking system', 18, NULL, 3557),
(3547, 3558, 1, '', '', 'Rear lights', 19, NULL, 3557),
(3549, 3558, 1, '', '', 'Hubodometer', 20, NULL, 3557),
(3551, 3558, 1, '', '', 'Front vertical plate', 21, NULL, 3557),
(3553, 3558, 1, '', '', 'Lashing rings', 22, NULL, 3557),
(3555, 3558, 1, '', '', 'Ferry rings', 23, NULL, 3557),
(13, 3562, 1, '', 'default.png', 'Version', 3, 896, 8),
(3511, 3563, 1, 'producer of the axle', 'default.png', 'Axle', 1, NULL, 3557),
(3511, 3565, 1, 'producer of the axle', 'default.png', 'Axle', 1, NULL, 3557),
(3513, 3566, 1, '', 'default.png', 'Version', 2, NULL, 3557),
(3513, 3567, 1, '', 'default.png', 'Version', 2, NULL, 3557); 
CREATE CACHED TABLE PUBLIC.PRODUCT_FEATURE_FEATURE_AUD(
    REV INTEGER NOT NULL,
    PRODUCT_FEATURE_ID BIGINT NOT NULL,
    FEATURE_ID BIGINT NOT NULL,
    REVTYPE TINYINT
);               
ALTER TABLE PUBLIC.PRODUCT_FEATURE_FEATURE_AUD ADD CONSTRAINT PUBLIC.CONSTRAINT_9 PRIMARY KEY(REV, PRODUCT_FEATURE_ID, FEATURE_ID);            
-- 1033 +/- SELECT COUNT(*) FROM PUBLIC.PRODUCT_FEATURE_FEATURE_AUD;           
INSERT INTO PUBLIC.PRODUCT_FEATURE_FEATURE_AUD(REV, PRODUCT_FEATURE_ID, FEATURE_ID, REVTYPE) VALUES
(2, 11, 2, 0),
(2, 11, 1, 0),
(3, 12, 3, 0),
(6, 12, 4, 0),
(23, 13, 21, 0),
(26, 13, 24, 0),
(29, 13, 21, 2),
(29, 13, 24, 2),
(29, 13, 27, 0),
(30, 13, 24, 0),
(30, 13, 21, 0),
(36, 35, 33, 0),
(39, 35, 33, 2),
(39, 35, 37, 0),
(40, 35, 33, 0),
(43, 35, 41, 0),
(65, 11, 2, 2),
(70, 12, 68, 0),
(74, 73, 71, 0),
(86, 73, 84, 0),
(91, 90, 88, 0),
(96, 90, 92, 0),
(96, 90, 94, 0),
(106, 105, 97, 0),
(106, 105, 101, 0),
(106, 105, 103, 0),
(106, 105, 99, 0),
(110, 105, 108, 0),
(116, 115, 113, 0),
(117, 115, 111, 0),
(121, 35, 119, 0),
(125, 124, 122, 0),
(126, 124, 2, 0),
(129, 124, 2, 2),
(132, 124, 130, 0),
(135, 124, 133, 0),
(140, 139, 137, 0),
(143, 139, 141, 0),
(156, 139, 152, 0),
(156, 139, 154, 0),
(156, 139, 148, 0),
(156, 139, 150, 0),
(156, 139, 144, 0),
(156, 139, 146, 0),
(164, 163, 157, 0),
(164, 163, 159, 0),
(164, 163, 161, 0),
(167, 163, 165, 0),
(171, 170, 168, 0),
(181, 180, 172, 0),
(181, 180, 176, 0),
(181, 180, 178, 0),
(181, 180, 174, 0),
(187, 186, 184, 0),
(187, 186, 182, 0),
(195, 194, 192, 0),
(195, 194, 190, 0),
(195, 194, 188, 0),
(205, 204, 196, 0),
(205, 204, 200, 0),
(205, 204, 198, 0),
(211, 210, 208, 0),
(211, 210, 206, 0),
(212, 204, 202, 0),
(218, 217, 215, 0),
(218, 217, 213, 0),
(224, 223, 221, 0),
(224, 223, 219, 0),
(230, 229, 225, 0),
(230, 229, 227, 0),
(252, 251, 245, 0),
(252, 251, 233, 0),
(252, 251, 237, 0),
(252, 251, 235, 0),
(252, 251, 249, 0),
(252, 251, 239, 0),
(252, 251, 231, 0),
(252, 251, 247, 0),
(252, 251, 243, 0),
(252, 251, 241, 0),
(323, 13, 21, 2),
(329, 328, 324, 0),
(329, 328, 326, 0),
(358, 357, 353, 0),
(358, 357, 355, 0),
(362, 357, 359, 0),
(371, 370, 368, 0),
(371, 370, 366, 0),
(371, 370, 364, 0),
(374, 370, 372, 0),
(380, 379, 377, 0),
(380, 379, 375, 0),
(383, 370, 381, 0),
(546, 545, 1, 0),
(580, 545, 1, 2),
(670, 669, 667, 0),
(671, 669, 1, 0),
(671, 669, 2, 0),
(674, 669, 667, 2),
(676, 675, 1, 0),
(678, 677, 3, 0),
(678, 677, 68, 0),
(678, 677, 4, 0),
(680, 679, 27, 0),
(680, 679, 24, 0),
(682, 681, 33, 0),
(682, 681, 119, 0),
(682, 681, 41, 0),
(682, 681, 37, 0),
(684, 683, 71, 0),
(684, 683, 84, 0),
(686, 685, 94, 0),
(686, 685, 88, 0),
(686, 685, 92, 0),
(688, 687, 97, 0),
(688, 687, 101, 0),
(688, 687, 103, 0),
(688, 687, 108, 0),
(688, 687, 99, 0),
(690, 689, 111, 0),
(690, 689, 113, 0),
(692, 691, 133, 0),
(692, 691, 122, 0),
(692, 691, 130, 0),
(694, 693, 137, 0),
(694, 693, 146, 0),
(694, 693, 154, 0),
(694, 693, 141, 0),
(694, 693, 150, 0),
(694, 693, 144, 0),
(694, 693, 148, 0),
(694, 693, 152, 0),
(696, 695, 157, 0),
(696, 695, 159, 0),
(696, 695, 165, 0),
(696, 695, 161, 0),
(698, 697, 168, 0),
(700, 699, 172, 0),
(700, 699, 176, 0),
(700, 699, 178, 0),
(700, 699, 174, 0),
(702, 701, 184, 0),
(702, 701, 182, 0),
(704, 703, 192, 0),
(704, 703, 190, 0),
(704, 703, 188, 0),
(706, 705, 196, 0),
(706, 705, 202, 0),
(706, 705, 200, 0),
(706, 705, 198, 0),
(708, 707, 208, 0),
(708, 707, 206, 0),
(710, 709, 215, 0),
(710, 709, 213, 0),
(712, 711, 221, 0),
(712, 711, 219, 0),
(714, 713, 225, 0),
(714, 713, 227, 0),
(716, 715, 231, 0),
(716, 715, 245, 0),
(716, 715, 233, 0),
(716, 715, 249, 0),
(716, 715, 239, 0),
(716, 715, 235, 0),
(716, 715, 247, 0),
(716, 715, 243, 0),
(716, 715, 241, 0),
(716, 715, 237, 0),
(718, 717, 324, 0),
(718, 717, 326, 0),
(720, 719, 353, 0),
(720, 719, 359, 0),
(720, 719, 355, 0),
(722, 721, 368, 0),
(722, 721, 366, 0),
(722, 721, 372, 0),
(722, 721, 364, 0),
(722, 721, 381, 0),
(724, 723, 377, 0),
(724, 723, 375, 0),
(753, 675, 2, 0),
(754, 675, 2, 2),
(754, 675, 1, 2),
(754, 677, 3, 2),
(754, 677, 68, 2),
(754, 677, 4, 2),
(754, 679, 27, 2),
(754, 679, 24, 2),
(754, 681, 33, 2),
(754, 681, 119, 2),
(754, 681, 41, 2),
(754, 681, 37, 2),
(754, 683, 71, 2),
(754, 683, 84, 2),
(754, 685, 94, 2),
(754, 685, 88, 2),
(754, 685, 92, 2),
(754, 687, 97, 2),
(754, 687, 101, 2),
(754, 687, 103, 2),
(754, 687, 108, 2),
(754, 687, 99, 2),
(754, 689, 111, 2),
(754, 689, 113, 2),
(754, 691, 133, 2),
(754, 691, 122, 2),
(754, 691, 130, 2);         
INSERT INTO PUBLIC.PRODUCT_FEATURE_FEATURE_AUD(REV, PRODUCT_FEATURE_ID, FEATURE_ID, REVTYPE) VALUES
(754, 693, 137, 2),
(754, 693, 146, 2),
(754, 693, 154, 2),
(754, 693, 141, 2),
(754, 693, 150, 2),
(754, 693, 144, 2),
(754, 693, 148, 2),
(754, 693, 152, 2),
(754, 695, 157, 2),
(754, 695, 159, 2),
(754, 695, 165, 2),
(754, 695, 161, 2),
(754, 697, 168, 2),
(754, 699, 172, 2),
(754, 699, 176, 2),
(754, 699, 178, 2),
(754, 699, 174, 2),
(754, 701, 184, 2),
(754, 701, 182, 2),
(754, 703, 192, 2),
(754, 703, 190, 2),
(754, 703, 188, 2),
(754, 705, 196, 2),
(754, 705, 202, 2),
(754, 705, 200, 2),
(754, 705, 198, 2),
(754, 707, 208, 2),
(754, 707, 206, 2),
(754, 709, 215, 2),
(754, 709, 213, 2),
(754, 711, 221, 2),
(754, 711, 219, 2),
(754, 713, 225, 2),
(754, 713, 227, 2),
(754, 715, 231, 2),
(754, 715, 245, 2),
(754, 715, 233, 2),
(754, 715, 249, 2),
(754, 715, 239, 2),
(754, 715, 235, 2),
(754, 715, 247, 2),
(754, 715, 243, 2),
(754, 715, 241, 2),
(754, 715, 237, 2),
(754, 717, 324, 2),
(754, 717, 326, 2),
(754, 719, 353, 2),
(754, 719, 359, 2),
(754, 719, 355, 2),
(754, 721, 368, 2),
(754, 721, 366, 2),
(754, 721, 372, 2),
(754, 721, 364, 2),
(754, 721, 381, 2),
(754, 723, 377, 2),
(754, 723, 375, 2),
(756, 755, 1, 0),
(758, 757, 3, 0),
(758, 757, 68, 0),
(758, 757, 4, 0),
(760, 759, 27, 0),
(760, 759, 24, 0),
(762, 761, 33, 0),
(762, 761, 119, 0),
(762, 761, 41, 0),
(762, 761, 37, 0),
(764, 763, 71, 0),
(764, 763, 84, 0),
(766, 765, 94, 0),
(766, 765, 88, 0),
(766, 765, 92, 0),
(768, 767, 97, 0),
(768, 767, 101, 0),
(768, 767, 103, 0),
(768, 767, 108, 0),
(768, 767, 99, 0),
(770, 769, 111, 0),
(770, 769, 113, 0),
(772, 771, 133, 0),
(772, 771, 122, 0),
(772, 771, 130, 0),
(774, 773, 137, 0),
(774, 773, 146, 0),
(774, 773, 154, 0),
(774, 773, 141, 0),
(774, 773, 150, 0),
(774, 773, 144, 0),
(774, 773, 148, 0),
(774, 773, 152, 0),
(776, 775, 157, 0),
(776, 775, 159, 0),
(776, 775, 165, 0),
(776, 775, 161, 0),
(778, 777, 168, 0),
(780, 779, 172, 0),
(780, 779, 176, 0),
(780, 779, 178, 0),
(780, 779, 174, 0),
(782, 781, 184, 0),
(782, 781, 182, 0),
(784, 783, 192, 0),
(784, 783, 190, 0),
(784, 783, 188, 0),
(786, 785, 196, 0),
(786, 785, 202, 0),
(786, 785, 200, 0),
(786, 785, 198, 0),
(788, 787, 208, 0),
(788, 787, 206, 0),
(790, 789, 215, 0),
(790, 789, 213, 0),
(792, 791, 221, 0),
(792, 791, 219, 0),
(794, 793, 225, 0),
(794, 793, 227, 0),
(796, 795, 231, 0),
(796, 795, 245, 0),
(796, 795, 233, 0),
(796, 795, 249, 0),
(796, 795, 239, 0),
(796, 795, 235, 0),
(796, 795, 247, 0),
(796, 795, 243, 0),
(796, 795, 241, 0),
(796, 795, 237, 0),
(798, 797, 324, 0),
(798, 797, 326, 0),
(800, 799, 353, 0),
(800, 799, 359, 0),
(800, 799, 355, 0),
(802, 801, 368, 0),
(802, 801, 366, 0),
(802, 801, 372, 0),
(802, 801, 364, 0),
(802, 801, 381, 0),
(804, 803, 377, 0),
(804, 803, 375, 0),
(807, 755, 2, 0),
(838, 763, 71, 2),
(839, 73, 84, 2),
(974, 73, 84, 0),
(978, 977, 1, 0),
(980, 979, 1, 0),
(981, 979, 1, 2),
(982, 977, 1, 2),
(983, 755, 2, 2),
(984, 761, 33, 2),
(985, 761, 37, 2),
(986, 761, 37, 0),
(986, 761, 33, 0),
(988, 987, 3, 0),
(988, 987, 68, 0),
(988, 987, 4, 0),
(990, 989, 27, 0),
(990, 989, 24, 0),
(992, 991, 33, 0),
(992, 991, 119, 0),
(992, 991, 41, 0),
(992, 991, 37, 0),
(994, 993, 71, 0),
(994, 993, 84, 0),
(996, 995, 94, 0),
(996, 995, 88, 0),
(996, 995, 92, 0),
(998, 997, 97, 0),
(998, 997, 101, 0),
(998, 997, 103, 0),
(998, 997, 108, 0),
(998, 997, 99, 0),
(1000, 999, 111, 0),
(1000, 999, 113, 0),
(1002, 1001, 133, 0),
(1002, 1001, 122, 0),
(1002, 1001, 130, 0),
(1004, 1003, 137, 0),
(1004, 1003, 146, 0),
(1004, 1003, 154, 0),
(1004, 1003, 141, 0),
(1004, 1003, 150, 0),
(1004, 1003, 144, 0),
(1004, 1003, 148, 0),
(1004, 1003, 152, 0),
(1006, 1005, 157, 0),
(1006, 1005, 159, 0),
(1006, 1005, 165, 0),
(1006, 1005, 161, 0),
(1008, 1007, 168, 0),
(1010, 1009, 172, 0),
(1010, 1009, 176, 0),
(1010, 1009, 178, 0),
(1010, 1009, 174, 0),
(1012, 1011, 184, 0),
(1012, 1011, 182, 0),
(1014, 1013, 192, 0),
(1014, 1013, 190, 0),
(1014, 1013, 188, 0),
(1016, 1015, 196, 0),
(1016, 1015, 202, 0),
(1016, 1015, 200, 0),
(1016, 1015, 198, 0);         
INSERT INTO PUBLIC.PRODUCT_FEATURE_FEATURE_AUD(REV, PRODUCT_FEATURE_ID, FEATURE_ID, REVTYPE) VALUES
(1018, 1017, 208, 0),
(1018, 1017, 206, 0),
(1020, 1019, 215, 0),
(1020, 1019, 213, 0),
(1022, 1021, 221, 0),
(1022, 1021, 219, 0),
(1024, 1023, 225, 0),
(1024, 1023, 227, 0),
(1026, 1025, 231, 0),
(1026, 1025, 245, 0),
(1026, 1025, 233, 0),
(1026, 1025, 249, 0),
(1026, 1025, 239, 0),
(1026, 1025, 235, 0),
(1026, 1025, 247, 0),
(1026, 1025, 243, 0),
(1026, 1025, 241, 0),
(1026, 1025, 237, 0),
(1028, 1027, 324, 0),
(1028, 1027, 326, 0),
(1030, 1029, 353, 0),
(1030, 1029, 359, 0),
(1030, 1029, 355, 0),
(1032, 1031, 368, 0),
(1032, 1031, 366, 0),
(1032, 1031, 372, 0),
(1032, 1031, 364, 0),
(1032, 1031, 381, 0),
(1034, 1033, 377, 0),
(1034, 1033, 375, 0),
(1036, 1035, 1, 0),
(1065, 993, 84, 2),
(1066, 991, 33, 2),
(1067, 991, 37, 2),
(1083, 761, 33, 2),
(1084, 761, 37, 2),
(1085, 761, 41, 2),
(1086, 765, 94, 2),
(1087, 765, 92, 2),
(1088, 773, 146, 2),
(1089, 775, 165, 2),
(1090, 779, 174, 2),
(1091, 781, 182, 2),
(1092, 785, 196, 2),
(1093, 785, 198, 2),
(1105, 991, 41, 2),
(1106, 989, 27, 2),
(1107, 759, 27, 2),
(1219, 1218, 1, 0),
(1221, 1220, 3, 0),
(1221, 1220, 68, 0),
(1221, 1220, 4, 0),
(1223, 1222, 24, 0),
(1225, 1224, 119, 0),
(1227, 1226, 84, 0),
(1229, 1228, 88, 0),
(1231, 1230, 97, 0),
(1231, 1230, 101, 0),
(1231, 1230, 103, 0),
(1231, 1230, 108, 0),
(1231, 1230, 99, 0),
(1233, 1232, 111, 0),
(1233, 1232, 113, 0),
(1235, 1234, 133, 0),
(1235, 1234, 122, 0),
(1235, 1234, 130, 0),
(1237, 1236, 137, 0),
(1237, 1236, 154, 0),
(1237, 1236, 141, 0),
(1237, 1236, 150, 0),
(1237, 1236, 144, 0),
(1237, 1236, 148, 0),
(1237, 1236, 152, 0),
(1239, 1238, 157, 0),
(1239, 1238, 159, 0),
(1239, 1238, 161, 0),
(1241, 1240, 168, 0),
(1243, 1242, 172, 0),
(1243, 1242, 176, 0),
(1243, 1242, 178, 0),
(1245, 1244, 184, 0),
(1247, 1246, 202, 0),
(1247, 1246, 200, 0),
(1249, 1248, 208, 0),
(1249, 1248, 206, 0),
(1251, 1250, 215, 0),
(1251, 1250, 213, 0),
(1253, 1252, 221, 0),
(1253, 1252, 219, 0),
(1255, 1254, 225, 0),
(1255, 1254, 227, 0),
(1257, 1256, 231, 0),
(1257, 1256, 245, 0),
(1257, 1256, 233, 0),
(1257, 1256, 249, 0),
(1257, 1256, 239, 0),
(1257, 1256, 235, 0),
(1257, 1256, 247, 0),
(1257, 1256, 243, 0),
(1257, 1256, 241, 0),
(1257, 1256, 237, 0),
(1259, 1258, 324, 0),
(1259, 1258, 326, 0),
(1261, 1260, 353, 0),
(1261, 1260, 359, 0),
(1261, 1260, 355, 0),
(1263, 1262, 368, 0),
(1263, 1262, 366, 0),
(1263, 1262, 372, 0),
(1263, 1262, 364, 0),
(1263, 1262, 381, 0),
(1265, 1264, 377, 0),
(1265, 1264, 375, 0),
(1279, 1220, 4, 2),
(1280, 1220, 68, 2),
(1283, 1222, 1281, 0),
(1284, 1222, 24, 2),
(1285, 987, 68, 2),
(1286, 987, 3, 2),
(1475, 11, 2, 0),
(1507, 13, 1281, 0),
(3075, 1236, 154, 2),
(3076, 1025, 247, 2),
(3077, 1009, 174, 2),
(3078, 995, 94, 2),
(3079, 1025, 245, 2),
(3080, 1003, 146, 2),
(3081, 1003, 154, 2),
(3082, 1003, 144, 2),
(3083, 1003, 148, 2),
(3084, 1015, 200, 2),
(3085, 1015, 198, 2),
(3086, 1025, 243, 2),
(3087, 1025, 241, 2),
(3088, 1025, 249, 2),
(3089, 1236, 148, 2),
(3090, 1256, 245, 2),
(3091, 1256, 249, 2),
(3092, 1256, 247, 2),
(3093, 1256, 243, 2),
(3094, 1256, 241, 2),
(3095, 1260, 359, 2),
(3096, 1260, 355, 2),
(3099, 13, 3097, 0),
(3101, 3100, 2, 0),
(3101, 3100, 1, 0),
(3103, 3102, 3, 0),
(3103, 3102, 68, 0),
(3103, 3102, 4, 0),
(3105, 3104, 27, 0),
(3105, 3104, 3097, 0),
(3105, 3104, 24, 0),
(3105, 3104, 1281, 0),
(3107, 3106, 33, 0),
(3107, 3106, 119, 0),
(3107, 3106, 41, 0),
(3107, 3106, 37, 0),
(3109, 3108, 71, 0),
(3109, 3108, 84, 0),
(3111, 3110, 94, 0),
(3111, 3110, 88, 0),
(3111, 3110, 92, 0),
(3113, 3112, 97, 0),
(3113, 3112, 101, 0),
(3113, 3112, 103, 0),
(3113, 3112, 108, 0),
(3113, 3112, 99, 0),
(3115, 3114, 111, 0),
(3115, 3114, 113, 0),
(3117, 3116, 133, 0),
(3117, 3116, 122, 0),
(3117, 3116, 130, 0),
(3119, 3118, 137, 0),
(3119, 3118, 146, 0),
(3119, 3118, 154, 0),
(3119, 3118, 141, 0),
(3119, 3118, 150, 0),
(3119, 3118, 144, 0),
(3119, 3118, 148, 0),
(3119, 3118, 152, 0),
(3121, 3120, 157, 0),
(3121, 3120, 159, 0),
(3121, 3120, 165, 0),
(3121, 3120, 161, 0),
(3123, 3122, 168, 0),
(3125, 3124, 172, 0);             
INSERT INTO PUBLIC.PRODUCT_FEATURE_FEATURE_AUD(REV, PRODUCT_FEATURE_ID, FEATURE_ID, REVTYPE) VALUES
(3125, 3124, 176, 0),
(3125, 3124, 178, 0),
(3125, 3124, 174, 0),
(3127, 3126, 184, 0),
(3127, 3126, 182, 0),
(3129, 3128, 192, 0),
(3129, 3128, 190, 0),
(3129, 3128, 188, 0),
(3131, 3130, 196, 0),
(3131, 3130, 202, 0),
(3131, 3130, 200, 0),
(3131, 3130, 198, 0),
(3133, 3132, 208, 0),
(3133, 3132, 206, 0),
(3135, 3134, 215, 0),
(3135, 3134, 213, 0),
(3137, 3136, 221, 0),
(3137, 3136, 219, 0),
(3139, 3138, 225, 0),
(3139, 3138, 227, 0),
(3141, 3140, 231, 0),
(3141, 3140, 245, 0),
(3141, 3140, 233, 0),
(3141, 3140, 249, 0),
(3141, 3140, 239, 0),
(3141, 3140, 235, 0),
(3141, 3140, 247, 0),
(3141, 3140, 243, 0),
(3141, 3140, 241, 0),
(3141, 3140, 237, 0),
(3143, 3142, 324, 0),
(3143, 3142, 326, 0),
(3145, 3144, 353, 0),
(3145, 3144, 359, 0),
(3145, 3144, 355, 0),
(3147, 3146, 368, 0),
(3147, 3146, 366, 0),
(3147, 3146, 372, 0),
(3147, 3146, 364, 0),
(3147, 3146, 381, 0),
(3149, 3148, 377, 0),
(3149, 3148, 375, 0),
(3178, 3100, 2, 2),
(3179, 3102, 3, 2),
(3180, 3102, 68, 2),
(3181, 3104, 27, 2),
(3182, 3104, 24, 2),
(3183, 3104, 1281, 2),
(3184, 3106, 119, 2),
(3185, 3106, 37, 2),
(3186, 3108, 84, 2),
(3187, 3110, 94, 2),
(3188, 3110, 92, 2),
(3189, 3118, 146, 2),
(3190, 3118, 154, 2),
(3191, 3118, 137, 2),
(3192, 3118, 141, 2),
(3193, 3118, 150, 2),
(3194, 3118, 148, 2),
(3195, 3118, 152, 2),
(3196, 3124, 174, 2),
(3198, 3130, 196, 2),
(3199, 3130, 200, 2),
(3200, 3130, 198, 2),
(3201, 3140, 245, 2),
(3202, 3140, 249, 2),
(3203, 3140, 247, 2),
(3204, 3140, 243, 2),
(3205, 3140, 241, 2),
(3206, 3140, 235, 2),
(3207, 3140, 239, 2),
(3208, 3140, 233, 2),
(3209, 3140, 231, 2),
(3210, 3144, 353, 2),
(3211, 3144, 353, 0),
(3212, 3144, 359, 2),
(3213, 1262, 368, 2),
(3214, 1262, 366, 2),
(3215, 1262, 364, 2),
(3216, 1262, 381, 2),
(3219, 1246, 198, 0),
(3220, 1246, 200, 2),
(3221, 1246, 200, 0),
(3223, 3222, 1, 0),
(3225, 3224, 3, 0),
(3227, 3226, 1281, 0),
(3229, 3228, 119, 0),
(3231, 3230, 84, 0),
(3233, 3232, 88, 0),
(3235, 3234, 97, 0),
(3235, 3234, 101, 0),
(3235, 3234, 103, 0),
(3235, 3234, 108, 0),
(3235, 3234, 99, 0),
(3237, 3236, 111, 0),
(3237, 3236, 113, 0),
(3239, 3238, 133, 0),
(3239, 3238, 122, 0),
(3239, 3238, 130, 0),
(3241, 3240, 137, 0),
(3241, 3240, 141, 0),
(3241, 3240, 150, 0),
(3241, 3240, 144, 0),
(3241, 3240, 152, 0),
(3243, 3242, 157, 0),
(3243, 3242, 159, 0),
(3243, 3242, 161, 0),
(3245, 3244, 168, 0),
(3247, 3246, 172, 0),
(3247, 3246, 176, 0),
(3247, 3246, 178, 0),
(3249, 3248, 184, 0),
(3251, 3250, 202, 0),
(3251, 3250, 200, 0),
(3251, 3250, 198, 0),
(3253, 3252, 208, 0),
(3253, 3252, 206, 0),
(3255, 3254, 215, 0),
(3255, 3254, 213, 0),
(3257, 3256, 221, 0),
(3257, 3256, 219, 0),
(3259, 3258, 225, 0),
(3259, 3258, 227, 0),
(3261, 3260, 231, 0),
(3261, 3260, 233, 0),
(3261, 3260, 239, 0),
(3261, 3260, 235, 0),
(3261, 3260, 237, 0),
(3263, 3262, 324, 0),
(3263, 3262, 326, 0),
(3265, 3264, 353, 0),
(3267, 3266, 372, 0),
(3269, 3268, 377, 0),
(3269, 3268, 375, 0),
(3273, 3250, 196, 0),
(3274, 3250, 200, 2),
(3275, 3250, 198, 2),
(3278, 3226, 3276, 0),
(3279, 3226, 1281, 2),
(3282, 3281, 1, 0),
(3284, 3283, 4, 0),
(3286, 3285, 24, 0),
(3288, 3287, 119, 0),
(3290, 3289, 71, 0),
(3292, 3291, 88, 0),
(3292, 3291, 92, 0),
(3294, 3293, 97, 0),
(3294, 3293, 101, 0),
(3294, 3293, 103, 0),
(3294, 3293, 108, 0),
(3294, 3293, 99, 0),
(3296, 3295, 111, 0),
(3296, 3295, 113, 0),
(3298, 3297, 133, 0),
(3298, 3297, 122, 0),
(3298, 3297, 130, 0),
(3300, 3299, 137, 0),
(3300, 3299, 141, 0),
(3300, 3299, 150, 0),
(3300, 3299, 152, 0),
(3302, 3301, 157, 0),
(3302, 3301, 159, 0),
(3302, 3301, 165, 0),
(3302, 3301, 161, 0),
(3304, 3303, 168, 0),
(3306, 3305, 172, 0),
(3306, 3305, 176, 0),
(3306, 3305, 178, 0),
(3308, 3307, 184, 0),
(3308, 3307, 182, 0),
(3310, 3309, 196, 0),
(3310, 3309, 202, 0),
(3312, 3311, 208, 0),
(3312, 3311, 206, 0),
(3314, 3313, 215, 0),
(3314, 3313, 213, 0),
(3316, 3315, 221, 0),
(3316, 3315, 219, 0),
(3318, 3317, 225, 0),
(3318, 3317, 227, 0),
(3320, 3319, 231, 0),
(3320, 3319, 233, 0),
(3320, 3319, 239, 0);           
INSERT INTO PUBLIC.PRODUCT_FEATURE_FEATURE_AUD(REV, PRODUCT_FEATURE_ID, FEATURE_ID, REVTYPE) VALUES
(3320, 3319, 235, 0),
(3320, 3319, 237, 0),
(3322, 3321, 324, 0),
(3322, 3321, 326, 0),
(3324, 3323, 353, 0),
(3324, 3323, 359, 0),
(3324, 3323, 355, 0),
(3326, 3325, 368, 0),
(3326, 3325, 366, 0),
(3326, 3325, 372, 0),
(3326, 3325, 364, 0),
(3326, 3325, 381, 0),
(3328, 3327, 377, 0),
(3328, 3327, 375, 0),
(3334, 3285, 3332, 0),
(3335, 3285, 24, 2),
(3337, 3299, 146, 0),
(3338, 3299, 137, 2),
(3339, 3299, 150, 2),
(3340, 3299, 152, 2),
(3341, 3305, 174, 0),
(3342, 3305, 178, 2),
(3343, 3305, 176, 2),
(3344, 3305, 172, 2),
(3346, 3345, 2, 0),
(3346, 3345, 1, 0),
(3348, 3347, 3, 0),
(3348, 3347, 68, 0),
(3348, 3347, 4, 0),
(3350, 3349, 27, 0),
(3350, 3349, 3097, 0),
(3350, 3349, 24, 0),
(3350, 3349, 1281, 0),
(3352, 3351, 33, 0),
(3352, 3351, 119, 0),
(3352, 3351, 41, 0),
(3352, 3351, 37, 0),
(3354, 3353, 71, 0),
(3354, 3353, 84, 0),
(3356, 3355, 94, 0),
(3356, 3355, 88, 0),
(3356, 3355, 92, 0),
(3358, 3357, 97, 0),
(3358, 3357, 101, 0),
(3358, 3357, 103, 0),
(3358, 3357, 108, 0),
(3358, 3357, 99, 0),
(3360, 3359, 111, 0),
(3360, 3359, 113, 0),
(3362, 3361, 133, 0),
(3362, 3361, 122, 0),
(3362, 3361, 130, 0),
(3364, 3363, 137, 0),
(3364, 3363, 146, 0),
(3364, 3363, 154, 0),
(3364, 3363, 141, 0),
(3364, 3363, 150, 0),
(3364, 3363, 144, 0),
(3364, 3363, 148, 0),
(3364, 3363, 152, 0),
(3366, 3365, 157, 0),
(3366, 3365, 159, 0),
(3366, 3365, 165, 0),
(3366, 3365, 161, 0),
(3368, 3367, 168, 0),
(3370, 3369, 172, 0),
(3370, 3369, 176, 0),
(3370, 3369, 178, 0),
(3370, 3369, 174, 0),
(3372, 3371, 184, 0),
(3372, 3371, 182, 0),
(3374, 3373, 192, 0),
(3374, 3373, 190, 0),
(3374, 3373, 188, 0),
(3376, 3375, 196, 0),
(3376, 3375, 202, 0),
(3376, 3375, 200, 0),
(3376, 3375, 198, 0),
(3378, 3377, 208, 0),
(3378, 3377, 206, 0),
(3380, 3379, 215, 0),
(3380, 3379, 213, 0),
(3382, 3381, 221, 0),
(3382, 3381, 219, 0),
(3384, 3383, 225, 0),
(3384, 3383, 227, 0),
(3386, 3385, 231, 0),
(3386, 3385, 245, 0),
(3386, 3385, 233, 0),
(3386, 3385, 249, 0),
(3386, 3385, 239, 0),
(3386, 3385, 235, 0),
(3386, 3385, 247, 0),
(3386, 3385, 243, 0),
(3386, 3385, 241, 0),
(3386, 3385, 237, 0),
(3388, 3387, 324, 0),
(3388, 3387, 326, 0),
(3390, 3389, 353, 0),
(3390, 3389, 359, 0),
(3390, 3389, 355, 0),
(3392, 3391, 368, 0),
(3392, 3391, 366, 0),
(3392, 3391, 372, 0),
(3392, 3391, 364, 0),
(3392, 3391, 381, 0),
(3394, 3393, 377, 0),
(3394, 3393, 375, 0),
(3426, 3345, 2, 2),
(3427, 3347, 3, 2),
(3428, 3347, 68, 2),
(3429, 3349, 3423, 0),
(3430, 3349, 27, 2),
(3431, 3349, 3097, 2),
(3432, 3349, 1281, 2),
(3433, 3349, 24, 2),
(3434, 3351, 33, 2),
(3435, 3351, 41, 2),
(3436, 3351, 37, 2),
(3437, 3353, 84, 2),
(3438, 3355, 94, 2),
(3439, 3363, 146, 2),
(3440, 3363, 150, 2),
(3441, 3363, 144, 2),
(3442, 3363, 148, 2),
(3443, 3363, 154, 2),
(3444, 3369, 174, 2),
(3445, 3389, 359, 2),
(3446, 13, 3423, 0),
(3447, 13, 3276, 0),
(3447, 13, 3332, 0),
(3449, 3291, 92, 2),
(3450, 995, 92, 2),
(3452, 3451, 1, 0),
(3454, 3453, 4, 0),
(3456, 3455, 24, 0),
(3458, 3457, 119, 0),
(3460, 3459, 71, 0),
(3462, 3461, 88, 0),
(3464, 3463, 97, 0),
(3464, 3463, 101, 0),
(3464, 3463, 103, 0),
(3464, 3463, 108, 0),
(3464, 3463, 99, 0),
(3466, 3465, 111, 0),
(3466, 3465, 113, 0),
(3468, 3467, 133, 0),
(3468, 3467, 122, 0),
(3468, 3467, 130, 0),
(3470, 3469, 137, 0),
(3470, 3469, 141, 0),
(3470, 3469, 150, 0),
(3470, 3469, 152, 0),
(3472, 3471, 157, 0),
(3472, 3471, 159, 0),
(3472, 3471, 165, 0),
(3472, 3471, 161, 0),
(3474, 3473, 168, 0),
(3476, 3475, 172, 0),
(3476, 3475, 176, 0),
(3476, 3475, 178, 0),
(3478, 3477, 184, 0),
(3478, 3477, 182, 0),
(3480, 3479, 196, 0),
(3480, 3479, 202, 0),
(3482, 3481, 208, 0),
(3482, 3481, 206, 0),
(3484, 3483, 215, 0),
(3484, 3483, 213, 0),
(3486, 3485, 221, 0),
(3486, 3485, 219, 0),
(3488, 3487, 225, 0),
(3488, 3487, 227, 0),
(3490, 3489, 231, 0),
(3490, 3489, 233, 0),
(3490, 3489, 239, 0),
(3490, 3489, 235, 0),
(3490, 3489, 237, 0),
(3492, 3491, 324, 0),
(3492, 3491, 326, 0),
(3494, 3493, 353, 0),
(3494, 3493, 359, 0),
(3494, 3493, 355, 0),
(3496, 3495, 368, 0);       
INSERT INTO PUBLIC.PRODUCT_FEATURE_FEATURE_AUD(REV, PRODUCT_FEATURE_ID, FEATURE_ID, REVTYPE) VALUES
(3496, 3495, 366, 0),
(3496, 3495, 372, 0),
(3496, 3495, 364, 0),
(3496, 3495, 381, 0),
(3498, 3497, 377, 0),
(3498, 3497, 375, 0),
(3504, 13, 3502, 0),
(3505, 3453, 3, 0),
(3506, 3453, 4, 2),
(3507, 3455, 3502, 0),
(3508, 3455, 24, 2),
(3510, 3509, 1, 0),
(3512, 3511, 4, 0),
(3514, 3513, 24, 0),
(3516, 3515, 119, 0),
(3518, 3517, 71, 0),
(3520, 3519, 88, 0),
(3522, 3521, 97, 0),
(3522, 3521, 101, 0),
(3522, 3521, 103, 0),
(3522, 3521, 108, 0),
(3522, 3521, 99, 0),
(3524, 3523, 111, 0),
(3524, 3523, 113, 0),
(3526, 3525, 133, 0),
(3526, 3525, 122, 0),
(3526, 3525, 130, 0),
(3528, 3527, 137, 0),
(3528, 3527, 141, 0),
(3528, 3527, 150, 0),
(3528, 3527, 152, 0),
(3530, 3529, 157, 0),
(3530, 3529, 159, 0),
(3530, 3529, 165, 0),
(3530, 3529, 161, 0),
(3532, 3531, 168, 0),
(3534, 3533, 172, 0),
(3534, 3533, 176, 0),
(3534, 3533, 178, 0),
(3536, 3535, 184, 0),
(3536, 3535, 182, 0),
(3538, 3537, 196, 0),
(3538, 3537, 202, 0),
(3540, 3539, 208, 0),
(3540, 3539, 206, 0),
(3542, 3541, 215, 0),
(3542, 3541, 213, 0),
(3544, 3543, 221, 0),
(3544, 3543, 219, 0),
(3546, 3545, 225, 0),
(3546, 3545, 227, 0),
(3548, 3547, 231, 0),
(3548, 3547, 233, 0),
(3548, 3547, 239, 0),
(3548, 3547, 235, 0),
(3548, 3547, 237, 0),
(3550, 3549, 324, 0),
(3550, 3549, 326, 0),
(3552, 3551, 353, 0),
(3552, 3551, 359, 0),
(3552, 3551, 355, 0),
(3554, 3553, 368, 0),
(3554, 3553, 366, 0),
(3554, 3553, 372, 0),
(3554, 3553, 364, 0),
(3554, 3553, 381, 0),
(3556, 3555, 377, 0),
(3556, 3555, 375, 0),
(3562, 13, 3560, 0),
(3563, 3511, 68, 0),
(3565, 3511, 4, 2),
(3566, 3513, 3560, 0),
(3567, 3513, 24, 2);        
CREATE CACHED TABLE PUBLIC.PRODUCT_CONFIGURATION(
    ID BIGINT NOT NULL,
    NAME VARCHAR(255)
);             
ALTER TABLE PUBLIC.PRODUCT_CONFIGURATION ADD CONSTRAINT PUBLIC.CONSTRAINT_1B PRIMARY KEY(ID);  
-- 9 +/- SELECT COUNT(*) FROM PUBLIC.PRODUCT_CONFIGURATION;    
INSERT INTO PUBLIC.PRODUCT_CONFIGURATION(ID, NAME) VALUES
(8, 'pattern'),
(1037, 'standard curtain BPW'),
(1266, 'curtain 100 Neck SAF drum'),
(3150, 'standard for tail lift DH-20, BPW'),
(3270, 'curtain 100 Neck SAF drum with rubber GTO buffers'),
(3329, 'standard curtain BPW for SKS tail lif'),
(3395, '300mm cross barrers distance with RDC, BPW'),
(3499, 'standard curtain SAF'),
(3557, 'standard curtain Jost disc');          
CREATE CACHED TABLE PUBLIC.PRODUCT_FEATURE(
    ID BIGINT NOT NULL,
    DESCRIPTION VARCHAR(255),
    IMAGE_PATH VARCHAR(255),
    NAME VARCHAR(255),
    POSITION INTEGER,
    ORDER_FEATURE_ID BIGINT,
    PRODUCT_CONFIGURATION_ID BIGINT
);
ALTER TABLE PUBLIC.PRODUCT_FEATURE ADD CONSTRAINT PUBLIC.CONSTRAINT_95 PRIMARY KEY(ID);        
-- 246 +/- SELECT COUNT(*) FROM PUBLIC.PRODUCT_FEATURE;        
INSERT INTO PUBLIC.PRODUCT_FEATURE(ID, DESCRIPTION, IMAGE_PATH, NAME, POSITION, ORDER_FEATURE_ID, PRODUCT_CONFIGURATION_ID) VALUES
(11, 'distance from ground to king pin plate', 'default.png', '5-th wheel heigth', 1, 892, 8),
(12, 'producer of the axle', 'default.png', 'Axle', 2, 894, 8),
(13, '', 'default.png', 'Version', 3, 896, 8),
(35, '', '', 'Tail lift', 4, 898, 8),
(73, '', '', 'Neck Height', 5, 900, 8),
(90, '', '', 'Revers sensor', 6, 902, 8),
(105, '', '', 'Front Pulpit', 7, 904, 8),
(115, '', '', 'Rear ladder', 8, 906, 8),
(124, '', '', 'Floor', 9, 908, 8),
(139, '', '', 'Rear underrun', 10, 910, 8),
(163, '', '', 'Landing legs', 11, 912, 8),
(170, '', '', 'Air tanks', 12, 914, 8),
(180, '', '', 'Side protection', 13, 916, 8),
(186, '', '', 'Mudguards', 14, 918, 8),
(194, '', '', 'Mudguards logo', 15, 920, 8),
(204, '', '', 'Rear buffer', 16, 922, 8),
(210, '', '', 'Rims', 17, 924, 8),
(217, '', '', 'Tires', 18, 926, 8),
(223, '', '', 'Info center', 19, 928, 8),
(229, '', '', 'Breaking system', 20, 930, 8),
(251, '', '', 'Rear lights', 21, 932, 8),
(328, '', '', 'Hubodometer', 22, 934, 8),
(357, '', '', 'Front vertical plate', 23, 936, 8),
(370, '', '', 'Lashing rings', 24, 938, 8),
(379, '', '', 'Ferry rings', 25, 940, 8),
(669, '', '', '5-th', NULL, NULL, NULL),
(755, 'distance from ground to king pin plate', 'default.png', '5-th wheel heigth', NULL, 1108, NULL),
(757, 'producer of the axle', 'default.png', 'Axle', NULL, 1110, NULL),
(759, '', 'default.png', 'Version', NULL, 1112, NULL),
(761, '', '', 'Tail lift', NULL, 1114, NULL),
(763, '', '', 'Neck Height', NULL, 1116, NULL),
(765, '', '', 'Revers sensor', NULL, 1118, NULL),
(767, '', '', 'Front Pulpit', NULL, 1120, NULL),
(769, '', '', 'Rear ladder', NULL, 1122, NULL),
(771, '', '', 'Floor', NULL, 1124, NULL),
(773, '', '', 'Rear underrun', NULL, 1126, NULL),
(775, '', '', 'Landing legs', NULL, 1128, NULL),
(777, '', '', 'Air tanks', NULL, 1130, NULL),
(779, '', '', 'Side protection', NULL, 1132, NULL),
(781, '', '', 'Mudguards', NULL, 1134, NULL),
(783, '', '', 'Mudguards logo', NULL, 1136, NULL),
(785, '', '', 'Rear buffer', NULL, 1138, NULL),
(787, '', '', 'Rims', NULL, 1140, NULL),
(789, '', '', 'Tires', NULL, 1142, NULL),
(791, '', '', 'Info center', NULL, 1144, NULL),
(793, '', '', 'Breaking system', NULL, 1146, NULL),
(795, '', '', 'Rear lights', NULL, 1148, NULL),
(797, '', '', 'Hubodometer', NULL, 1150, NULL),
(799, '', '', 'Front vertical plate', NULL, 1152, NULL),
(801, '', '', 'Lashing rings', NULL, 1154, NULL),
(803, '', '', 'Ferry rings', NULL, 1156, NULL),
(987, 'producer of the axle', 'default.png', 'Axle', 1, 2996, 1037),
(989, '', 'default.png', 'Version', 2, 2998, 1037),
(991, '', '', 'Tail lift', 3, 3000, 1037),
(993, '', '', 'Neck Height', 4, 3002, 1037),
(995, '', '', 'Revers sensor', 5, 3004, 1037),
(997, '', '', 'Front Pulpit', 6, 3006, 1037),
(999, '', '', 'Rear ladder', 7, 3008, 1037),
(1001, '', '', 'Floor', 8, 3010, 1037),
(1003, '', '', 'Rear underrun', 9, 3012, 1037),
(1005, '', '', 'Landing legs', 10, 3014, 1037),
(1007, '', '', 'Air tanks', 11, 3016, 1037),
(1009, '', '', 'Side protection', 12, 3018, 1037),
(1011, '', '', 'Mudguards', 13, 3020, 1037),
(1013, '', '', 'Mudguards logo', NULL, 1188, NULL),
(1015, '', '', 'Rear buffer', 14, 3022, 1037),
(1017, '', '', 'Rims', 15, 3024, 1037),
(1019, '', '', 'Tires', 16, 3026, 1037),
(1021, '', '', 'Info center', 17, 3028, 1037),
(1023, '', '', 'Breaking system', 18, 3030, 1037),
(1025, '', '', 'Rear lights', 19, 3032, 1037),
(1027, '', '', 'Hubodometer', 20, 3034, 1037),
(1029, '', '', 'Front vertical plate', 21, 3036, 1037),
(1031, '', '', 'Lashing rings', 22, 3038, 1037),
(1033, '', '', 'Ferry rings', 23, 3040, 1037),
(1035, 'distance from ground to king pin plate', 'default.png', '5-th wheel heigth', 0, 2994, 1037),
(1218, 'distance from ground to king pin plate', 'default.png', '5-th wheel heigth', 0, 1374, 1266),
(1220, 'producer of the axle', 'default.png', 'Axle', 1, 1376, 1266),
(1222, '', 'default.png', 'Version', 2, 1378, 1266),
(1224, '', '', 'Tail lift', 3, 1380, 1266);          
INSERT INTO PUBLIC.PRODUCT_FEATURE(ID, DESCRIPTION, IMAGE_PATH, NAME, POSITION, ORDER_FEATURE_ID, PRODUCT_CONFIGURATION_ID) VALUES
(1226, '', '', 'Neck Height', 4, 1382, 1266),
(1228, '', '', 'Revers sensor', 5, 1384, 1266),
(1230, '', '', 'Front Pulpit', 6, 1386, 1266),
(1232, '', '', 'Rear ladder', 7, 1388, 1266),
(1234, '', '', 'Floor', 8, 1390, 1266),
(1236, '', '', 'Rear underrun', 9, 1392, 1266),
(1238, '', '', 'Landing legs', 10, 1394, 1266),
(1240, '', '', 'Air tanks', 11, 1396, 1266),
(1242, '', '', 'Side protection', 12, 1398, 1266),
(1244, '', '', 'Mudguards', 13, 1400, 1266),
(1246, '', '', 'Rear buffer', 14, 1402, 1266),
(1248, '', '', 'Rims', 15, 1404, 1266),
(1250, '', '', 'Tires', 16, 1406, 1266),
(1252, '', '', 'Info center', 17, 1408, 1266),
(1254, '', '', 'Breaking system', 18, 1410, 1266),
(1256, '', '', 'Rear lights', 19, 1412, 1266),
(1258, '', '', 'Hubodometer', 20, 1414, 1266),
(1260, '', '', 'Front vertical plate', 21, 1416, 1266),
(1262, '', '', 'Lashing rings', 22, 1418, 1266),
(1264, '', '', 'Ferry rings', 23, 1420, 1266),
(3100, 'distance from ground to king pin plate', 'default.png', '5-th wheel heigth', 0, NULL, 3150),
(3102, 'producer of the axle', 'default.png', 'Axle', 1, NULL, 3150),
(3104, '', 'default.png', 'Version', 2, NULL, 3150),
(3106, '', '', 'Tail lift', 3, NULL, 3150),
(3108, '', '', 'Neck Height', 4, NULL, 3150),
(3110, '', '', 'Revers sensor', 5, NULL, 3150),
(3112, '', '', 'Front Pulpit', 6, NULL, 3150),
(3114, '', '', 'Rear ladder', 7, NULL, 3150),
(3116, '', '', 'Floor', 8, NULL, 3150),
(3118, '', '', 'Rear underrun', 9, NULL, 3150),
(3120, '', '', 'Landing legs', 10, NULL, 3150),
(3122, '', '', 'Air tanks', 11, NULL, 3150),
(3124, '', '', 'Side protection', 12, NULL, 3150),
(3126, '', '', 'Mudguards', 13, NULL, 3150),
(3128, '', '', 'Mudguards logo', NULL, NULL, NULL),
(3130, '', '', 'Rear buffer', 15, NULL, 3150),
(3132, '', '', 'Rims', 16, NULL, 3150),
(3134, '', '', 'Tires', 17, NULL, 3150),
(3136, '', '', 'Info center', 18, NULL, 3150),
(3138, '', '', 'Breaking system', 19, NULL, 3150),
(3140, '', '', 'Rear lights', 20, NULL, 3150),
(3142, '', '', 'Hubodometer', 21, NULL, 3150),
(3144, '', '', 'Front vertical plate', 22, NULL, 3150),
(3146, '', '', 'Lashing rings', 23, NULL, 3150),
(3148, '', '', 'Ferry rings', 24, NULL, 3150),
(3222, 'distance from ground to king pin plate', 'default.png', '5-th wheel heigth', 0, NULL, 3270),
(3224, 'producer of the axle', 'default.png', 'Axle', 1, NULL, 3270),
(3226, '', 'default.png', 'Version', 2, NULL, 3270),
(3228, '', '', 'Tail lift', 3, NULL, 3270),
(3230, '', '', 'Neck Height', 4, NULL, 3270),
(3232, '', '', 'Revers sensor', 5, NULL, 3270),
(3234, '', '', 'Front Pulpit', 6, NULL, 3270),
(3236, '', '', 'Rear ladder', 7, NULL, 3270),
(3238, '', '', 'Floor', 8, NULL, 3270),
(3240, '', '', 'Rear underrun', 9, NULL, 3270),
(3242, '', '', 'Landing legs', 10, NULL, 3270),
(3244, '', '', 'Air tanks', 11, NULL, 3270),
(3246, '', '', 'Side protection', 12, NULL, 3270),
(3248, '', '', 'Mudguards', 13, NULL, 3270),
(3250, '', '', 'Rear buffer', 14, NULL, 3270),
(3252, '', '', 'Rims', 15, NULL, 3270),
(3254, '', '', 'Tires', 16, NULL, 3270),
(3256, '', '', 'Info center', 17, NULL, 3270),
(3258, '', '', 'Breaking system', 18, NULL, 3270),
(3260, '', '', 'Rear lights', 19, NULL, 3270),
(3262, '', '', 'Hubodometer', 20, NULL, 3270),
(3264, '', '', 'Front vertical plate', 21, NULL, 3270),
(3266, '', '', 'Lashing rings', 22, NULL, 3270),
(3268, '', '', 'Ferry rings', 23, NULL, 3270),
(3281, 'distance from ground to king pin plate', 'default.png', '5-th wheel heigth', 0, NULL, 3329),
(3283, 'producer of the axle', 'default.png', 'Axle', 1, NULL, 3329),
(3285, '', 'default.png', 'Version', 2, NULL, 3329),
(3287, '', '', 'Tail lift', 3, NULL, 3329),
(3289, '', '', 'Neck Height', 4, NULL, 3329),
(3291, '', '', 'Revers sensor', 5, NULL, 3329),
(3293, '', '', 'Front Pulpit', 6, NULL, 3329),
(3295, '', '', 'Rear ladder', 7, NULL, 3329),
(3297, '', '', 'Floor', 8, NULL, 3329),
(3299, '', '', 'Rear underrun', 9, NULL, 3329),
(3301, '', '', 'Landing legs', 10, NULL, 3329);          
INSERT INTO PUBLIC.PRODUCT_FEATURE(ID, DESCRIPTION, IMAGE_PATH, NAME, POSITION, ORDER_FEATURE_ID, PRODUCT_CONFIGURATION_ID) VALUES
(3303, '', '', 'Air tanks', 11, NULL, 3329),
(3305, '', '', 'Side protection', 12, NULL, 3329),
(3307, '', '', 'Mudguards', 13, NULL, 3329),
(3309, '', '', 'Rear buffer', 14, NULL, 3329),
(3311, '', '', 'Rims', 15, NULL, 3329),
(3313, '', '', 'Tires', 16, NULL, 3329),
(3315, '', '', 'Info center', 17, NULL, 3329),
(3317, '', '', 'Breaking system', 18, NULL, 3329),
(3319, '', '', 'Rear lights', 19, NULL, 3329),
(3321, '', '', 'Hubodometer', 20, NULL, 3329),
(3323, '', '', 'Front vertical plate', 21, NULL, 3329),
(3325, '', '', 'Lashing rings', 22, NULL, 3329),
(3327, '', '', 'Ferry rings', 23, NULL, 3329),
(3345, 'distance from ground to king pin plate', 'default.png', '5-th wheel heigth', 0, NULL, 3395),
(3347, 'producer of the axle', 'default.png', 'Axle', 1, NULL, 3395),
(3349, '', 'default.png', 'Version', 2, NULL, 3395),
(3351, '', '', 'Tail lift', 3, NULL, 3395),
(3353, '', '', 'Neck Height', 4, NULL, 3395),
(3355, '', '', 'Revers sensor', 5, NULL, 3395),
(3357, '', '', 'Front Pulpit', 6, NULL, 3395),
(3359, '', '', 'Rear ladder', 7, NULL, 3395),
(3361, '', '', 'Floor', 8, NULL, 3395),
(3363, '', '', 'Rear underrun', 9, NULL, 3395),
(3365, '', '', 'Landing legs', 10, NULL, 3395),
(3367, '', '', 'Air tanks', 11, NULL, 3395),
(3369, '', '', 'Side protection', 12, NULL, 3395),
(3371, '', '', 'Mudguards', 13, NULL, 3395),
(3373, '', '', 'Mudguards logo', 14, NULL, 3395),
(3375, '', '', 'Rear buffer', 15, NULL, 3395),
(3377, '', '', 'Rims', 16, NULL, 3395),
(3379, '', '', 'Tires', 17, NULL, 3395),
(3381, '', '', 'Info center', 18, NULL, 3395),
(3383, '', '', 'Breaking system', 19, NULL, 3395),
(3385, '', '', 'Rear lights', 20, NULL, 3395),
(3387, '', '', 'Hubodometer', 21, NULL, 3395),
(3389, '', '', 'Front vertical plate', 22, NULL, 3395),
(3391, '', '', 'Lashing rings', 23, NULL, 3395),
(3393, '', '', 'Ferry rings', 24, NULL, 3395),
(3451, 'distance from ground to king pin plate', 'default.png', '5-th wheel heigth', 0, NULL, 3499),
(3453, 'producer of the axle', 'default.png', 'Axle', 1, NULL, 3499),
(3455, '', 'default.png', 'Version', 2, NULL, 3499),
(3457, '', '', 'Tail lift', 3, NULL, 3499),
(3459, '', '', 'Neck Height', 4, NULL, 3499),
(3461, '', '', 'Revers sensor', 5, NULL, 3499),
(3463, '', '', 'Front Pulpit', 6, NULL, 3499),
(3465, '', '', 'Rear ladder', 7, NULL, 3499),
(3467, '', '', 'Floor', 8, NULL, 3499),
(3469, '', '', 'Rear underrun', 9, NULL, 3499),
(3471, '', '', 'Landing legs', 10, NULL, 3499),
(3473, '', '', 'Air tanks', 11, NULL, 3499),
(3475, '', '', 'Side protection', 12, NULL, 3499),
(3477, '', '', 'Mudguards', 13, NULL, 3499),
(3479, '', '', 'Rear buffer', 14, NULL, 3499),
(3481, '', '', 'Rims', 15, NULL, 3499),
(3483, '', '', 'Tires', 16, NULL, 3499),
(3485, '', '', 'Info center', 17, NULL, 3499),
(3487, '', '', 'Breaking system', 18, NULL, 3499),
(3489, '', '', 'Rear lights', 19, NULL, 3499),
(3491, '', '', 'Hubodometer', 20, NULL, 3499),
(3493, '', '', 'Front vertical plate', 21, NULL, 3499),
(3495, '', '', 'Lashing rings', 22, NULL, 3499),
(3497, '', '', 'Ferry rings', 23, NULL, 3499),
(3509, 'distance from ground to king pin plate', 'default.png', '5-th wheel heigth', 0, NULL, 3557),
(3511, 'producer of the axle', 'default.png', 'Axle', 1, NULL, 3557),
(3513, '', 'default.png', 'Version', 2, NULL, 3557),
(3515, '', '', 'Tail lift', 3, NULL, 3557),
(3517, '', '', 'Neck Height', 4, NULL, 3557),
(3519, '', '', 'Revers sensor', 5, NULL, 3557),
(3521, '', '', 'Front Pulpit', 6, NULL, 3557),
(3523, '', '', 'Rear ladder', 7, NULL, 3557),
(3525, '', '', 'Floor', 8, NULL, 3557),
(3527, '', '', 'Rear underrun', 9, NULL, 3557),
(3529, '', '', 'Landing legs', 10, NULL, 3557),
(3531, '', '', 'Air tanks', 11, NULL, 3557),
(3533, '', '', 'Side protection', 12, NULL, 3557),
(3535, '', '', 'Mudguards', 13, NULL, 3557),
(3537, '', '', 'Rear buffer', 14, NULL, 3557),
(3539, '', '', 'Rims', 15, NULL, 3557),
(3541, '', '', 'Tires', 16, NULL, 3557),
(3543, '', '', 'Info center', 17, NULL, 3557);   
INSERT INTO PUBLIC.PRODUCT_FEATURE(ID, DESCRIPTION, IMAGE_PATH, NAME, POSITION, ORDER_FEATURE_ID, PRODUCT_CONFIGURATION_ID) VALUES
(3545, '', '', 'Breaking system', 18, NULL, 3557),
(3547, '', '', 'Rear lights', 19, NULL, 3557),
(3549, '', '', 'Hubodometer', 20, NULL, 3557),
(3551, '', '', 'Front vertical plate', 21, NULL, 3557),
(3553, '', '', 'Lashing rings', 22, NULL, 3557),
(3555, '', '', 'Ferry rings', 23, NULL, 3557);    
CREATE CACHED TABLE PUBLIC.PRODUCT_FEATURE_FEATURE(
    PRODUCT_FEATURE_ID BIGINT NOT NULL,
    FEATURE_ID BIGINT NOT NULL
);  
ALTER TABLE PUBLIC.PRODUCT_FEATURE_FEATURE ADD CONSTRAINT PUBLIC.CONSTRAINT_4 PRIMARY KEY(PRODUCT_FEATURE_ID, FEATURE_ID);     
-- 605 +/- SELECT COUNT(*) FROM PUBLIC.PRODUCT_FEATURE_FEATURE;
INSERT INTO PUBLIC.PRODUCT_FEATURE_FEATURE(PRODUCT_FEATURE_ID, FEATURE_ID) VALUES
(12, 3),
(12, 68),
(12, 4),
(90, 94),
(90, 88),
(90, 92),
(105, 97),
(105, 101),
(105, 103),
(105, 108),
(105, 99),
(115, 111),
(115, 113),
(35, 33),
(35, 119),
(35, 41),
(35, 37),
(124, 133),
(124, 122),
(124, 130),
(139, 137),
(139, 146),
(139, 154),
(139, 141),
(139, 150),
(139, 144),
(139, 148),
(139, 152),
(163, 157),
(163, 159),
(163, 165),
(163, 161),
(170, 168),
(180, 172),
(180, 176),
(180, 178),
(180, 174),
(186, 184),
(186, 182),
(194, 192),
(194, 190),
(194, 188),
(210, 208),
(210, 206),
(204, 196),
(204, 202),
(204, 200),
(204, 198),
(217, 215),
(217, 213),
(223, 221),
(223, 219),
(229, 225),
(229, 227),
(251, 245),
(251, 233),
(251, 237),
(251, 235),
(251, 249),
(251, 239),
(251, 231),
(251, 247),
(251, 243),
(251, 241),
(328, 324),
(328, 326),
(357, 353),
(357, 359),
(357, 355),
(379, 377),
(379, 375),
(370, 368),
(370, 366),
(370, 372),
(370, 364),
(370, 381),
(669, 2),
(669, 1),
(757, 3),
(757, 68),
(757, 4),
(759, 24),
(763, 84),
(765, 88),
(767, 97),
(767, 101),
(767, 103),
(767, 108),
(767, 99),
(769, 111),
(769, 113),
(771, 133),
(771, 122),
(771, 130),
(773, 137),
(773, 154),
(773, 141),
(773, 150),
(773, 144),
(773, 148),
(773, 152),
(775, 157),
(775, 159),
(775, 161),
(777, 168),
(779, 172),
(779, 176),
(779, 178),
(781, 184),
(783, 192),
(783, 190),
(783, 188),
(785, 202),
(785, 200),
(787, 208),
(787, 206),
(789, 215),
(789, 213),
(791, 221),
(791, 219),
(793, 225),
(793, 227),
(795, 231),
(795, 245),
(795, 233),
(795, 249),
(795, 239),
(795, 235),
(795, 247),
(795, 243),
(795, 241),
(795, 237),
(797, 324),
(797, 326),
(799, 353),
(799, 359),
(799, 355),
(801, 368),
(801, 366),
(801, 372),
(801, 364),
(801, 381),
(803, 377),
(803, 375),
(755, 1),
(73, 71),
(73, 84),
(761, 119),
(987, 4),
(989, 24),
(991, 119),
(993, 71),
(995, 88),
(997, 97),
(997, 101),
(997, 103),
(997, 108),
(997, 99),
(999, 111),
(999, 113),
(1001, 133),
(1001, 122),
(1001, 130),
(1003, 137),
(1003, 141),
(1003, 150),
(1003, 152),
(1005, 157),
(1005, 159),
(1005, 165),
(1005, 161),
(1007, 168),
(1009, 172),
(1009, 176),
(1009, 178),
(1011, 184),
(1011, 182),
(1013, 192),
(1013, 190),
(1013, 188),
(1015, 196),
(1015, 202),
(1017, 208),
(1017, 206),
(1019, 215),
(1019, 213),
(1021, 221),
(1021, 219),
(1023, 225),
(1023, 227),
(1025, 231),
(1025, 233),
(1025, 239),
(1025, 235),
(1025, 237),
(1027, 324),
(1027, 326),
(1029, 353),
(1029, 359),
(1029, 355),
(1031, 368),
(1031, 366),
(1031, 372),
(1031, 364),
(1031, 381),
(1033, 377),
(1033, 375),
(1035, 1),
(1218, 1),
(1220, 3),
(1224, 119),
(1226, 84),
(1228, 88),
(1230, 97),
(1230, 101),
(1230, 103),
(1230, 108),
(1230, 99),
(1232, 111),
(1232, 113),
(1234, 133),
(1234, 122),
(1234, 130),
(1236, 137),
(1236, 141),
(1236, 150),
(1236, 144),
(1236, 152),
(1238, 157),
(1238, 159),
(1238, 161),
(1240, 168),
(1242, 172),
(1242, 176),
(1242, 178),
(1244, 184),
(1248, 208),
(1248, 206),
(1250, 215),
(1250, 213),
(1252, 221),
(1252, 219),
(1254, 225),
(1254, 227),
(1256, 231),
(1256, 233),
(1256, 239),
(1256, 235),
(1256, 237),
(1258, 324),
(1258, 326),
(1260, 353),
(1262, 372),
(1264, 377),
(1264, 375),
(1222, 1281),
(11, 2),
(11, 1),
(3100, 1),
(3102, 4),
(3104, 3097),
(3106, 33),
(3106, 41),
(3108, 71),
(3110, 88),
(3112, 97),
(3112, 101),
(3112, 103),
(3112, 108),
(3112, 99),
(3114, 111),
(3114, 113),
(3116, 133),
(3116, 122),
(3116, 130),
(3118, 144),
(3120, 157),
(3120, 159),
(3120, 165),
(3120, 161),
(3122, 168),
(3124, 172),
(3124, 176),
(3124, 178),
(3126, 184),
(3126, 182),
(3128, 192),
(3128, 190),
(3128, 188),
(3130, 202),
(3132, 208),
(3132, 206),
(3134, 215),
(3134, 213),
(3136, 221),
(3136, 219),
(3138, 225),
(3138, 227),
(3140, 237),
(3142, 324),
(3142, 326),
(3146, 368),
(3146, 366),
(3146, 372),
(3146, 364),
(3146, 381),
(3148, 377),
(3148, 375),
(3144, 353),
(3144, 355),
(1246, 202),
(1246, 200),
(1246, 198),
(3222, 1),
(3224, 3),
(3228, 119),
(3230, 84),
(3232, 88),
(3234, 97),
(3234, 101),
(3234, 103),
(3234, 108),
(3234, 99),
(3236, 111),
(3236, 113),
(3238, 133),
(3238, 122),
(3238, 130);          
INSERT INTO PUBLIC.PRODUCT_FEATURE_FEATURE(PRODUCT_FEATURE_ID, FEATURE_ID) VALUES
(3240, 137),
(3240, 141),
(3240, 150),
(3240, 144),
(3240, 152),
(3242, 157),
(3242, 159),
(3242, 161),
(3244, 168),
(3246, 172),
(3246, 176),
(3246, 178),
(3248, 184),
(3252, 208),
(3252, 206),
(3254, 215),
(3254, 213),
(3256, 221),
(3256, 219),
(3258, 225),
(3258, 227),
(3260, 231),
(3260, 233),
(3260, 239),
(3260, 235),
(3260, 237),
(3262, 324),
(3262, 326),
(3264, 353),
(3266, 372),
(3268, 377),
(3268, 375),
(3250, 196),
(3250, 202),
(3226, 3276),
(3281, 1),
(3283, 4),
(3287, 119),
(3289, 71),
(3291, 88),
(3293, 97),
(3293, 101),
(3293, 103),
(3293, 108),
(3293, 99),
(3295, 111),
(3295, 113),
(3297, 133),
(3297, 122),
(3297, 130),
(3301, 157),
(3301, 159),
(3301, 165),
(3301, 161),
(3303, 168),
(3307, 184),
(3307, 182),
(3309, 196),
(3309, 202),
(3311, 208),
(3311, 206),
(3313, 215),
(3313, 213),
(3315, 221),
(3315, 219),
(3317, 225),
(3317, 227),
(3319, 231),
(3319, 233),
(3319, 239),
(3319, 235),
(3319, 237),
(3321, 324),
(3321, 326),
(3323, 353),
(3323, 359),
(3323, 355),
(3325, 368),
(3325, 366),
(3325, 372),
(3325, 364),
(3325, 381),
(3327, 377),
(3327, 375),
(3285, 3332),
(3299, 146),
(3299, 141),
(3305, 174),
(3345, 1),
(3347, 4),
(3351, 119),
(3353, 71),
(3355, 88),
(3355, 92),
(3357, 97),
(3357, 101),
(3357, 103),
(3357, 108),
(3357, 99),
(3359, 111),
(3359, 113),
(3361, 133),
(3361, 122),
(3361, 130),
(3363, 137),
(3363, 141),
(3363, 152),
(3365, 157),
(3365, 159),
(3365, 165),
(3365, 161),
(3367, 168),
(3369, 172),
(3369, 176),
(3369, 178),
(3371, 184),
(3371, 182),
(3373, 192),
(3373, 190),
(3373, 188),
(3375, 196),
(3375, 202),
(3375, 200),
(3375, 198),
(3377, 208),
(3377, 206),
(3379, 215),
(3379, 213),
(3381, 221),
(3381, 219),
(3383, 225),
(3383, 227),
(3385, 231),
(3385, 245),
(3385, 233),
(3385, 249),
(3385, 239),
(3385, 235),
(3385, 247),
(3385, 243),
(3385, 241),
(3385, 237),
(3387, 324),
(3387, 326),
(3389, 353),
(3389, 355),
(3391, 368),
(3391, 366),
(3391, 372),
(3391, 364),
(3391, 381),
(3393, 377),
(3393, 375),
(3349, 3423),
(3451, 1),
(3457, 119),
(3459, 71),
(3461, 88),
(3463, 97),
(3463, 101),
(3463, 103),
(3463, 108),
(3463, 99),
(3465, 111),
(3465, 113),
(3467, 133),
(3467, 122),
(3467, 130),
(3469, 137),
(3469, 141),
(3469, 150),
(3469, 152),
(3471, 157),
(3471, 159),
(3471, 165),
(3471, 161),
(3473, 168),
(3475, 172),
(3475, 176),
(3475, 178),
(3477, 184),
(3477, 182),
(3479, 196),
(3479, 202),
(3481, 208),
(3481, 206),
(3483, 215),
(3483, 213),
(3485, 221),
(3485, 219),
(3487, 225),
(3487, 227),
(3489, 231),
(3489, 233),
(3489, 239),
(3489, 235),
(3489, 237),
(3491, 324),
(3491, 326),
(3493, 353),
(3493, 359),
(3493, 355),
(3495, 368),
(3495, 366),
(3495, 372),
(3495, 364),
(3495, 381),
(3497, 377),
(3497, 375),
(3453, 3),
(3455, 3502),
(3509, 1),
(3515, 119),
(3517, 71),
(3519, 88),
(3521, 97),
(3521, 101),
(3521, 103),
(3521, 108),
(3521, 99),
(3523, 111),
(3523, 113),
(3525, 133),
(3525, 122),
(3525, 130),
(3527, 137),
(3527, 141),
(3527, 150),
(3527, 152),
(3529, 157),
(3529, 159),
(3529, 165),
(3529, 161),
(3531, 168),
(3533, 172),
(3533, 176),
(3533, 178),
(3535, 184),
(3535, 182),
(3537, 196),
(3537, 202),
(3539, 208),
(3539, 206),
(3541, 215),
(3541, 213),
(3543, 221),
(3543, 219),
(3545, 225),
(3545, 227),
(3547, 231),
(3547, 233),
(3547, 239),
(3547, 235),
(3547, 237),
(3549, 324),
(3549, 326),
(3551, 353),
(3551, 359),
(3551, 355),
(3553, 368),
(3553, 366),
(3553, 372),
(3553, 364),
(3553, 381),
(3555, 377),
(3555, 375),
(13, 3332),
(13, 3560),
(13, 3276),
(13, 27),
(13, 3097),
(13, 24),
(13, 3423),
(13, 1281),
(13, 3502),
(3511, 68),
(3513, 3560);     
CREATE CACHED TABLE PUBLIC.PROJECT(
    ID BIGINT NOT NULL,
    DESCRIPTION VARCHAR(255),
    PROJECT_NAME VARCHAR(255),
    USER_ID BIGINT
); 
ALTER TABLE PUBLIC.PROJECT ADD CONSTRAINT PUBLIC.CONSTRAINT_18 PRIMARY KEY(ID);
-- 1 +/- SELECT COUNT(*) FROM PUBLIC.PROJECT;  
INSERT INTO PUBLIC.PROJECT(ID, DESCRIPTION, PROJECT_NAME, USER_ID) VALUES
(1, 'make drawings5', 'documentation', 114);         
CREATE CACHED TABLE PUBLIC.PROJECT_AUD(
    ID BIGINT NOT NULL,
    REV INTEGER NOT NULL,
    REVTYPE TINYINT,
    DESCRIPTION VARCHAR(255),
    PROJECT_NAME VARCHAR(255),
    USER_ID BIGINT
);              
ALTER TABLE PUBLIC.PROJECT_AUD ADD CONSTRAINT PUBLIC.CONSTRAINT_48 PRIMARY KEY(ID, REV);       
-- 1 +/- SELECT COUNT(*) FROM PUBLIC.PROJECT_AUD;              
INSERT INTO PUBLIC.PROJECT_AUD(ID, REV, REVTYPE, DESCRIPTION, PROJECT_NAME, USER_ID) VALUES
(1, 1514, 1, 'make drawings5', 'documentation', 114);              
CREATE CACHED TABLE PUBLIC.PROJECT_USERS(
    PROJECT_ID BIGINT NOT NULL,
    USERS_ID BIGINT NOT NULL
);      
ALTER TABLE PUBLIC.PROJECT_USERS ADD CONSTRAINT PUBLIC.CONSTRAINT_B8 PRIMARY KEY(PROJECT_ID, USERS_ID);        
-- 0 +/- SELECT COUNT(*) FROM PUBLIC.PROJECT_USERS;            
CREATE CACHED TABLE PUBLIC.PROJECT_USERS_AUD(
    REV INTEGER NOT NULL,
    PROJECT_ID BIGINT NOT NULL,
    USERS_ID BIGINT NOT NULL,
    REVTYPE TINYINT
);   
ALTER TABLE PUBLIC.PROJECT_USERS_AUD ADD CONSTRAINT PUBLIC.CONSTRAINT_5 PRIMARY KEY(REV, PROJECT_ID, USERS_ID);
-- 0 +/- SELECT COUNT(*) FROM PUBLIC.PROJECT_USERS_AUD;        
CREATE CACHED TABLE PUBLIC.PROJECT_PARTICIPANTS(
    ID BIGINT NOT NULL,
    USER_ID BIGINT
); 
ALTER TABLE PUBLIC.PROJECT_PARTICIPANTS ADD CONSTRAINT PUBLIC.CONSTRAINT_41 PRIMARY KEY(ID);   
-- 0 +/- SELECT COUNT(*) FROM PUBLIC.PROJECT_PARTICIPANTS;     
CREATE CACHED TABLE PUBLIC.REVINFO(
    ID INTEGER NOT NULL,
    TIMESTAMP BIGINT NOT NULL,
    USERNAME VARCHAR(255)
);       
ALTER TABLE PUBLIC.REVINFO ADD CONSTRAINT PUBLIC.CONSTRAINT_6C PRIMARY KEY(ID);
-- 2096 +/- SELECT COUNT(*) FROM PUBLIC.REVINFO;               
INSERT INTO PUBLIC.REVINFO(ID, TIMESTAMP, USERNAME) VALUES
(2, 1577397688420, 'uuu'),
(3, 1577397693231, 'uuu'),
(5, 1577397702910, 'uuu'),
(6, 1577397709700, 'uuu'),
(7, 1577397721458, 'uuu'),
(9, 1577397920510, 'uuu'),
(10, 1577397920529, 'uuu'),
(11, 1577397920538, 'uuu'),
(12, 1577397929820, 'uuu'),
(13, 1577397934670, 'uuu'),
(15, 1577397974124, 'uuu'),
(17, 1577397974134, 'uuu'),
(19, 1577397974151, 'uuu'),
(20, 1577397992279, 'uuu'),
(22, 1577398681908, 'uuu'),
(23, 1577398691662, 'uuu'),
(25, 1577398701418, 'uuu'),
(26, 1577398708032, 'uuu'),
(28, 1577398728058, 'uuu'),
(29, 1577398732759, 'uuu'),
(30, 1577398737896, 'uuu'),
(31, 1577398754878, 'uuu'),
(32, 1577398756533, 'uuu'),
(34, 1577399889119, 'uuu'),
(36, 1577401338995, 'uuu'),
(38, 1577401371439, 'uuu'),
(39, 1577401376382, 'uuu'),
(40, 1577401691456, 'uuu'),
(42, 1577401711200, 'uuu'),
(43, 1577401715908, 'uuu'),
(44, 1577401729403, 'uuu'),
(45, 1577401729418, 'uuu'),
(46, 1577401729425, 'uuu'),
(47, 1577401729433, 'uuu'),
(48, 1577401729439, 'uuu'),
(49, 1577401729450, 'uuu'),
(50, 1577401729457, 'uuu'),
(51, 1577401735063, 'uuu'),
(52, 1577401737801, 'uuu'),
(54, 1577401766675, 'uuu'),
(56, 1577401766683, 'uuu'),
(58, 1577401766694, 'uuu'),
(60, 1577401766707, 'uuu'),
(62, 1577401766728, 'uuu'),
(63, 1577475006413, 'uuu'),
(64, 1577475033424, 'uuu'),
(65, 1577475077077, 'uuu'),
(66, 1577475094474, 'uuu'),
(67, 1577475149424, 'uuu'),
(69, 1577475170391, 'uuu'),
(70, 1577475175192, 'uuu'),
(72, 1577475267741, 'uuu'),
(74, 1577475275717, 'uuu'),
(75, 1577475289151, 'uuu'),
(76, 1577475289168, 'uuu'),
(77, 1577475289176, 'uuu'),
(78, 1577475289184, 'uuu'),
(79, 1577475289191, 'uuu'),
(80, 1577475289197, 'uuu'),
(81, 1577475293432, 'uuu'),
(82, 1577475295431, 'uuu'),
(83, 1577475298435, 'uuu'),
(85, 1577475330962, 'uuu'),
(86, 1577475336569, 'uuu'),
(87, 1577475358773, 'uuu'),
(89, 1577475461091, 'uuu'),
(91, 1577475508085, 'uuu'),
(93, 1577475525764, 'uuu'),
(95, 1577475555598, 'uuu'),
(96, 1577475562229, 'uuu'),
(98, 1577475644436, 'uuu'),
(100, 1577475680275, 'uuu'),
(102, 1577475713556, 'uuu'),
(104, 1577475732183, 'uuu'),
(106, 1577475750705, 'uuu'),
(107, 1577475770586, 'uuu'),
(109, 1577475814365, 'uuu'),
(110, 1577475846797, 'uuu'),
(112, 1577475965058, 'uuu'),
(114, 1577475984945, 'uuu'),
(116, 1577476357539, 'uuu'),
(117, 1577476364631, 'uuu'),
(118, 1577476383408, 'uuu'),
(120, 1577476424861, 'uuu'),
(121, 1577476433508, 'uuu'),
(123, 1577486513592, 'uuu'),
(125, 1577486524673, 'uuu'),
(126, 1577486681708, 'uuu'),
(127, 1577486711325, 'uuu'),
(128, 1577486745437, 'uuu'),
(129, 1577486752476, 'uuu'),
(131, 1577486787208, 'uuu'),
(132, 1577486795358, 'uuu'),
(134, 1577487043872, 'uuu'),
(135, 1577487049082, 'uuu'),
(136, 1577487265460, 'uuu'),
(138, 1577487375684, 'uuu'),
(140, 1577487385367, 'uuu'),
(142, 1577487406408, 'uuu'),
(143, 1577487411792, 'uuu'),
(145, 1577487496907, 'uuu'),
(147, 1577487526941, 'uuu'),
(149, 1577487566105, 'uuu'),
(151, 1577487601115, 'uuu'),
(153, 1577487625187, 'uuu'),
(155, 1577487655598, 'uuu'),
(156, 1577487672224, 'uuu'),
(158, 1577487779204, 'uuu'),
(160, 1577487806734, 'uuu'),
(162, 1577487830568, 'uuu'),
(164, 1577487848286, 'uuu'),
(166, 1577487865454, 'uuu'),
(167, 1577487872411, 'uuu'),
(169, 1577487988432, 'uuu'),
(171, 1577488000891, 'uuu'),
(173, 1577488068216, 'uuu'),
(175, 1577488148216, 'uuu'),
(177, 1577488351810, 'uuu'),
(179, 1577488366425, 'uuu'),
(181, 1577488393579, 'uuu'),
(183, 1577488614959, 'uuu'),
(185, 1577488625324, 'uuu'),
(187, 1577488635686, 'uuu'),
(189, 1577488648679, 'uuu'),
(191, 1577488661834, 'uuu'),
(193, 1577488723940, 'uuu'),
(195, 1577488734286, 'uuu'),
(197, 1577488797971, 'uuu'),
(199, 1577488835149, 'uuu'),
(201, 1577488879593, 'uuu'),
(203, 1577488895670, 'uuu'),
(205, 1577488905456, 'uuu'),
(207, 1577488956933, 'uuu'),
(209, 1577488966436, 'uuu'),
(211, 1577488978130, 'uuu'),
(212, 1577488984719, 'uuu'),
(214, 1577489033449, 'uuu'),
(216, 1577489055939, 'uuu'),
(218, 1577489065012, 'uuu'),
(220, 1577489097475, 'uuu'),
(222, 1577489110507, 'uuu'),
(224, 1577489121116, 'uuu');            
INSERT INTO PUBLIC.REVINFO(ID, TIMESTAMP, USERNAME) VALUES
(226, 1577489153818, 'uuu'),
(228, 1577489169578, 'uuu'),
(230, 1577489204609, 'uuu'),
(232, 1577489264134, 'uuu'),
(234, 1577489293035, 'uuu'),
(236, 1577489321627, 'uuu'),
(238, 1577489355776, 'uuu'),
(240, 1577489387968, 'uuu'),
(242, 1577489418609, 'uuu'),
(244, 1577489437133, 'uuu'),
(246, 1577489454054, 'uuu'),
(248, 1577489471032, 'uuu'),
(250, 1577489504962, 'uuu'),
(252, 1577489527418, 'uuu'),
(253, 1577489554417, 'uuu'),
(254, 1577489554433, 'uuu'),
(255, 1577489554438, 'uuu'),
(256, 1577489554443, 'uuu'),
(257, 1577489554449, 'uuu'),
(258, 1577489554453, 'uuu'),
(259, 1577489554459, 'uuu'),
(260, 1577489554463, 'uuu'),
(261, 1577489554467, 'uuu'),
(262, 1577489554472, 'uuu'),
(263, 1577489554476, 'uuu'),
(264, 1577489554481, 'uuu'),
(265, 1577489554485, 'uuu'),
(266, 1577489554490, 'uuu'),
(267, 1577489554495, 'uuu'),
(268, 1577489554500, 'uuu'),
(269, 1577489554504, 'uuu'),
(270, 1577489554508, 'uuu'),
(271, 1577489554513, 'uuu'),
(273, 1577489569879, 'uuu'),
(275, 1577489569884, 'uuu'),
(277, 1577489569891, 'uuu'),
(279, 1577489569899, 'uuu'),
(281, 1577489569906, 'uuu'),
(283, 1577489569913, 'uuu'),
(285, 1577489569920, 'uuu'),
(287, 1577489569927, 'uuu'),
(289, 1577489569934, 'uuu'),
(291, 1577489569940, 'uuu'),
(293, 1577489569947, 'uuu'),
(295, 1577489569954, 'uuu'),
(297, 1577489569961, 'uuu'),
(299, 1577489569967, 'uuu'),
(301, 1577489569972, 'uuu'),
(303, 1577489569979, 'uuu'),
(305, 1577489569986, 'uuu'),
(307, 1577489569991, 'uuu'),
(309, 1577489569997, 'uuu'),
(311, 1577489570003, 'uuu'),
(313, 1577489570010, 'uuu'),
(315, 1577489570032, 'uuu'),
(316, 1577489629947, 'uuu'),
(317, 1577521685493, 'uuu'),
(318, 1577521799089, 'uuu'),
(319, 1577521811357, 'uuu'),
(320, 1577521827754, 'uuu'),
(321, 1577524056289, 'uuu'),
(322, 1577524059359, 'uuu'),
(323, 1577524134062, 'uuu'),
(325, 1577524290272, 'uuu'),
(327, 1577524315161, 'uuu'),
(329, 1577524339273, 'uuu'),
(330, 1577524366076, 'uuu'),
(331, 1577524366095, 'uuu'),
(332, 1577524366111, 'uuu'),
(333, 1577524366126, 'uuu'),
(334, 1577524366141, 'uuu'),
(335, 1577524366154, 'uuu'),
(336, 1577524366165, 'uuu'),
(337, 1577524366207, 'uuu'),
(338, 1577524366215, 'uuu'),
(339, 1577524366222, 'uuu'),
(340, 1577524366231, 'uuu'),
(341, 1577524366240, 'uuu'),
(342, 1577524366248, 'uuu'),
(343, 1577524366255, 'uuu'),
(344, 1577524366262, 'uuu'),
(345, 1577524366271, 'uuu'),
(346, 1577524366278, 'uuu'),
(347, 1577524366285, 'uuu'),
(348, 1577524366292, 'uuu'),
(349, 1577524366300, 'uuu'),
(350, 1577524366306, 'uuu'),
(351, 1577524366312, 'uuu'),
(352, 1577524366318, 'uuu'),
(354, 1577525003776, 'uuu'),
(356, 1577525077556, 'uuu'),
(358, 1577525100695, 'uuu'),
(360, 1577525166951, 'uuu'),
(361, 1577525361068, 'uuu'),
(362, 1577526180471, 'uuu'),
(363, 1577526199018, 'uuu'),
(365, 1577527185385, 'uuu'),
(367, 1577527220064, 'uuu'),
(369, 1577527248835, 'uuu'),
(371, 1577527267114, 'uuu'),
(373, 1577527292825, 'uuu'),
(374, 1577527299958, 'uuu'),
(376, 1577527366559, 'uuu'),
(378, 1577527386943, 'uuu'),
(380, 1577527397692, 'uuu'),
(382, 1577527527844, 'uuu'),
(383, 1577527539335, 'uuu'),
(384, 1577527658891, 'uuu'),
(385, 1577527658997, 'uuu'),
(386, 1577527659005, 'uuu'),
(387, 1577528189669, 'uuu'),
(388, 1577528189705, 'uuu'),
(389, 1577528189715, 'uuu'),
(390, 1577528189723, 'uuu'),
(391, 1577528296968, 'uuu'),
(392, 1577529244006, 'uuu'),
(393, 1577559272476, 'uuu'),
(394, 1577559284564, 'uuu'),
(395, 1577559779883, 'uuu'),
(399, 1577560773030, 'uuu'),
(400, 1577560789615, 'uuu'),
(401, 1577560789684, 'uuu'),
(402, 1577560789700, 'uuu'),
(403, 1577560789715, 'uuu'),
(404, 1577560789729, 'uuu'),
(405, 1577560789741, 'uuu'),
(406, 1577560789751, 'uuu'),
(407, 1577560789762, 'uuu'),
(408, 1577560789778, 'uuu'),
(409, 1577560789790, 'uuu'),
(410, 1577560789799, 'uuu'),
(411, 1577560789810, 'uuu'),
(412, 1577560789819, 'uuu'),
(413, 1577560789830, 'uuu'),
(414, 1577560789839, 'uuu'),
(415, 1577560789849, 'uuu'),
(416, 1577560789860, 'uuu'),
(417, 1577560789868, 'uuu'),
(418, 1577560789877, 'uuu'),
(419, 1577560789885, 'uuu');         
INSERT INTO PUBLIC.REVINFO(ID, TIMESTAMP, USERNAME) VALUES
(420, 1577560789891, 'uuu'),
(421, 1577560789898, 'uuu'),
(422, 1577560789907, 'uuu'),
(423, 1577560789915, 'uuu'),
(424, 1577560789924, 'uuu'),
(425, 1577560789932, 'uuu'),
(426, 1577560809055, 'uuu'),
(427, 1577560822930, 'uuu'),
(428, 1577560823004, 'uuu'),
(429, 1577560823017, 'uuu'),
(430, 1577560823033, 'uuu'),
(431, 1577560823054, 'uuu'),
(432, 1577560823074, 'uuu'),
(433, 1577560823087, 'uuu'),
(434, 1577560823094, 'uuu'),
(435, 1577560823100, 'uuu'),
(436, 1577560823112, 'uuu'),
(437, 1577560823128, 'uuu'),
(438, 1577560823148, 'uuu'),
(439, 1577560823164, 'uuu'),
(440, 1577560823175, 'uuu'),
(441, 1577560823182, 'uuu'),
(442, 1577560823189, 'uuu'),
(443, 1577560823195, 'uuu'),
(444, 1577560823202, 'uuu'),
(445, 1577560823212, 'uuu'),
(446, 1577560823230, 'uuu'),
(447, 1577560823240, 'uuu'),
(448, 1577560823254, 'uuu'),
(449, 1577560823261, 'uuu'),
(450, 1577560823278, 'uuu'),
(451, 1577560823300, 'uuu'),
(452, 1577561026223, 'uuu'),
(453, 1577561785330, 'uuu'),
(454, 1577561785452, 'uuu'),
(455, 1577561785476, 'uuu'),
(456, 1577561785497, 'uuu'),
(457, 1577561785516, 'uuu'),
(458, 1577561785531, 'uuu'),
(459, 1577561785546, 'uuu'),
(460, 1577561785560, 'uuu'),
(461, 1577561785572, 'uuu'),
(462, 1577561785583, 'uuu'),
(463, 1577561785594, 'uuu'),
(464, 1577561785605, 'uuu'),
(465, 1577561785616, 'uuu'),
(466, 1577561785627, 'uuu'),
(467, 1577561785638, 'uuu'),
(468, 1577561785649, 'uuu'),
(469, 1577561785659, 'uuu'),
(470, 1577561785669, 'uuu'),
(471, 1577561785679, 'uuu'),
(472, 1577561785692, 'uuu'),
(473, 1577561785701, 'uuu'),
(474, 1577561785709, 'uuu'),
(475, 1577561785718, 'uuu'),
(476, 1577561785728, 'uuu'),
(477, 1577561785737, 'uuu'),
(478, 1577561785745, 'uuu'),
(479, 1577561791912, 'uuu'),
(480, 1577561791954, 'uuu'),
(481, 1577561791966, 'uuu'),
(482, 1577561791983, 'uuu'),
(483, 1577561791992, 'uuu'),
(484, 1577561804007, 'uuu'),
(485, 1577561808616, 'uuu'),
(486, 1577561820707, 'uuu'),
(487, 1577562896259, 'uuu'),
(488, 1577562896309, 'uuu'),
(489, 1577562896318, 'uuu'),
(491, 1577562909174, 'uuu'),
(492, 1577563053662, 'uuu'),
(493, 1577563108504, 'uuu'),
(494, 1577563108564, 'uuu'),
(495, 1577563108580, 'uuu'),
(496, 1577563108597, 'uuu'),
(497, 1577563108616, 'uuu'),
(498, 1577563108634, 'uuu'),
(499, 1577563108646, 'uuu'),
(500, 1577563108659, 'uuu'),
(501, 1577563108677, 'uuu'),
(502, 1577563108687, 'uuu'),
(503, 1577563108697, 'uuu'),
(504, 1577563108705, 'uuu'),
(505, 1577563108713, 'uuu'),
(506, 1577563108720, 'uuu'),
(507, 1577563108726, 'uuu'),
(508, 1577563108733, 'uuu'),
(509, 1577563108741, 'uuu'),
(510, 1577563108747, 'uuu'),
(511, 1577563108753, 'uuu'),
(512, 1577563108760, 'uuu'),
(513, 1577563108768, 'uuu'),
(514, 1577563108775, 'uuu'),
(515, 1577563108780, 'uuu'),
(516, 1577563108787, 'uuu'),
(517, 1577563108796, 'uuu'),
(518, 1577563108805, 'uuu'),
(519, 1577563108816, 'uuu'),
(520, 1577563108824, 'uuu'),
(521, 1577563108831, 'uuu'),
(522, 1577563108840, 'uuu'),
(523, 1577563108850, 'uuu'),
(524, 1577563108857, 'uuu'),
(525, 1577563108866, 'uuu'),
(526, 1577563108871, 'uuu'),
(527, 1577563108878, 'uuu'),
(528, 1577563108885, 'uuu'),
(529, 1577563108892, 'uuu'),
(530, 1577563108899, 'uuu'),
(531, 1577563108906, 'uuu'),
(532, 1577563108916, 'uuu'),
(533, 1577563108924, 'uuu'),
(534, 1577563108932, 'uuu'),
(535, 1577563108939, 'uuu'),
(536, 1577563108949, 'uuu'),
(537, 1577563108959, 'uuu'),
(538, 1577563108966, 'uuu'),
(539, 1577563108975, 'uuu'),
(540, 1577563108982, 'uuu'),
(541, 1577563108995, 'uuu'),
(546, 1577563931009, 'uuu'),
(577, 1577563978809, 'uuu'),
(578, 1577563988360, 'uuu'),
(579, 1577563988383, 'uuu'),
(580, 1577564000910, 'uuu'),
(582, 1577564039044, 'uuu'),
(583, 1577564062395, 'uuu'),
(586, 1577564220845, 'uuu'),
(588, 1577564220874, 'uuu'),
(590, 1577564220890, 'uuu'),
(592, 1577564220908, 'uuu'),
(594, 1577564220924, 'uuu'),
(596, 1577564220937, 'uuu'),
(598, 1577564220950, 'uuu'),
(600, 1577564220960, 'uuu'),
(602, 1577564220971, 'uuu'),
(604, 1577564220979, 'uuu'),
(606, 1577564220987, 'uuu'),
(608, 1577564220994, 'uuu');         
INSERT INTO PUBLIC.REVINFO(ID, TIMESTAMP, USERNAME) VALUES
(610, 1577564221002, 'uuu'),
(612, 1577564221009, 'uuu'),
(614, 1577564221016, 'uuu'),
(616, 1577564221022, 'uuu'),
(618, 1577564221030, 'uuu'),
(620, 1577564221037, 'uuu'),
(622, 1577564221044, 'uuu'),
(624, 1577564221049, 'uuu'),
(626, 1577564221055, 'uuu'),
(628, 1577564221064, 'uuu'),
(630, 1577564221072, 'uuu'),
(632, 1577564221080, 'uuu'),
(634, 1577564221088, 'uuu'),
(636, 1577564221104, 'uuu'),
(637, 1577564231974, 'uuu'),
(638, 1577564232020, 'uuu'),
(639, 1577564232025, 'uuu'),
(640, 1577564232030, 'uuu'),
(641, 1577564232036, 'uuu'),
(642, 1577564232047, 'uuu'),
(643, 1577564232058, 'uuu'),
(644, 1577564232063, 'uuu'),
(645, 1577564232070, 'uuu'),
(646, 1577564232078, 'uuu'),
(647, 1577564232084, 'uuu'),
(648, 1577564232091, 'uuu'),
(649, 1577564232096, 'uuu'),
(650, 1577564232104, 'uuu'),
(651, 1577564232110, 'uuu'),
(652, 1577564232115, 'uuu'),
(653, 1577564232120, 'uuu'),
(654, 1577564232125, 'uuu'),
(655, 1577564232130, 'uuu'),
(656, 1577564232135, 'uuu'),
(657, 1577564232141, 'uuu'),
(658, 1577564232146, 'uuu'),
(659, 1577564232152, 'uuu'),
(660, 1577564232158, 'uuu'),
(661, 1577564232163, 'uuu'),
(662, 1577564232169, 'uuu'),
(663, 1577564247187, 'uuu'),
(665, 1577564266403, 'uuu'),
(666, 1577564267823, 'uuu'),
(668, 1577564282077, 'uuu'),
(670, 1577564329853, 'uuu'),
(671, 1577564533932, 'uuu'),
(672, 1577564551034, 'uuu'),
(673, 1577564551074, 'uuu'),
(674, 1577564814882, 'uuu'),
(676, 1577565285209, 'uuu'),
(678, 1577565285244, 'uuu'),
(680, 1577565285263, 'uuu'),
(682, 1577565285291, 'uuu'),
(684, 1577565285311, 'uuu'),
(686, 1577565285333, 'uuu'),
(688, 1577565285356, 'uuu'),
(690, 1577565285374, 'uuu'),
(692, 1577565285386, 'uuu'),
(694, 1577565285403, 'uuu'),
(696, 1577565285423, 'uuu'),
(698, 1577565285439, 'uuu'),
(700, 1577565285451, 'uuu'),
(702, 1577565285466, 'uuu'),
(704, 1577565285480, 'uuu'),
(706, 1577565285496, 'uuu'),
(708, 1577565285514, 'uuu'),
(710, 1577565285527, 'uuu'),
(712, 1577565285542, 'uuu'),
(714, 1577565285557, 'uuu'),
(716, 1577565285576, 'uuu'),
(718, 1577565285594, 'uuu'),
(720, 1577565285610, 'uuu'),
(722, 1577565285625, 'uuu'),
(724, 1577565285643, 'uuu'),
(726, 1577565285680, 'uuu'),
(727, 1577565295072, 'uuu'),
(728, 1577565295124, 'uuu'),
(729, 1577565295130, 'uuu'),
(730, 1577565295135, 'uuu'),
(731, 1577565295140, 'uuu'),
(732, 1577565295144, 'uuu'),
(733, 1577565295149, 'uuu'),
(734, 1577565295155, 'uuu'),
(735, 1577565295159, 'uuu'),
(736, 1577565295165, 'uuu'),
(737, 1577565295170, 'uuu'),
(738, 1577565295175, 'uuu'),
(739, 1577565295178, 'uuu'),
(740, 1577565295184, 'uuu'),
(741, 1577565295192, 'uuu'),
(742, 1577565295198, 'uuu'),
(743, 1577565295204, 'uuu'),
(744, 1577565295210, 'uuu'),
(745, 1577565295222, 'uuu'),
(746, 1577565295227, 'uuu'),
(747, 1577565295234, 'uuu'),
(748, 1577565295239, 'uuu'),
(749, 1577565295243, 'uuu'),
(750, 1577565295249, 'uuu'),
(751, 1577565295256, 'uuu'),
(752, 1577565295261, 'uuu'),
(753, 1577565314444, 'uuu'),
(754, 1577565342251, 'uuu'),
(756, 1577567555811, 'uuu'),
(758, 1577567555854, 'uuu'),
(760, 1577567555879, 'uuu'),
(762, 1577567555902, 'uuu'),
(764, 1577567555931, 'uuu'),
(766, 1577567555954, 'uuu'),
(768, 1577567555979, 'uuu'),
(770, 1577567556002, 'uuu'),
(772, 1577567556020, 'uuu'),
(774, 1577567556040, 'uuu'),
(776, 1577567556063, 'uuu'),
(778, 1577567556075, 'uuu'),
(780, 1577567556091, 'uuu'),
(782, 1577567556109, 'uuu'),
(784, 1577567556124, 'uuu'),
(786, 1577567556142, 'uuu'),
(788, 1577567556157, 'uuu'),
(790, 1577567556176, 'uuu'),
(792, 1577567556189, 'uuu'),
(794, 1577567556203, 'uuu'),
(796, 1577567556220, 'uuu'),
(798, 1577567556242, 'uuu'),
(800, 1577567556257, 'uuu'),
(802, 1577567556274, 'uuu'),
(804, 1577567556291, 'uuu'),
(806, 1577567556348, 'uuu'),
(807, 1577567571426, 'uuu'),
(808, 1577567711470, 'uuu'),
(809, 1577567711477, 'uuu'),
(810, 1577567711487, 'uuu'),
(811, 1577567711492, 'uuu'),
(812, 1577567711500, 'uuu'),
(813, 1577567711505, 'uuu'),
(814, 1577567711509, 'uuu'),
(815, 1577567711517, 'uuu'),
(816, 1577567711521, 'uuu'),
(817, 1577567711525, 'uuu');         
INSERT INTO PUBLIC.REVINFO(ID, TIMESTAMP, USERNAME) VALUES
(818, 1577567711530, 'uuu'),
(819, 1577567711536, 'uuu'),
(820, 1577567711542, 'uuu'),
(821, 1577567711548, 'uuu'),
(822, 1577567711554, 'uuu'),
(823, 1577567711559, 'uuu'),
(824, 1577567711570, 'uuu'),
(825, 1577567711580, 'uuu'),
(826, 1577567711588, 'uuu'),
(827, 1577567711595, 'uuu'),
(828, 1577567711601, 'uuu'),
(829, 1577567711606, 'uuu'),
(830, 1577567711611, 'uuu'),
(831, 1577567711616, 'uuu'),
(832, 1577567711621, 'uuu'),
(833, 1577567711626, 'uuu'),
(834, 1577567711632, 'uuu'),
(835, 1577567774561, 'uuu'),
(836, 1577567774593, 'uuu'),
(837, 1577567774598, 'uuu'),
(838, 1577567795559, 'uuu'),
(839, 1577567802865, 'uuu'),
(841, 1577567817280, 'uuu'),
(843, 1577567817292, 'uuu'),
(845, 1577567817306, 'uuu'),
(847, 1577567817312, 'uuu'),
(849, 1577567817320, 'uuu'),
(851, 1577567817331, 'uuu'),
(853, 1577567817339, 'uuu'),
(855, 1577567817347, 'uuu'),
(857, 1577567817357, 'uuu'),
(859, 1577567817369, 'uuu'),
(861, 1577567817377, 'uuu'),
(863, 1577567817383, 'uuu'),
(865, 1577567817391, 'uuu'),
(867, 1577567817399, 'uuu'),
(869, 1577567817406, 'uuu'),
(871, 1577567817418, 'uuu'),
(873, 1577567817424, 'uuu'),
(875, 1577567817431, 'uuu'),
(877, 1577567817439, 'uuu'),
(879, 1577567817446, 'uuu'),
(881, 1577567817451, 'uuu'),
(883, 1577567817457, 'uuu'),
(885, 1577567817465, 'uuu'),
(887, 1577567817470, 'uuu'),
(889, 1577567817476, 'uuu'),
(891, 1577567817499, 'uuu'),
(893, 1577567825270, 'uuu'),
(895, 1577567825280, 'uuu'),
(897, 1577567825293, 'uuu'),
(899, 1577567825299, 'uuu'),
(901, 1577567825305, 'uuu'),
(903, 1577567825311, 'uuu'),
(905, 1577567825317, 'uuu'),
(907, 1577567825324, 'uuu'),
(909, 1577567825336, 'uuu'),
(911, 1577567825342, 'uuu'),
(913, 1577567825348, 'uuu'),
(915, 1577567825353, 'uuu'),
(917, 1577567825358, 'uuu'),
(919, 1577567825365, 'uuu'),
(921, 1577567825371, 'uuu'),
(923, 1577567825377, 'uuu'),
(925, 1577567825384, 'uuu'),
(927, 1577567825396, 'uuu'),
(929, 1577567825401, 'uuu'),
(931, 1577567825407, 'uuu'),
(933, 1577567825413, 'uuu'),
(935, 1577567825419, 'uuu'),
(937, 1577567825422, 'uuu'),
(939, 1577567825430, 'uuu'),
(941, 1577567825435, 'uuu'),
(943, 1577567825452, 'uuu'),
(944, 1577567839476, 'uuu'),
(945, 1577567841237, 'uuu'),
(946, 1577567842768, 'uuu'),
(947, 1577567890497, 'uuu'),
(948, 1577567890505, 'uuu'),
(949, 1577567890510, 'uuu'),
(950, 1577567890515, 'uuu'),
(951, 1577567890520, 'uuu'),
(952, 1577567890525, 'uuu'),
(953, 1577567890537, 'uuu'),
(954, 1577567890542, 'uuu'),
(955, 1577567890546, 'uuu'),
(956, 1577567890551, 'uuu'),
(957, 1577567890556, 'uuu'),
(958, 1577567890560, 'uuu'),
(959, 1577567890565, 'uuu'),
(960, 1577567890569, 'uuu'),
(961, 1577567890573, 'uuu'),
(962, 1577567890577, 'uuu'),
(963, 1577567890581, 'uuu'),
(964, 1577567890584, 'uuu'),
(965, 1577567890587, 'uuu'),
(966, 1577567890590, 'uuu'),
(967, 1577567890594, 'uuu'),
(968, 1577567890598, 'uuu'),
(969, 1577567890603, 'uuu'),
(970, 1577567890607, 'uuu'),
(971, 1577567890611, 'uuu'),
(972, 1577567890615, 'uuu'),
(973, 1577567890619, 'uuu'),
(974, 1577567899543, 'uuu'),
(975, 1577568972074, 'uuu'),
(976, 1577569318326, 'uuu'),
(978, 1577571822617, 'uuu'),
(980, 1577572065605, 'uuu'),
(981, 1577572070356, 'uuu'),
(982, 1577572074616, 'uuu'),
(983, 1577573493505, 'uuu'),
(984, 1577573794577, 'uuu'),
(985, 1577573806315, 'uuu'),
(986, 1577573830951, 'uuu'),
(988, 1577573902970, 'uuu'),
(990, 1577573902993, 'uuu'),
(992, 1577573903022, 'uuu'),
(994, 1577573903043, 'uuu'),
(996, 1577573903056, 'uuu'),
(998, 1577573903073, 'uuu'),
(1000, 1577573903090, 'uuu'),
(1002, 1577573903106, 'uuu'),
(1004, 1577573903124, 'uuu'),
(1006, 1577573903142, 'uuu'),
(1008, 1577573903156, 'uuu'),
(1010, 1577573903170, 'uuu'),
(1012, 1577573903184, 'uuu'),
(1014, 1577573903197, 'uuu'),
(1016, 1577573903209, 'uuu'),
(1018, 1577573903226, 'uuu'),
(1020, 1577573903240, 'uuu'),
(1022, 1577573903264, 'uuu'),
(1024, 1577573903276, 'uuu'),
(1026, 1577573903292, 'uuu'),
(1028, 1577573903309, 'uuu'),
(1030, 1577573903322, 'uuu'),
(1032, 1577573903336, 'uuu'),
(1034, 1577573903350, 'uuu');    
INSERT INTO PUBLIC.REVINFO(ID, TIMESTAMP, USERNAME) VALUES
(1036, 1577573903361, 'uuu'),
(1038, 1577573903407, 'uuu'),
(1039, 1577573930582, 'uuu'),
(1040, 1577573930597, 'uuu'),
(1041, 1577573930603, 'uuu'),
(1042, 1577573930610, 'uuu'),
(1043, 1577573930616, 'uuu'),
(1044, 1577573930621, 'uuu'),
(1045, 1577573930628, 'uuu'),
(1046, 1577573930634, 'uuu'),
(1047, 1577573930639, 'uuu'),
(1048, 1577573930649, 'uuu'),
(1049, 1577573930655, 'uuu'),
(1050, 1577573930661, 'uuu'),
(1051, 1577573930666, 'uuu'),
(1052, 1577573930671, 'uuu'),
(1053, 1577573930676, 'uuu'),
(1054, 1577573930682, 'uuu'),
(1055, 1577573930686, 'uuu'),
(1056, 1577573930692, 'uuu'),
(1057, 1577573930697, 'uuu'),
(1058, 1577573930702, 'uuu'),
(1059, 1577573930707, 'uuu'),
(1060, 1577573930712, 'uuu'),
(1061, 1577573930717, 'uuu'),
(1062, 1577573930722, 'uuu'),
(1063, 1577573930727, 'uuu'),
(1064, 1577573930732, 'uuu'),
(1065, 1577573942863, 'uuu'),
(1066, 1577573971289, 'uuu'),
(1067, 1577573974719, 'uuu'),
(1068, 1577574042609, 'uuu'),
(1069, 1577574048702, 'uuu'),
(1070, 1577574057093, 'uuu'),
(1071, 1577574067107, 'uuu'),
(1072, 1577574077043, 'uuu'),
(1073, 1577574083405, 'uuu'),
(1074, 1577574089993, 'uuu'),
(1075, 1577574098356, 'uuu'),
(1076, 1577574107986, 'uuu'),
(1077, 1577574129569, 'uuu'),
(1078, 1577574152304, 'uuu'),
(1079, 1577574914159, 'uuu'),
(1080, 1577574921134, 'uuu'),
(1082, 1577729671382, 'uuu'),
(1083, 1577729792466, 'uuu'),
(1084, 1577729796815, 'uuu'),
(1085, 1577729805949, 'uuu'),
(1086, 1577729813601, 'uuu'),
(1087, 1577729818483, 'uuu'),
(1088, 1577729837123, 'uuu'),
(1089, 1577729859632, 'uuu'),
(1090, 1577729888536, 'uuu'),
(1091, 1577729896678, 'uuu'),
(1092, 1577729936118, 'uuu'),
(1093, 1577729951903, 'uuu'),
(1094, 1577730043520, 'uuu'),
(1095, 1577730048483, 'uuu'),
(1096, 1577730052997, 'uuu'),
(1097, 1577730057452, 'uuu'),
(1098, 1577730060823, 'uuu'),
(1099, 1577730063514, 'uuu'),
(1100, 1577730066794, 'uuu'),
(1101, 1577730069132, 'uuu'),
(1102, 1577730071734, 'uuu'),
(1103, 1577730073833, 'uuu'),
(1104, 1577730075801, 'uuu'),
(1105, 1577730122343, 'uuu'),
(1106, 1577730145446, 'uuu'),
(1107, 1577730152104, 'uuu'),
(1109, 1577730350752, 'uuu'),
(1111, 1577730350765, 'uuu'),
(1113, 1577730350775, 'uuu'),
(1115, 1577730350785, 'uuu'),
(1117, 1577730350794, 'uuu'),
(1119, 1577730350806, 'uuu'),
(1121, 1577730350816, 'uuu'),
(1123, 1577730350826, 'uuu'),
(1125, 1577730350834, 'uuu'),
(1127, 1577730350842, 'uuu'),
(1129, 1577730350849, 'uuu'),
(1131, 1577730350870, 'uuu'),
(1133, 1577730350888, 'uuu'),
(1135, 1577730350907, 'uuu'),
(1137, 1577730350917, 'uuu'),
(1139, 1577730350925, 'uuu'),
(1141, 1577730350935, 'uuu'),
(1143, 1577730350945, 'uuu'),
(1145, 1577730350955, 'uuu'),
(1147, 1577730350965, 'uuu'),
(1149, 1577730350974, 'uuu'),
(1151, 1577730350983, 'uuu'),
(1153, 1577730350993, 'uuu'),
(1155, 1577730351003, 'uuu'),
(1157, 1577730351012, 'uuu'),
(1159, 1577730351042, 'uuu'),
(1161, 1577730368045, 'uuu'),
(1163, 1577730368060, 'uuu'),
(1165, 1577730368073, 'uuu'),
(1167, 1577730368081, 'uuu'),
(1169, 1577730368089, 'uuu'),
(1171, 1577730368096, 'uuu'),
(1173, 1577730368103, 'uuu'),
(1175, 1577730368111, 'uuu'),
(1177, 1577730368123, 'uuu'),
(1179, 1577730368136, 'uuu'),
(1181, 1577730368143, 'uuu'),
(1183, 1577730368151, 'uuu'),
(1185, 1577730368169, 'uuu'),
(1187, 1577730368175, 'uuu'),
(1189, 1577730368181, 'uuu'),
(1191, 1577730368187, 'uuu'),
(1193, 1577730368194, 'uuu'),
(1195, 1577730368199, 'uuu'),
(1197, 1577730368207, 'uuu'),
(1199, 1577730368212, 'uuu'),
(1201, 1577730368218, 'uuu'),
(1203, 1577730368225, 'uuu'),
(1205, 1577730368229, 'uuu'),
(1207, 1577730368236, 'uuu'),
(1209, 1577730368242, 'uuu'),
(1211, 1577730368260, 'uuu'),
(1212, 1577730664705, 'uuu'),
(1213, 1577730683280, 'uuu'),
(1214, 1577730703809, 'uuu'),
(1215, 1577730770135, 'uuu'),
(1216, 1577730806168, 'uuu'),
(1217, 1577730807769, 'uuu'),
(1219, 1577731399424, 'uuu'),
(1221, 1577731399469, 'uuu'),
(1223, 1577731399499, 'uuu'),
(1225, 1577731399525, 'uuu'),
(1227, 1577731399545, 'uuu'),
(1229, 1577731399561, 'uuu'),
(1231, 1577731399579, 'uuu');   
INSERT INTO PUBLIC.REVINFO(ID, TIMESTAMP, USERNAME) VALUES
(1233, 1577731399596, 'uuu'),
(1235, 1577731399612, 'uuu'),
(1237, 1577731399634, 'uuu'),
(1239, 1577731399654, 'uuu'),
(1241, 1577731399670, 'uuu'),
(1243, 1577731399688, 'uuu'),
(1245, 1577731399705, 'uuu'),
(1247, 1577731399724, 'uuu'),
(1249, 1577731399744, 'uuu'),
(1251, 1577731399760, 'uuu'),
(1253, 1577731399775, 'uuu'),
(1255, 1577731399792, 'uuu'),
(1257, 1577731399812, 'uuu'),
(1259, 1577731399832, 'uuu'),
(1261, 1577731399847, 'uuu'),
(1263, 1577731399864, 'uuu'),
(1265, 1577731399882, 'uuu'),
(1267, 1577731399961, 'uuu'),
(1268, 1577731423109, 'uuu'),
(1269, 1577731423145, 'uuu'),
(1270, 1577731423153, 'uuu'),
(1271, 1577731423158, 'uuu'),
(1272, 1577731423162, 'uuu'),
(1273, 1577731423167, 'uuu'),
(1274, 1577731423172, 'uuu'),
(1275, 1577731423179, 'uuu'),
(1276, 1577731423184, 'uuu'),
(1277, 1577731423193, 'uuu'),
(1278, 1577731423200, 'uuu'),
(1279, 1577731428572, 'uuu'),
(1280, 1577731430077, 'uuu'),
(1282, 1577731653595, 'uuu'),
(1283, 1577731670987, 'uuu'),
(1284, 1577731681096, 'uuu'),
(1285, 1577731846309, 'uuu'),
(1286, 1577731847486, 'uuu'),
(1287, 1577731858269, 'uuu'),
(1288, 1577731908221, 'uuu'),
(1289, 1577731908258, 'uuu'),
(1290, 1577731908265, 'uuu'),
(1291, 1577731908274, 'uuu'),
(1292, 1577731908279, 'uuu'),
(1293, 1577731908287, 'uuu'),
(1294, 1577731908291, 'uuu'),
(1295, 1577731908296, 'uuu'),
(1296, 1577731908302, 'uuu'),
(1297, 1577731908305, 'uuu'),
(1298, 1577731908311, 'uuu'),
(1299, 1577731942781, 'uuu'),
(1300, 1577731944247, 'uuu'),
(1301, 1577731945323, 'uuu'),
(1302, 1577731946383, 'uuu'),
(1303, 1577731947832, 'uuu'),
(1304, 1577731949246, 'uuu'),
(1305, 1577731950387, 'uuu'),
(1306, 1577731951481, 'uuu'),
(1307, 1577731952795, 'uuu'),
(1308, 1577731954598, 'uuu'),
(1309, 1577731955678, 'uuu'),
(1310, 1577731956814, 'uuu'),
(1311, 1577731958015, 'uuu'),
(1312, 1577731959137, 'uuu'),
(1313, 1577731960184, 'uuu'),
(1314, 1577731961436, 'uuu'),
(1315, 1577731962400, 'uuu'),
(1316, 1577731963880, 'uuu'),
(1317, 1577731965687, 'uuu'),
(1318, 1577731967948, 'uuu'),
(1319, 1577731969123, 'uuu'),
(1320, 1577731970327, 'uuu'),
(1321, 1577731971628, 'uuu'),
(1322, 1577731972737, 'uuu'),
(1323, 1577731977126, 'uuu'),
(1325, 1577732138251, 'uuu'),
(1327, 1577732138258, 'uuu'),
(1329, 1577732138265, 'uuu'),
(1331, 1577732138272, 'uuu'),
(1333, 1577732138279, 'uuu'),
(1335, 1577732138286, 'uuu'),
(1337, 1577732138292, 'uuu'),
(1339, 1577732138298, 'uuu'),
(1341, 1577732138304, 'uuu'),
(1343, 1577732138308, 'uuu'),
(1345, 1577732138313, 'uuu'),
(1347, 1577732138318, 'uuu'),
(1349, 1577732138325, 'uuu'),
(1351, 1577732138333, 'uuu'),
(1353, 1577732138340, 'uuu'),
(1355, 1577732138347, 'uuu'),
(1357, 1577732138355, 'uuu'),
(1359, 1577732138362, 'uuu'),
(1361, 1577732138370, 'uuu'),
(1363, 1577732138377, 'uuu'),
(1365, 1577732138386, 'uuu'),
(1367, 1577732138394, 'uuu'),
(1369, 1577732138402, 'uuu'),
(1371, 1577732138409, 'uuu'),
(1373, 1577732138432, 'uuu'),
(1375, 1577732176483, 'uuu'),
(1377, 1577732176491, 'uuu'),
(1379, 1577732176500, 'uuu'),
(1381, 1577732176516, 'uuu'),
(1383, 1577732176522, 'uuu'),
(1385, 1577732176537, 'uuu'),
(1387, 1577732176549, 'uuu'),
(1389, 1577732176557, 'uuu'),
(1391, 1577732176571, 'uuu'),
(1393, 1577732176582, 'uuu'),
(1395, 1577732176587, 'uuu'),
(1397, 1577732176595, 'uuu'),
(1399, 1577732176602, 'uuu'),
(1401, 1577732176609, 'uuu'),
(1403, 1577732176615, 'uuu'),
(1405, 1577732176621, 'uuu'),
(1407, 1577732176627, 'uuu'),
(1409, 1577732176634, 'uuu'),
(1411, 1577732176640, 'uuu'),
(1413, 1577732176647, 'uuu'),
(1415, 1577732176653, 'uuu'),
(1417, 1577732176659, 'uuu'),
(1419, 1577732176666, 'uuu'),
(1421, 1577732176674, 'uuu'),
(1423, 1577732176690, 'uuu'),
(1424, 1577732224900, 'uuu'),
(1426, 1577732250449, 'uuu'),
(1428, 1577732250453, 'uuu'),
(1430, 1577732250457, 'uuu'),
(1432, 1577732250461, 'uuu'),
(1434, 1577732250466, 'uuu'),
(1436, 1577732250471, 'uuu'),
(1438, 1577732250477, 'uuu'),
(1440, 1577732250481, 'uuu'),
(1442, 1577732250487, 'uuu'),
(1444, 1577732250492, 'uuu'),
(1446, 1577732250496, 'uuu');   
INSERT INTO PUBLIC.REVINFO(ID, TIMESTAMP, USERNAME) VALUES
(1448, 1577732250501, 'uuu'),
(1450, 1577732250506, 'uuu'),
(1452, 1577732250511, 'uuu'),
(1454, 1577732250515, 'uuu'),
(1456, 1577732250521, 'uuu'),
(1458, 1577732250527, 'uuu'),
(1460, 1577732250532, 'uuu'),
(1462, 1577732250538, 'uuu'),
(1464, 1577732250545, 'uuu'),
(1466, 1577732250551, 'uuu'),
(1468, 1577732250557, 'uuu'),
(1470, 1577732250563, 'uuu'),
(1472, 1577732250569, 'uuu'),
(1474, 1577732250585, 'uuu'),
(1475, 1577898017536, 'uuu'),
(1507, 1577901627147, 'uuu'),
(1508, 1577967900923, 'uuu'),
(1509, 1577995846793, 'uuu'),
(1510, 1578081857162, 'uuu'),
(1511, 1578081893373, 'uuu'),
(1512, 1578081893392, 'uuu'),
(1513, 1578081893401, 'uuu'),
(1514, 1578083129329, 'uuu'),
(1515, 1578084678012, 'uuu'),
(1516, 1578169276301, 'uuu'),
(1518, 1578169356133, 'uuu'),
(1520, 1578169356167, 'uuu'),
(1522, 1578169356191, 'uuu'),
(1524, 1578169356216, 'uuu'),
(1526, 1578169356234, 'uuu'),
(1528, 1578169356248, 'uuu'),
(1530, 1578169356263, 'uuu'),
(1532, 1578169356281, 'uuu'),
(1534, 1578169356298, 'uuu'),
(1536, 1578169356316, 'uuu'),
(1538, 1578169356329, 'uuu'),
(1540, 1578169356344, 'uuu'),
(1542, 1578169356354, 'uuu'),
(1544, 1578169356364, 'uuu'),
(1546, 1578169356376, 'uuu'),
(1548, 1578169356387, 'uuu'),
(1550, 1578169356399, 'uuu'),
(1552, 1578169356408, 'uuu'),
(1554, 1578169356453, 'uuu'),
(1555, 1578169402688, 'uuu'),
(1557, 1578169587536, 'uuu'),
(1559, 1578169587586, 'uuu'),
(1561, 1578169587609, 'uuu'),
(1563, 1578169587632, 'uuu'),
(1565, 1578169587652, 'uuu'),
(1567, 1578169587669, 'uuu'),
(1569, 1578169587692, 'uuu'),
(1571, 1578169587709, 'uuu'),
(1573, 1578169587721, 'uuu'),
(1575, 1578169587734, 'uuu'),
(1577, 1578169587750, 'uuu'),
(1579, 1578169587765, 'uuu'),
(1581, 1578169587778, 'uuu'),
(1583, 1578169587793, 'uuu'),
(1585, 1578169587805, 'uuu'),
(1587, 1578169587816, 'uuu'),
(1589, 1578169587828, 'uuu'),
(1591, 1578169587839, 'uuu'),
(1593, 1578169587848, 'uuu'),
(1595, 1578169587860, 'uuu'),
(1597, 1578169587871, 'uuu'),
(1599, 1578169587883, 'uuu'),
(1601, 1578169587894, 'uuu'),
(1603, 1578169587905, 'uuu'),
(1605, 1578169587947, 'uuu'),
(1606, 1578169602508, 'uuu'),
(1607, 1578169688080, 'uuu'),
(1608, 1578170325399, 'uuu'),
(1609, 1578170353936, 'uuu'),
(1640, 1578170849756, 'uuu'),
(1642, 1578170926038, 'uuu'),
(1644, 1578170926075, 'uuu'),
(1646, 1578170926097, 'uuu'),
(1648, 1578170926116, 'uuu'),
(1650, 1578170926143, 'uuu'),
(1652, 1578170926159, 'uuu'),
(1654, 1578170926172, 'uuu'),
(1656, 1578170926187, 'uuu'),
(1658, 1578170926201, 'uuu'),
(1660, 1578170926213, 'uuu'),
(1662, 1578170926225, 'uuu'),
(1664, 1578170926238, 'uuu'),
(1666, 1578170926252, 'uuu'),
(1668, 1578170926264, 'uuu'),
(1670, 1578170926277, 'uuu'),
(1672, 1578170926290, 'uuu'),
(1674, 1578170926303, 'uuu'),
(1676, 1578170926314, 'uuu'),
(1678, 1578170926327, 'uuu'),
(1680, 1578170926338, 'uuu'),
(1682, 1578170926350, 'uuu'),
(1684, 1578170926361, 'uuu'),
(1686, 1578170926373, 'uuu'),
(1688, 1578170926385, 'uuu'),
(1690, 1578171735493, 'uuu'),
(1692, 1578171735526, 'uuu'),
(1694, 1578171735548, 'uuu'),
(1696, 1578171735571, 'uuu'),
(1698, 1578171735589, 'uuu'),
(1700, 1578171735600, 'uuu'),
(1702, 1578171735610, 'uuu'),
(1704, 1578171735626, 'uuu'),
(1706, 1578171735637, 'uuu'),
(1708, 1578171735648, 'uuu'),
(1710, 1578171735659, 'uuu'),
(1712, 1578171735670, 'uuu'),
(1714, 1578171735680, 'uuu'),
(1716, 1578171735689, 'uuu'),
(1718, 1578171735701, 'uuu'),
(1720, 1578171735714, 'uuu'),
(1722, 1578171735724, 'uuu'),
(1724, 1578171735732, 'uuu'),
(1726, 1578171735742, 'uuu'),
(1728, 1578171735750, 'uuu'),
(1730, 1578171735761, 'uuu'),
(1732, 1578171735773, 'uuu'),
(1734, 1578171735782, 'uuu'),
(1736, 1578171735793, 'uuu'),
(1738, 1578171748637, 'uuu'),
(1740, 1578171748675, 'uuu'),
(1742, 1578171748685, 'uuu'),
(1744, 1578171748697, 'uuu'),
(1746, 1578171748712, 'uuu'),
(1748, 1578171748732, 'uuu'),
(1750, 1578171748750, 'uuu'),
(1752, 1578171748767, 'uuu'),
(1754, 1578171748784, 'uuu'),
(1756, 1578171748809, 'uuu'),
(1758, 1578171748822, 'uuu'),
(1760, 1578171748833, 'uuu');   
INSERT INTO PUBLIC.REVINFO(ID, TIMESTAMP, USERNAME) VALUES
(1762, 1578171748845, 'uuu'),
(1764, 1578171748856, 'uuu'),
(1766, 1578171748871, 'uuu'),
(1768, 1578171748881, 'uuu'),
(1770, 1578171748890, 'uuu'),
(1772, 1578171748899, 'uuu'),
(1774, 1578171748909, 'uuu'),
(1776, 1578171748918, 'uuu'),
(1778, 1578171748940, 'uuu'),
(1780, 1578171748951, 'uuu'),
(1782, 1578171748960, 'uuu'),
(1784, 1578171748970, 'uuu'),
(1786, 1578171901468, 'uuu'),
(1788, 1578171901513, 'uuu'),
(1790, 1578171901540, 'uuu'),
(1792, 1578171901564, 'uuu'),
(1794, 1578171901587, 'uuu'),
(1796, 1578171901608, 'uuu'),
(1798, 1578171901628, 'uuu'),
(1800, 1578171901647, 'uuu'),
(1802, 1578171901664, 'uuu'),
(1804, 1578171901681, 'uuu'),
(1806, 1578171901698, 'uuu'),
(1808, 1578171901715, 'uuu'),
(1810, 1578171901731, 'uuu'),
(1812, 1578171901746, 'uuu'),
(1814, 1578171901762, 'uuu'),
(1816, 1578171901778, 'uuu'),
(1818, 1578171901793, 'uuu'),
(1820, 1578171901813, 'uuu'),
(1822, 1578171901828, 'uuu'),
(1824, 1578171901841, 'uuu'),
(1826, 1578171901854, 'uuu'),
(1828, 1578171901876, 'uuu'),
(1830, 1578171901895, 'uuu'),
(1832, 1578171901909, 'uuu'),
(1834, 1578171948681, 'uuu'),
(1836, 1578171948736, 'uuu'),
(1838, 1578171948767, 'uuu'),
(1840, 1578171948796, 'uuu'),
(1842, 1578171948823, 'uuu'),
(1844, 1578171948843, 'uuu'),
(1846, 1578171948860, 'uuu'),
(1848, 1578171948876, 'uuu'),
(1850, 1578171948891, 'uuu'),
(1852, 1578171948905, 'uuu'),
(1854, 1578171948920, 'uuu'),
(1856, 1578171948936, 'uuu'),
(1858, 1578171948951, 'uuu'),
(1860, 1578171948965, 'uuu'),
(1862, 1578171948977, 'uuu'),
(1864, 1578171948989, 'uuu'),
(1866, 1578171948999, 'uuu'),
(1868, 1578171949008, 'uuu'),
(1870, 1578171949019, 'uuu'),
(1872, 1578171949030, 'uuu'),
(1874, 1578171949043, 'uuu'),
(1876, 1578171949054, 'uuu'),
(1878, 1578171949067, 'uuu'),
(1880, 1578171949077, 'uuu'),
(1882, 1578171962525, 'uuu'),
(1884, 1578171962537, 'uuu'),
(1886, 1578171962549, 'uuu'),
(1888, 1578171962562, 'uuu'),
(1890, 1578171962572, 'uuu'),
(1892, 1578171962585, 'uuu'),
(1894, 1578171962597, 'uuu'),
(1896, 1578171962609, 'uuu'),
(1898, 1578171962626, 'uuu'),
(1900, 1578171962636, 'uuu'),
(1902, 1578171962647, 'uuu'),
(1904, 1578171962658, 'uuu'),
(1906, 1578171962668, 'uuu'),
(1908, 1578171962678, 'uuu'),
(1910, 1578171962689, 'uuu'),
(1912, 1578171962700, 'uuu'),
(1914, 1578171962709, 'uuu'),
(1916, 1578171962720, 'uuu'),
(1918, 1578171962730, 'uuu'),
(1920, 1578171962740, 'uuu'),
(1922, 1578171962751, 'uuu'),
(1924, 1578171962760, 'uuu'),
(1926, 1578171962769, 'uuu'),
(1928, 1578171962779, 'uuu'),
(1930, 1578172860326, 'uuu'),
(1932, 1578172860372, 'uuu'),
(1934, 1578172860400, 'uuu'),
(1936, 1578172860427, 'uuu'),
(1938, 1578172860453, 'uuu'),
(1940, 1578172860474, 'uuu'),
(1942, 1578172860492, 'uuu'),
(1944, 1578172860510, 'uuu'),
(1946, 1578172860527, 'uuu'),
(1948, 1578172860545, 'uuu'),
(1950, 1578172860561, 'uuu'),
(1952, 1578172860577, 'uuu'),
(1954, 1578172860591, 'uuu'),
(1956, 1578172860606, 'uuu'),
(1958, 1578172860623, 'uuu'),
(1960, 1578172860647, 'uuu'),
(1962, 1578172860672, 'uuu'),
(1964, 1578172860699, 'uuu'),
(1966, 1578172860735, 'uuu'),
(1968, 1578172860758, 'uuu'),
(1970, 1578172860777, 'uuu'),
(1972, 1578172860793, 'uuu'),
(1974, 1578172860835, 'uuu'),
(1976, 1578172860850, 'uuu'),
(1978, 1578172943885, 'uuu'),
(1980, 1578172943922, 'uuu'),
(1982, 1578172943948, 'uuu'),
(1984, 1578172943973, 'uuu'),
(1986, 1578172943995, 'uuu'),
(1988, 1578172944012, 'uuu'),
(1990, 1578172944024, 'uuu'),
(1992, 1578172944040, 'uuu'),
(1994, 1578172944053, 'uuu'),
(1996, 1578172944065, 'uuu'),
(1998, 1578172944079, 'uuu'),
(2000, 1578172944090, 'uuu'),
(2002, 1578172944102, 'uuu'),
(2004, 1578172944112, 'uuu'),
(2006, 1578172944124, 'uuu'),
(2008, 1578172944136, 'uuu'),
(2010, 1578172944146, 'uuu'),
(2012, 1578172944156, 'uuu'),
(2014, 1578172944165, 'uuu'),
(2016, 1578172944175, 'uuu'),
(2018, 1578172944188, 'uuu'),
(2020, 1578172944201, 'uuu'),
(2022, 1578172944213, 'uuu'),
(2024, 1578172944224, 'uuu'),
(2026, 1578173024555, 'uuu'),
(2028, 1578173024570, 'uuu'),
(2030, 1578173024582, 'uuu');   
INSERT INTO PUBLIC.REVINFO(ID, TIMESTAMP, USERNAME) VALUES
(2032, 1578173024592, 'uuu'),
(2034, 1578173024602, 'uuu'),
(2036, 1578173024612, 'uuu'),
(2038, 1578173024624, 'uuu'),
(2040, 1578173024635, 'uuu'),
(2042, 1578173024646, 'uuu'),
(2044, 1578173024657, 'uuu'),
(2046, 1578173024667, 'uuu'),
(2048, 1578173024675, 'uuu'),
(2050, 1578173024683, 'uuu'),
(2052, 1578173024690, 'uuu'),
(2054, 1578173024700, 'uuu'),
(2056, 1578173024710, 'uuu'),
(2058, 1578173024719, 'uuu'),
(2060, 1578173024726, 'uuu'),
(2062, 1578173024734, 'uuu'),
(2064, 1578173024740, 'uuu'),
(2066, 1578173024749, 'uuu'),
(2068, 1578173024760, 'uuu'),
(2070, 1578173024770, 'uuu'),
(2072, 1578173024780, 'uuu'),
(2074, 1578173589469, 'uuu'),
(2076, 1578173589516, 'uuu'),
(2078, 1578173589545, 'uuu'),
(2080, 1578173589568, 'uuu'),
(2082, 1578173589590, 'uuu'),
(2084, 1578173589611, 'uuu'),
(2086, 1578173589630, 'uuu'),
(2088, 1578173589648, 'uuu'),
(2090, 1578173589664, 'uuu'),
(2092, 1578173589679, 'uuu'),
(2094, 1578173589695, 'uuu'),
(2096, 1578173589711, 'uuu'),
(2098, 1578173589727, 'uuu'),
(2100, 1578173589743, 'uuu'),
(2102, 1578173589758, 'uuu'),
(2104, 1578173589774, 'uuu'),
(2106, 1578173589788, 'uuu'),
(2108, 1578173589801, 'uuu'),
(2110, 1578173589814, 'uuu'),
(2112, 1578173589827, 'uuu'),
(2114, 1578173589844, 'uuu'),
(2116, 1578173589859, 'uuu'),
(2118, 1578173589874, 'uuu'),
(2120, 1578173589888, 'uuu'),
(2122, 1578173597409, 'uuu'),
(2124, 1578173597426, 'uuu'),
(2126, 1578173597438, 'uuu'),
(2128, 1578173597448, 'uuu'),
(2130, 1578173597460, 'uuu'),
(2132, 1578173597473, 'uuu'),
(2134, 1578173597485, 'uuu'),
(2136, 1578173597497, 'uuu'),
(2138, 1578173597509, 'uuu'),
(2140, 1578173597522, 'uuu'),
(2142, 1578173597533, 'uuu'),
(2144, 1578173597544, 'uuu'),
(2146, 1578173597555, 'uuu'),
(2148, 1578173597565, 'uuu'),
(2150, 1578173597577, 'uuu'),
(2152, 1578173597589, 'uuu'),
(2154, 1578173597604, 'uuu'),
(2156, 1578173597616, 'uuu'),
(2158, 1578173597627, 'uuu'),
(2160, 1578173597638, 'uuu'),
(2162, 1578173597649, 'uuu'),
(2164, 1578173597661, 'uuu'),
(2166, 1578173597672, 'uuu'),
(2168, 1578173597680, 'uuu'),
(2170, 1578173793369, 'uuu'),
(2172, 1578173793415, 'uuu'),
(2174, 1578173793442, 'uuu'),
(2176, 1578173793467, 'uuu'),
(2178, 1578173793494, 'uuu'),
(2180, 1578173793516, 'uuu'),
(2182, 1578173793536, 'uuu'),
(2184, 1578173793554, 'uuu'),
(2186, 1578173793571, 'uuu'),
(2188, 1578173793585, 'uuu'),
(2190, 1578173793600, 'uuu'),
(2192, 1578173793615, 'uuu'),
(2194, 1578173793630, 'uuu'),
(2196, 1578173793644, 'uuu'),
(2198, 1578173793660, 'uuu'),
(2200, 1578173793675, 'uuu'),
(2202, 1578173793688, 'uuu'),
(2204, 1578173793702, 'uuu'),
(2206, 1578173793716, 'uuu'),
(2208, 1578173793729, 'uuu'),
(2210, 1578173793739, 'uuu'),
(2212, 1578173793753, 'uuu'),
(2214, 1578173793766, 'uuu'),
(2216, 1578173793778, 'uuu'),
(2218, 1578173793958, 'uuu'),
(2219, 1578175156742, 'uuu'),
(2220, 1578175427894, 'uuu'),
(2222, 1578175449041, 'uuu'),
(2224, 1578175449112, 'uuu'),
(2226, 1578175449136, 'uuu'),
(2228, 1578175449162, 'uuu'),
(2230, 1578175449183, 'uuu'),
(2232, 1578175449202, 'uuu'),
(2234, 1578175449218, 'uuu'),
(2236, 1578175449235, 'uuu'),
(2238, 1578175449250, 'uuu'),
(2240, 1578175449264, 'uuu'),
(2242, 1578175449275, 'uuu'),
(2244, 1578175449287, 'uuu'),
(2246, 1578175449299, 'uuu'),
(2248, 1578175449309, 'uuu'),
(2250, 1578175449321, 'uuu'),
(2252, 1578175449337, 'uuu'),
(2254, 1578175449350, 'uuu'),
(2256, 1578175449362, 'uuu'),
(2258, 1578175449374, 'uuu'),
(2260, 1578175449384, 'uuu'),
(2262, 1578175449395, 'uuu'),
(2264, 1578175449407, 'uuu'),
(2266, 1578175449419, 'uuu'),
(2268, 1578175449430, 'uuu'),
(2270, 1578175449476, 'uuu'),
(2272, 1578176042307, 'uuu'),
(2274, 1578176042349, 'uuu'),
(2276, 1578176042371, 'uuu'),
(2278, 1578176042396, 'uuu'),
(2280, 1578176042415, 'uuu'),
(2282, 1578176042430, 'uuu'),
(2284, 1578176042443, 'uuu'),
(2286, 1578176042459, 'uuu'),
(2288, 1578176042469, 'uuu'),
(2290, 1578176042478, 'uuu'),
(2292, 1578176042488, 'uuu'),
(2294, 1578176042499, 'uuu'),
(2296, 1578176042511, 'uuu'),
(2298, 1578176042521, 'uuu');   
INSERT INTO PUBLIC.REVINFO(ID, TIMESTAMP, USERNAME) VALUES
(2300, 1578176042532, 'uuu'),
(2302, 1578176042544, 'uuu'),
(2304, 1578176042556, 'uuu'),
(2306, 1578176042565, 'uuu'),
(2308, 1578176042573, 'uuu'),
(2310, 1578176042585, 'uuu'),
(2312, 1578176042597, 'uuu'),
(2314, 1578176042608, 'uuu'),
(2316, 1578176042619, 'uuu'),
(2318, 1578176042628, 'uuu'),
(2320, 1578176624478, 'uuu'),
(2321, 1578176626518, 'uuu'),
(2323, 1578176635005, 'uuu'),
(2325, 1578176635036, 'uuu'),
(2327, 1578176635060, 'uuu'),
(2329, 1578176635088, 'uuu'),
(2331, 1578176635108, 'uuu'),
(2333, 1578176635126, 'uuu'),
(2335, 1578176635143, 'uuu'),
(2337, 1578176635161, 'uuu'),
(2339, 1578176635176, 'uuu'),
(2341, 1578176635191, 'uuu'),
(2343, 1578176635207, 'uuu'),
(2345, 1578176635220, 'uuu'),
(2347, 1578176635233, 'uuu'),
(2349, 1578176635243, 'uuu'),
(2351, 1578176635255, 'uuu'),
(2353, 1578176635270, 'uuu'),
(2355, 1578176635282, 'uuu'),
(2357, 1578176635294, 'uuu'),
(2359, 1578176635307, 'uuu'),
(2361, 1578176635319, 'uuu'),
(2363, 1578176635330, 'uuu'),
(2365, 1578176635341, 'uuu'),
(2367, 1578176635353, 'uuu'),
(2369, 1578176635364, 'uuu'),
(2372, 1578176740404, 'uuu'),
(2374, 1578176740462, 'uuu'),
(2376, 1578176740489, 'uuu'),
(2378, 1578176740524, 'uuu'),
(2380, 1578176740547, 'uuu'),
(2382, 1578176740570, 'uuu'),
(2384, 1578176740588, 'uuu'),
(2386, 1578176740604, 'uuu'),
(2388, 1578176740619, 'uuu'),
(2390, 1578176740634, 'uuu'),
(2392, 1578176740650, 'uuu'),
(2394, 1578176740664, 'uuu'),
(2396, 1578176740688, 'uuu'),
(2398, 1578176740705, 'uuu'),
(2400, 1578176740720, 'uuu'),
(2402, 1578176740736, 'uuu'),
(2404, 1578176740748, 'uuu'),
(2406, 1578176740758, 'uuu'),
(2408, 1578176740771, 'uuu'),
(2410, 1578176740783, 'uuu'),
(2412, 1578176740795, 'uuu'),
(2414, 1578176740805, 'uuu'),
(2416, 1578176740818, 'uuu'),
(2418, 1578176740829, 'uuu'),
(2420, 1578176740992, 'uuu'),
(2421, 1578176798613, 'uuu'),
(2422, 1578176799622, 'uuu'),
(2423, 1578176800637, 'uuu'),
(2424, 1578176801761, 'uuu'),
(2426, 1578177037288, 'uuu'),
(2428, 1578177037348, 'uuu'),
(2430, 1578177037379, 'uuu'),
(2432, 1578177037404, 'uuu'),
(2434, 1578177037429, 'uuu'),
(2436, 1578177037450, 'uuu'),
(2438, 1578177037470, 'uuu'),
(2440, 1578177037494, 'uuu'),
(2442, 1578177037509, 'uuu'),
(2444, 1578177037524, 'uuu'),
(2446, 1578177037542, 'uuu'),
(2448, 1578177037561, 'uuu'),
(2450, 1578177037575, 'uuu'),
(2452, 1578177037589, 'uuu'),
(2454, 1578177037603, 'uuu'),
(2456, 1578177037617, 'uuu'),
(2458, 1578177037631, 'uuu'),
(2460, 1578177037646, 'uuu'),
(2462, 1578177037660, 'uuu'),
(2464, 1578177037672, 'uuu'),
(2466, 1578177037685, 'uuu'),
(2468, 1578177037697, 'uuu'),
(2470, 1578177037711, 'uuu'),
(2472, 1578177037723, 'uuu'),
(2474, 1578177037897, 'uuu'),
(2475, 1578177068681, 'uuu'),
(2477, 1578216183957, 'uuu'),
(2479, 1578216184024, 'uuu'),
(2481, 1578216184055, 'uuu'),
(2483, 1578216184093, 'uuu'),
(2485, 1578216184117, 'uuu'),
(2487, 1578216184131, 'uuu'),
(2489, 1578216184145, 'uuu'),
(2491, 1578216184163, 'uuu'),
(2493, 1578216184178, 'uuu'),
(2495, 1578216184193, 'uuu'),
(2497, 1578216184206, 'uuu'),
(2499, 1578216184219, 'uuu'),
(2501, 1578216184231, 'uuu'),
(2503, 1578216184243, 'uuu'),
(2505, 1578216184257, 'uuu'),
(2507, 1578216184275, 'uuu'),
(2509, 1578216184287, 'uuu'),
(2511, 1578216184301, 'uuu'),
(2513, 1578216184312, 'uuu'),
(2515, 1578216184325, 'uuu'),
(2517, 1578216184339, 'uuu'),
(2519, 1578216184352, 'uuu'),
(2521, 1578216184366, 'uuu'),
(2523, 1578216184380, 'uuu'),
(2541, 1578217015361, 'uuu'),
(2543, 1578217015404, 'uuu'),
(2545, 1578217015425, 'uuu'),
(2547, 1578217015450, 'uuu'),
(2549, 1578217015472, 'uuu'),
(2551, 1578217015490, 'uuu'),
(2553, 1578217015506, 'uuu'),
(2555, 1578217015523, 'uuu'),
(2557, 1578217015539, 'uuu'),
(2559, 1578217015551, 'uuu'),
(2561, 1578217015565, 'uuu'),
(2563, 1578217015579, 'uuu'),
(2565, 1578217015592, 'uuu'),
(2567, 1578217015605, 'uuu'),
(2569, 1578217015618, 'uuu'),
(2571, 1578217015637, 'uuu'),
(2573, 1578217015650, 'uuu'),
(2575, 1578217015665, 'uuu'),
(2577, 1578217015678, 'uuu'),
(2579, 1578217015691, 'uuu');   
INSERT INTO PUBLIC.REVINFO(ID, TIMESTAMP, USERNAME) VALUES
(2581, 1578217015702, 'uuu'),
(2583, 1578217015717, 'uuu'),
(2585, 1578217015729, 'uuu'),
(2587, 1578217015740, 'uuu'),
(2605, 1578217266402, 'uuu'),
(2607, 1578217266443, 'uuu'),
(2609, 1578217266463, 'uuu'),
(2611, 1578217266484, 'uuu'),
(2613, 1578217266503, 'uuu'),
(2615, 1578217266517, 'uuu'),
(2617, 1578217266529, 'uuu'),
(2619, 1578217266544, 'uuu'),
(2621, 1578217266556, 'uuu'),
(2623, 1578217266567, 'uuu'),
(2625, 1578217266578, 'uuu'),
(2627, 1578217266587, 'uuu'),
(2629, 1578217266599, 'uuu'),
(2631, 1578217266610, 'uuu'),
(2633, 1578217266624, 'uuu'),
(2635, 1578217266638, 'uuu'),
(2637, 1578217266648, 'uuu'),
(2639, 1578217266658, 'uuu'),
(2641, 1578217266667, 'uuu'),
(2643, 1578217266680, 'uuu'),
(2645, 1578217266691, 'uuu'),
(2647, 1578217266703, 'uuu'),
(2649, 1578217266716, 'uuu'),
(2651, 1578217266725, 'uuu'),
(2653, 1578217266859, 'uuu'),
(2654, 1578217852671, 'uuu'),
(2655, 1578217852734, 'uuu'),
(2656, 1578217852743, 'uuu'),
(2657, 1578228010853, 'uuu'),
(2689, 1578229787161, 'uuu'),
(2690, 1578229787245, 'uuu'),
(2691, 1578231655246, 'uuu'),
(2692, 1578231655294, 'uuu'),
(2693, 1578231882614, 'uuu'),
(2694, 1578232327648, 'uuu'),
(2695, 1578232327705, 'uuu'),
(2696, 1578232345863, 'uuu'),
(2697, 1578232345878, 'uuu'),
(2698, 1578232477852, 'uuu'),
(2699, 1578232477896, 'uuu'),
(2700, 1578232600046, 'uuu'),
(2701, 1578232600083, 'uuu'),
(2703, 1578232632426, 'uuu'),
(2705, 1578232632461, 'uuu'),
(2707, 1578232632489, 'uuu'),
(2709, 1578232632512, 'uuu'),
(2711, 1578232632535, 'uuu'),
(2713, 1578232632553, 'uuu'),
(2715, 1578232632570, 'uuu'),
(2717, 1578232632586, 'uuu'),
(2719, 1578232632600, 'uuu'),
(2721, 1578232632614, 'uuu'),
(2723, 1578232632628, 'uuu'),
(2725, 1578232632642, 'uuu'),
(2727, 1578232632658, 'uuu'),
(2729, 1578232632674, 'uuu'),
(2731, 1578232632690, 'uuu'),
(2733, 1578232632705, 'uuu'),
(2735, 1578232632720, 'uuu'),
(2737, 1578232632741, 'uuu'),
(2739, 1578232632757, 'uuu'),
(2741, 1578232632770, 'uuu'),
(2743, 1578232632782, 'uuu'),
(2745, 1578232632794, 'uuu'),
(2747, 1578232632807, 'uuu'),
(2749, 1578232632830, 'uuu'),
(2751, 1578232632890, 'uuu'),
(2752, 1578232656908, 'uuu'),
(2753, 1578232656937, 'uuu'),
(2754, 1578232671311, 'uuu'),
(2755, 1578233201719, 'uuu'),
(2756, 1578233201767, 'uuu'),
(2757, 1578233930801, 'uuu'),
(2758, 1578233930854, 'uuu'),
(2759, 1578233930865, 'uuu'),
(2760, 1578233930876, 'uuu'),
(2761, 1578237012227, 'uuu'),
(2762, 1578237012290, 'uuu'),
(2763, 1578237012306, 'uuu'),
(2764, 1578237012320, 'uuu'),
(2765, 1578237217916, 'uuu'),
(2766, 1578241339036, 'uuu'),
(2767, 1578241353480, 'uuu'),
(2768, 1578241561754, 'uuu'),
(2769, 1578241561794, 'uuu'),
(2770, 1578243961175, 'uuu'),
(2771, 1578245925145, 'uuu'),
(2772, 1578245925218, 'uuu'),
(2773, 1578246308486, 'uuu'),
(2774, 1578246308615, 'uuu'),
(2775, 1578246721196, 'uuu'),
(2776, 1578246721268, 'uuu'),
(2807, 1578247385134, 'uuu'),
(2808, 1578247385231, 'uuu'),
(2809, 1578247410994, 'uuu'),
(2811, 1578247537138, 'uuu'),
(2813, 1578247537150, 'uuu'),
(2815, 1578247537170, 'uuu'),
(2817, 1578247537186, 'uuu'),
(2819, 1578247537198, 'uuu'),
(2821, 1578247537213, 'uuu'),
(2823, 1578247537228, 'uuu'),
(2825, 1578247537244, 'uuu'),
(2827, 1578247537261, 'uuu'),
(2829, 1578247537272, 'uuu'),
(2831, 1578247537282, 'uuu'),
(2833, 1578247537294, 'uuu'),
(2835, 1578247537303, 'uuu'),
(2837, 1578247537317, 'uuu'),
(2839, 1578247537327, 'uuu'),
(2841, 1578247537338, 'uuu'),
(2843, 1578247537348, 'uuu'),
(2845, 1578247537362, 'uuu'),
(2847, 1578247537375, 'uuu'),
(2849, 1578247537388, 'uuu'),
(2851, 1578247537400, 'uuu'),
(2853, 1578247537412, 'uuu'),
(2855, 1578247537425, 'uuu'),
(2857, 1578247537439, 'uuu'),
(2859, 1578247537475, 'uuu'),
(2860, 1578247549362, 'uuu'),
(2861, 1578247549393, 'uuu'),
(2862, 1578247587200, 'uuu'),
(2863, 1578247587212, 'uuu'),
(2864, 1578247587221, 'uuu'),
(2865, 1578247587227, 'uuu'),
(2866, 1578247804266, 'uuu'),
(2867, 1578247804330, 'uuu'),
(2868, 1578247804353, 'uuu'),
(2869, 1578251571529, 'uuu'),
(2870, 1578251571599, 'uuu');   
INSERT INTO PUBLIC.REVINFO(ID, TIMESTAMP, USERNAME) VALUES
(2871, 1578251571641, 'uuu'),
(2872, 1578251571667, 'uuu'),
(2873, 1578251571682, 'uuu'),
(2874, 1578257342965, 'uuu'),
(2875, 1578257343025, 'uuu'),
(2876, 1578257343049, 'uuu'),
(2877, 1578257386160, 'uuu'),
(2878, 1578257386198, 'uuu'),
(2880, 1578258009873, 'uuu'),
(2882, 1578258009917, 'uuu'),
(2884, 1578258009937, 'uuu'),
(2886, 1578258009957, 'uuu'),
(2888, 1578258009974, 'uuu'),
(2890, 1578258009990, 'uuu'),
(2892, 1578258010004, 'uuu'),
(2894, 1578258010021, 'uuu'),
(2896, 1578258010033, 'uuu'),
(2898, 1578258010043, 'uuu'),
(2900, 1578258010053, 'uuu'),
(2902, 1578258010066, 'uuu'),
(2904, 1578258010076, 'uuu'),
(2906, 1578258010086, 'uuu'),
(2908, 1578258010096, 'uuu'),
(2910, 1578258010109, 'uuu'),
(2912, 1578258010121, 'uuu'),
(2914, 1578258010134, 'uuu'),
(2916, 1578258010144, 'uuu'),
(2918, 1578258010157, 'uuu'),
(2920, 1578258010169, 'uuu'),
(2922, 1578258010181, 'uuu'),
(2924, 1578258010194, 'uuu'),
(2926, 1578258010206, 'uuu'),
(2928, 1578258010376, 'uuu'),
(2930, 1578258140015, 'uuu'),
(2932, 1578258140068, 'uuu'),
(2934, 1578258140102, 'uuu'),
(2936, 1578258140126, 'uuu'),
(2938, 1578258140148, 'uuu'),
(2940, 1578258140167, 'uuu'),
(2942, 1578258140185, 'uuu'),
(2944, 1578258140207, 'uuu'),
(2946, 1578258140228, 'uuu'),
(2948, 1578258140240, 'uuu'),
(2950, 1578258140255, 'uuu'),
(2952, 1578258140268, 'uuu'),
(2954, 1578258140281, 'uuu'),
(2956, 1578258140293, 'uuu'),
(2958, 1578258140308, 'uuu'),
(2960, 1578258140321, 'uuu'),
(2962, 1578258140334, 'uuu'),
(2964, 1578258140343, 'uuu'),
(2966, 1578258140355, 'uuu'),
(2968, 1578258140370, 'uuu'),
(2970, 1578258140383, 'uuu'),
(2972, 1578258140397, 'uuu'),
(2974, 1578258140409, 'uuu'),
(2976, 1578258140422, 'uuu'),
(2978, 1578258140613, 'uuu'),
(2993, 1578258484720, 'uuu'),
(2995, 1578258516554, 'uuu'),
(2997, 1578258516584, 'uuu'),
(2999, 1578258516612, 'uuu'),
(3001, 1578258516634, 'uuu'),
(3003, 1578258516652, 'uuu'),
(3005, 1578258516671, 'uuu'),
(3007, 1578258516686, 'uuu'),
(3009, 1578258516701, 'uuu'),
(3011, 1578258516716, 'uuu'),
(3013, 1578258516731, 'uuu'),
(3015, 1578258516744, 'uuu'),
(3017, 1578258516758, 'uuu'),
(3019, 1578258516772, 'uuu'),
(3021, 1578258516784, 'uuu'),
(3023, 1578258516797, 'uuu'),
(3025, 1578258516814, 'uuu'),
(3027, 1578258516829, 'uuu'),
(3029, 1578258516841, 'uuu'),
(3031, 1578258516855, 'uuu'),
(3033, 1578258516868, 'uuu'),
(3035, 1578258516880, 'uuu'),
(3037, 1578258516891, 'uuu'),
(3039, 1578258516902, 'uuu'),
(3041, 1578258516910, 'uuu'),
(3043, 1578258517041, 'uuu'),
(3044, 1578258531490, 'uuu'),
(3045, 1578258531516, 'uuu'),
(3046, 1578258531531, 'uuu'),
(3047, 1578258531539, 'uuu'),
(3048, 1578258729986, 'uuu'),
(3049, 1578258731449, 'uuu'),
(3050, 1578258732720, 'uuu'),
(3051, 1578319269714, 'uuu'),
(3052, 1578319277266, 'uuu'),
(3053, 1578319286019, 'uuu'),
(3054, 1578319298216, 'uuu'),
(3055, 1578319317257, 'uuu'),
(3056, 1578319320089, 'uuu'),
(3057, 1578319322403, 'uuu'),
(3058, 1578319324945, 'uuu'),
(3059, 1578319327223, 'uuu'),
(3060, 1578319329272, 'uuu'),
(3061, 1578319331427, 'uuu'),
(3062, 1578319333761, 'uuu'),
(3063, 1578319335896, 'uuu'),
(3064, 1578319338547, 'uuu'),
(3065, 1578319343255, 'uuu'),
(3066, 1578319346198, 'uuu'),
(3067, 1578319356694, 'uuu'),
(3068, 1578319428281, 'uuu'),
(3069, 1578319430673, 'uuu'),
(3070, 1578319433132, 'uuu'),
(3071, 1578319435180, 'uuu'),
(3072, 1578319438145, 'uuu'),
(3073, 1578319439950, 'uuu'),
(3074, 1578319443551, 'uuu'),
(3075, 1578319484598, 'uuu'),
(3076, 1578320617297, 'uuu'),
(3077, 1578320637241, 'uuu'),
(3078, 1578322538716, 'uuu'),
(3079, 1578322639482, 'uuu'),
(3080, 1578322734857, 'uuu'),
(3081, 1578322842522, 'uuu'),
(3082, 1578322854771, 'uuu'),
(3083, 1578322857364, 'uuu'),
(3084, 1578322876078, 'uuu'),
(3085, 1578322878152, 'uuu'),
(3086, 1578323041571, 'uuu'),
(3087, 1578323047428, 'uuu'),
(3088, 1578323048746, 'uuu'),
(3089, 1578323970442, 'uuu'),
(3090, 1578323996327, 'uuu'),
(3091, 1578323998746, 'uuu'),
(3092, 1578324000228, 'uuu'),
(3093, 1578324001558, 'uuu'),
(3094, 1578324003001, 'uuu');   
INSERT INTO PUBLIC.REVINFO(ID, TIMESTAMP, USERNAME) VALUES
(3095, 1578324028574, 'uuu'),
(3096, 1578324036673, 'uuu'),
(3098, 1578324189679, 'uuu'),
(3099, 1578324206178, 'uuu'),
(3101, 1578324217233, 'uuu'),
(3103, 1578324217266, 'uuu'),
(3105, 1578324217288, 'uuu'),
(3107, 1578324217312, 'uuu'),
(3109, 1578324217329, 'uuu'),
(3111, 1578324217346, 'uuu'),
(3113, 1578324217363, 'uuu'),
(3115, 1578324217380, 'uuu'),
(3117, 1578324217395, 'uuu'),
(3119, 1578324217413, 'uuu'),
(3121, 1578324217432, 'uuu'),
(3123, 1578324217444, 'uuu'),
(3125, 1578324217456, 'uuu'),
(3127, 1578324217472, 'uuu'),
(3129, 1578324217486, 'uuu'),
(3131, 1578324217502, 'uuu'),
(3133, 1578324217516, 'uuu'),
(3135, 1578324217529, 'uuu'),
(3137, 1578324217543, 'uuu'),
(3139, 1578324217557, 'uuu'),
(3141, 1578324217574, 'uuu'),
(3143, 1578324217591, 'uuu'),
(3145, 1578324217603, 'uuu'),
(3147, 1578324217617, 'uuu'),
(3149, 1578324217632, 'uuu'),
(3151, 1578324217679, 'uuu'),
(3152, 1578324242464, 'uuu'),
(3153, 1578324242472, 'uuu'),
(3154, 1578324242478, 'uuu'),
(3155, 1578324242483, 'uuu'),
(3156, 1578324242488, 'uuu'),
(3157, 1578324242492, 'uuu'),
(3158, 1578324242496, 'uuu'),
(3159, 1578324242501, 'uuu'),
(3160, 1578324242505, 'uuu'),
(3161, 1578324242510, 'uuu'),
(3162, 1578324242515, 'uuu'),
(3163, 1578324242519, 'uuu'),
(3164, 1578324242524, 'uuu'),
(3165, 1578324242530, 'uuu'),
(3166, 1578324242534, 'uuu'),
(3167, 1578324242539, 'uuu'),
(3168, 1578324242544, 'uuu'),
(3169, 1578324242548, 'uuu'),
(3170, 1578324242553, 'uuu'),
(3171, 1578324242558, 'uuu'),
(3172, 1578324242563, 'uuu'),
(3173, 1578324242568, 'uuu'),
(3174, 1578324242572, 'uuu'),
(3175, 1578324242577, 'uuu'),
(3176, 1578324242582, 'uuu'),
(3177, 1578324242586, 'uuu'),
(3178, 1578324248459, 'uuu'),
(3179, 1578324251525, 'uuu'),
(3180, 1578324253111, 'uuu'),
(3181, 1578324257965, 'uuu'),
(3182, 1578324261525, 'uuu'),
(3183, 1578324262869, 'uuu'),
(3184, 1578324270194, 'uuu'),
(3185, 1578324273480, 'uuu'),
(3186, 1578324275787, 'uuu'),
(3187, 1578324277392, 'uuu'),
(3188, 1578324281704, 'uuu'),
(3189, 1578324291207, 'uuu'),
(3190, 1578324293270, 'uuu'),
(3191, 1578324303024, 'uuu'),
(3192, 1578324306208, 'uuu'),
(3193, 1578324308656, 'uuu'),
(3194, 1578324322434, 'uuu'),
(3195, 1578324323827, 'uuu'),
(3196, 1578324336559, 'uuu'),
(3197, 1578324347818, 'uuu'),
(3198, 1578324355931, 'uuu'),
(3199, 1578324358632, 'uuu'),
(3200, 1578324360002, 'uuu'),
(3201, 1578324404042, 'uuu'),
(3202, 1578324409503, 'uuu'),
(3203, 1578324411086, 'uuu'),
(3204, 1578324412051, 'uuu'),
(3205, 1578324413257, 'uuu'),
(3206, 1578324417992, 'uuu'),
(3207, 1578324419026, 'uuu'),
(3208, 1578324420024, 'uuu'),
(3209, 1578324421499, 'uuu'),
(3210, 1578324435593, 'uuu'),
(3211, 1578324452511, 'uuu'),
(3212, 1578324468264, 'uuu'),
(3213, 1578324530604, 'uuu'),
(3214, 1578324534066, 'uuu'),
(3215, 1578324536015, 'uuu'),
(3216, 1578324537065, 'uuu'),
(3217, 1578324585707, 'uuu'),
(3218, 1578324626390, 'uuu'),
(3219, 1578324674837, 'uuu'),
(3220, 1578324688604, 'uuu'),
(3221, 1578324706428, 'uuu'),
(3223, 1578324744821, 'uuu'),
(3225, 1578324744828, 'uuu'),
(3227, 1578324744832, 'uuu'),
(3229, 1578324744837, 'uuu'),
(3231, 1578324744842, 'uuu'),
(3233, 1578324744847, 'uuu'),
(3235, 1578324744852, 'uuu'),
(3237, 1578324744857, 'uuu'),
(3239, 1578324744861, 'uuu'),
(3241, 1578324744865, 'uuu'),
(3243, 1578324744872, 'uuu'),
(3245, 1578324744878, 'uuu'),
(3247, 1578324744885, 'uuu'),
(3249, 1578324744891, 'uuu'),
(3251, 1578324744897, 'uuu'),
(3253, 1578324744903, 'uuu'),
(3255, 1578324744909, 'uuu'),
(3257, 1578324744915, 'uuu'),
(3259, 1578324744921, 'uuu'),
(3261, 1578324744929, 'uuu'),
(3263, 1578324744936, 'uuu'),
(3265, 1578324744941, 'uuu'),
(3267, 1578324744946, 'uuu'),
(3269, 1578324744951, 'uuu'),
(3271, 1578324744964, 'uuu'),
(3272, 1578324774695, 'uuu'),
(3273, 1578324821407, 'uuu'),
(3274, 1578324831508, 'uuu'),
(3275, 1578324838274, 'uuu'),
(3277, 1578324934137, 'uuu'),
(3278, 1578324950271, 'uuu'),
(3279, 1578324959008, 'uuu'),
(3280, 1578324972040, 'uuu'),
(3282, 1578325030437, 'uuu'),
(3284, 1578325030441, 'uuu');   
INSERT INTO PUBLIC.REVINFO(ID, TIMESTAMP, USERNAME) VALUES
(3286, 1578325030444, 'uuu'),
(3288, 1578325030448, 'uuu'),
(3290, 1578325030452, 'uuu'),
(3292, 1578325030456, 'uuu'),
(3294, 1578325030459, 'uuu'),
(3296, 1578325030462, 'uuu'),
(3298, 1578325030466, 'uuu'),
(3300, 1578325030469, 'uuu'),
(3302, 1578325030474, 'uuu'),
(3304, 1578325030477, 'uuu'),
(3306, 1578325030480, 'uuu'),
(3308, 1578325030484, 'uuu'),
(3310, 1578325030489, 'uuu'),
(3312, 1578325030494, 'uuu'),
(3314, 1578325030498, 'uuu'),
(3316, 1578325030504, 'uuu'),
(3318, 1578325030509, 'uuu'),
(3320, 1578325030513, 'uuu'),
(3322, 1578325030517, 'uuu'),
(3324, 1578325030520, 'uuu'),
(3326, 1578325030524, 'uuu'),
(3328, 1578325030528, 'uuu'),
(3330, 1578325030543, 'uuu'),
(3331, 1578325059442, 'uuu'),
(3333, 1578325081687, 'uuu'),
(3334, 1578325098013, 'uuu'),
(3335, 1578325105092, 'uuu'),
(3336, 1578325119425, 'uuu'),
(3337, 1578325171618, 'uuu'),
(3338, 1578325179407, 'uuu'),
(3339, 1578325182267, 'uuu'),
(3340, 1578325183440, 'uuu'),
(3341, 1578325202352, 'uuu'),
(3342, 1578325210361, 'uuu'),
(3343, 1578325212850, 'uuu'),
(3344, 1578325216358, 'uuu'),
(3346, 1578325275566, 'uuu'),
(3348, 1578325275571, 'uuu'),
(3350, 1578325275575, 'uuu'),
(3352, 1578325275579, 'uuu'),
(3354, 1578325275584, 'uuu'),
(3356, 1578325275589, 'uuu'),
(3358, 1578325275597, 'uuu'),
(3360, 1578325275608, 'uuu'),
(3362, 1578325275613, 'uuu'),
(3364, 1578325275619, 'uuu'),
(3366, 1578325275624, 'uuu'),
(3368, 1578325275628, 'uuu'),
(3370, 1578325275632, 'uuu'),
(3372, 1578325275638, 'uuu'),
(3374, 1578325275643, 'uuu'),
(3376, 1578325275648, 'uuu'),
(3378, 1578325275654, 'uuu'),
(3380, 1578325275659, 'uuu'),
(3382, 1578325275665, 'uuu'),
(3384, 1578325275670, 'uuu'),
(3386, 1578325275677, 'uuu'),
(3388, 1578325275685, 'uuu'),
(3390, 1578325275690, 'uuu'),
(3392, 1578325275697, 'uuu'),
(3394, 1578325275704, 'uuu'),
(3396, 1578325275721, 'uuu'),
(3397, 1578325329517, 'uuu'),
(3398, 1578325329521, 'uuu'),
(3399, 1578325329528, 'uuu'),
(3400, 1578325329531, 'uuu'),
(3401, 1578325329539, 'uuu'),
(3402, 1578325329542, 'uuu'),
(3403, 1578325329546, 'uuu'),
(3404, 1578325329548, 'uuu'),
(3405, 1578325329552, 'uuu'),
(3406, 1578325329555, 'uuu'),
(3407, 1578325329558, 'uuu'),
(3408, 1578325329561, 'uuu'),
(3409, 1578325329564, 'uuu'),
(3410, 1578325329567, 'uuu'),
(3411, 1578325329570, 'uuu'),
(3412, 1578325329573, 'uuu'),
(3413, 1578325329576, 'uuu'),
(3414, 1578325329579, 'uuu'),
(3415, 1578325329582, 'uuu'),
(3416, 1578325329585, 'uuu'),
(3417, 1578325329588, 'uuu'),
(3418, 1578325329591, 'uuu'),
(3419, 1578325329594, 'uuu'),
(3420, 1578325329597, 'uuu'),
(3421, 1578325329604, 'uuu'),
(3422, 1578325329607, 'uuu'),
(3424, 1578325339012, 'uuu'),
(3425, 1578325375716, 'uuu'),
(3426, 1578325381488, 'uuu'),
(3427, 1578325384110, 'uuu'),
(3428, 1578325385770, 'uuu'),
(3429, 1578325397488, 'uuu'),
(3430, 1578325405990, 'uuu'),
(3431, 1578325407535, 'uuu'),
(3432, 1578325409375, 'uuu'),
(3433, 1578325410383, 'uuu'),
(3434, 1578325413694, 'uuu'),
(3435, 1578325415517, 'uuu'),
(3436, 1578325416671, 'uuu'),
(3437, 1578325424844, 'uuu'),
(3438, 1578325426971, 'uuu'),
(3439, 1578325436802, 'uuu'),
(3440, 1578325444823, 'uuu'),
(3441, 1578325446229, 'uuu'),
(3442, 1578325461583, 'uuu'),
(3443, 1578325470140, 'uuu'),
(3444, 1578325488877, 'uuu'),
(3445, 1578325525082, 'uuu'),
(3446, 1578325568166, 'uuu'),
(3447, 1578325605282, 'uuu'),
(3448, 1578325677112, 'uuu'),
(3449, 1578325695868, 'uuu'),
(3450, 1578325710904, 'uuu'),
(3452, 1578325779555, 'uuu'),
(3454, 1578325779560, 'uuu'),
(3456, 1578325779563, 'uuu'),
(3458, 1578325779567, 'uuu'),
(3460, 1578325779571, 'uuu'),
(3462, 1578325779575, 'uuu'),
(3464, 1578325779582, 'uuu'),
(3466, 1578325779586, 'uuu'),
(3468, 1578325779590, 'uuu'),
(3470, 1578325779594, 'uuu'),
(3472, 1578325779599, 'uuu'),
(3474, 1578325779604, 'uuu'),
(3476, 1578325779614, 'uuu'),
(3478, 1578325779619, 'uuu'),
(3480, 1578325779625, 'uuu'),
(3482, 1578325779629, 'uuu'),
(3484, 1578325779633, 'uuu'),
(3486, 1578325779637, 'uuu'),
(3488, 1578325779640, 'uuu'),
(3490, 1578325779644, 'uuu');   
INSERT INTO PUBLIC.REVINFO(ID, TIMESTAMP, USERNAME) VALUES
(3492, 1578325779647, 'uuu'),
(3494, 1578325779651, 'uuu'),
(3496, 1578325779654, 'uuu'),
(3498, 1578325779657, 'uuu'),
(3500, 1578325779665, 'uuu'),
(3501, 1578325797354, 'uuu'),
(3503, 1578325819416, 'uuu'),
(3504, 1578325829933, 'uuu'),
(3505, 1578325892324, 'uuu'),
(3506, 1578325918965, 'uuu'),
(3507, 1578325928097, 'uuu'),
(3508, 1578325934846, 'uuu'),
(3510, 1578325995153, 'uuu'),
(3512, 1578325995156, 'uuu'),
(3514, 1578325995159, 'uuu'),
(3516, 1578325995161, 'uuu'),
(3518, 1578325995165, 'uuu'),
(3520, 1578325995167, 'uuu'),
(3522, 1578325995170, 'uuu'),
(3524, 1578325995174, 'uuu'),
(3526, 1578325995178, 'uuu'),
(3528, 1578325995182, 'uuu'),
(3530, 1578325995185, 'uuu'),
(3532, 1578325995189, 'uuu'),
(3534, 1578325995193, 'uuu'),
(3536, 1578325995197, 'uuu'),
(3538, 1578325995200, 'uuu'),
(3540, 1578325995205, 'uuu'),
(3542, 1578325995210, 'uuu'),
(3544, 1578325995214, 'uuu'),
(3546, 1578325995218, 'uuu'),
(3548, 1578325995223, 'uuu'),
(3550, 1578325995227, 'uuu'),
(3552, 1578325995232, 'uuu'),
(3554, 1578325995236, 'uuu'),
(3556, 1578325995242, 'uuu'),
(3558, 1578325995253, 'uuu'),
(3559, 1578326015697, 'uuu'),
(3561, 1578326031596, 'uuu'),
(3562, 1578326047607, 'uuu'),
(3563, 1578326066957, 'uuu'),
(3564, 1578326105042, 'uuu'),
(3565, 1578326112773, 'uuu'),
(3566, 1578326119468, 'uuu'),
(3567, 1578326125296, 'uuu');               
CREATE CACHED TABLE PUBLIC.SPRINT(
    ID BIGINT NOT NULL,
    FINISH_DATE DATE,
    PLANED_STORY_POINTS INTEGER,
    START_DATE DATE
);       
ALTER TABLE PUBLIC.SPRINT ADD CONSTRAINT PUBLIC.CONSTRAINT_92 PRIMARY KEY(ID); 
-- 1 +/- SELECT COUNT(*) FROM PUBLIC.SPRINT;   
INSERT INTO PUBLIC.SPRINT(ID, FINISH_DATE, PLANED_STORY_POINTS, START_DATE) VALUES
(3, DATE '2019-11-08', 11, DATE '2019-11-01');              
CREATE CACHED TABLE PUBLIC.SPRINT_AUD(
    ID BIGINT NOT NULL,
    REV INTEGER NOT NULL,
    REVTYPE TINYINT,
    FINISH_DATE DATE,
    PLANED_STORY_POINTS INTEGER,
    START_DATE DATE
);    
ALTER TABLE PUBLIC.SPRINT_AUD ADD CONSTRAINT PUBLIC.CONSTRAINT_6E PRIMARY KEY(ID, REV);        
-- 0 +/- SELECT COUNT(*) FROM PUBLIC.SPRINT_AUD;               
CREATE CACHED TABLE PUBLIC.TASK(
    ID BIGINT NOT NULL,
    DESCRIPTION VARCHAR(2000),
    NAME VARCHAR(255),
    PROGRESS INTEGER,
    STORY_POINTS INTEGER,
    WEIGHT INTEGER,
    PROJECT_ID BIGINT,
    SPRINT_ID BIGINT,
    USER_ID BIGINT
);          
ALTER TABLE PUBLIC.TASK ADD CONSTRAINT PUBLIC.CONSTRAINT_27 PRIMARY KEY(ID);   
-- 1 +/- SELECT COUNT(*) FROM PUBLIC.TASK;     
INSERT INTO PUBLIC.TASK(ID, DESCRIPTION, NAME, PROGRESS, STORY_POINTS, WEIGHT, PROJECT_ID, SPRINT_ID, USER_ID) VALUES
(5, 'make upper structure', 'upper structure', 0, 2, 3, 1, 3, 203);      
CREATE CACHED TABLE PUBLIC.TASK_AUD(
    ID BIGINT NOT NULL,
    REV INTEGER NOT NULL,
    REVTYPE TINYINT,
    DESCRIPTION VARCHAR(2000),
    NAME VARCHAR(255),
    PROGRESS INTEGER,
    STORY_POINTS INTEGER,
    WEIGHT INTEGER,
    PROJECT_ID BIGINT,
    SPRINT_ID BIGINT,
    USER_ID BIGINT
);       
ALTER TABLE PUBLIC.TASK_AUD ADD CONSTRAINT PUBLIC.CONSTRAINT_16 PRIMARY KEY(ID, REV);          
-- 0 +/- SELECT COUNT(*) FROM PUBLIC.TASK_AUD; 
CREATE CACHED TABLE PUBLIC.USER(
    ID BIGINT NOT NULL,
    AUTHORITIES VARCHAR(255),
    AVATAR VARCHAR(255),
    EMAIL VARCHAR(255),
    LOGIN VARCHAR(255),
    PASSWORD VARCHAR(255),
    USERNAME VARCHAR(255)
);        
ALTER TABLE PUBLIC.USER ADD CONSTRAINT PUBLIC.CONSTRAINT_27E PRIMARY KEY(ID);  
-- 2 +/- SELECT COUNT(*) FROM PUBLIC.USER;     
INSERT INTO PUBLIC.USER(ID, AUTHORITIES, AVATAR, EMAIL, LOGIN, PASSWORD, USERNAME) VALUES
(114, 'ADMIN', 'boy-7.png', 'uuu@uuu.pl', 'uuu', '{bcrypt}$2a$10$I0uWuhWjubbkUMRlfi.SA.zis2SKMl5CZmxQ9APT3W2evp7TLLwgq', 'uuu'),
(203, 'ADMIN', 'default.png', '1eee@interia.pl', '1eee', '{bcrypt}$2a$10$9TYp3C5y1nt1uKil8lL53e2jm.MN0HwM8MpiipWErGMF26lBIX73m', '1eee');           
CREATE CACHED TABLE PUBLIC.USER_AUD(
    ID BIGINT NOT NULL,
    REV INTEGER NOT NULL,
    REVTYPE TINYINT,
    AUTHORITIES VARCHAR(255),
    AVATAR VARCHAR(255),
    EMAIL VARCHAR(255),
    LOGIN VARCHAR(255),
    PASSWORD VARCHAR(255),
    USERNAME VARCHAR(255)
);     
ALTER TABLE PUBLIC.USER_AUD ADD CONSTRAINT PUBLIC.CONSTRAINT_1E PRIMARY KEY(ID, REV);          
-- 0 +/- SELECT COUNT(*) FROM PUBLIC.USER_AUD; 
CREATE CACHED TABLE PUBLIC.ORD_ORDER_FEATURES_STRINGS_AUD(
    REV INTEGER NOT NULL,
    ORD_ID BIGINT NOT NULL,
    ORDER_FEATURES_STRINGS VARCHAR(255) NOT NULL,
    REVTYPE TINYINT
);      
ALTER TABLE PUBLIC.ORD_ORDER_FEATURES_STRINGS_AUD ADD CONSTRAINT PUBLIC.CONSTRAINT_55 PRIMARY KEY(REV, ORD_ID, ORDER_FEATURES_STRINGS);        
-- 457 +/- SELECT COUNT(*) FROM PUBLIC.ORD_ORDER_FEATURES_STRINGS_AUD;         
INSERT INTO PUBLIC.ORD_ORDER_FEATURES_STRINGS_AUD(REV, ORD_ID, ORDER_FEATURES_STRINGS, REVTYPE) VALUES
(2653, 2652, 'Steel rims, Rims', 0),
(2653, 2652, '158 mm, Neck Height', 0),
(2653, 2652, 'Haldex, Breaking system', 0),
(2653, 2652, 'BPW drum, Axle', 0),
(2653, 2652, 'Real ladder, assembled nearside, Rear ladder', 0),
(2653, 2652, 'Aluminium side protection, Side protection', 0),
(2653, 2652, 'Steel air tanks 2x 60L, Air tanks', 0),
(2653, 2652, 'Goodyear Fuelmax T, Tires', 0),
(2653, 2652, 'standard BPW, Version', 0),
(2653, 2652, 'Tail lift not fitted, Tail lift', 0),
(2653, 2652, 'Fited Info center, Info center', 0),
(2653, 2652, 'GTO rubber buffer, Rear buffer', 0),
(2653, 2652, 'Aspock EP3 withiout end outline marker, Rear lights', 0),
(2653, 2652, 'Hubodometer fited, Hubodometer', 0),
(2653, 2652, 'Standard Underrun, Rear underrun', 0),
(2653, 2652, '26 pairs of lashing rings, Lashing rings', 0),
(2653, 2652, 'Jost L500 landing legs, Landing legs', 0),
(2653, 2652, '4 pairs of ferry rings, Ferry rings', 0),
(2653, 2652, 'Standard front vertical plate, Front vertical plate', 0),
(2653, 2652, '1250, 5-th wheel heigth', 0),
(2653, 2652, 'Full mudguards with Dowson logo, Mudguards', 0),
(2653, 2652, 'Keruing Wood Floor, Floor', 0),
(2653, 2652, 'Front pulpit 600, Front Pulpit', 0),
(2653, 2652, 'V-tech Reversing Sensors, Revers sensor', 0),
(2654, 2652, 'Steel rims, Rims', 2),
(2654, 2652, '158 mm, Neck Height', 2),
(2654, 2652, 'Haldex, Breaking system', 2),
(2654, 2652, 'BPW drum, Axle', 2),
(2654, 2652, 'Real ladder, assembled nearside, Rear ladder', 2),
(2654, 2652, 'Aluminium side protection, Side protection', 2),
(2654, 2652, 'Steel air tanks 2x 60L, Air tanks', 2),
(2654, 2652, 'Goodyear Fuelmax T, Tires', 2),
(2654, 2652, 'standard BPW, Version', 2),
(2654, 2652, 'Tail lift not fitted, Tail lift', 2),
(2654, 2652, 'Fited Info center, Info center', 2),
(2654, 2652, 'GTO rubber buffer, Rear buffer', 2),
(2654, 2652, 'Aspock EP3 withiout end outline marker, Rear lights', 2),
(2654, 2652, 'Hubodometer fited, Hubodometer', 2),
(2654, 2652, 'Standard Underrun, Rear underrun', 2),
(2654, 2652, '26 pairs of lashing rings, Lashing rings', 2),
(2654, 2652, 'Jost L500 landing legs, Landing legs', 2),
(2654, 2652, '4 pairs of ferry rings, Ferry rings', 2),
(2654, 2652, 'Standard front vertical plate, Front vertical plate', 2),
(2654, 2652, '1250, 5-th wheel heigth', 2),
(2654, 2652, 'Full mudguards with Dowson logo, Mudguards', 2),
(2654, 2652, 'Keruing Wood Floor, Floor', 2),
(2654, 2652, 'Front pulpit 600, Front Pulpit', 2),
(2654, 2652, 'V-tech Reversing Sensors, Revers sensor', 2),
(2654, 2652, 'other landing legs, Landing legs', 0),
(2654, 2652, '13 pairs of lashing rings, Lashing rings', 0),
(2689, 2652, '13 pairs of lashing rings, Lashing rings', 2),
(2689, 2652, 'other landing legs, Landing legs', 2),
(2689, 2652, 'Revers sensor, Aspock RDC', 0),
(2691, 2652, 'Revers sensor, Aspock RDC', 2),
(2691, 2652, 'Rear underrun, Rear underrun for V-tech revers sensor', 0),
(2694, 2652, 'Rear underrun, Rear underrun for V-tech revers sensor', 2),
(2694, 2652, 'Tires, Continental HT3 HYBRID', 0),
(2696, 2652, 'Tires, Continental HT3 HYBRID', 2),
(2696, 2652, 'Lashing rings, No lashing rings', 0),
(2698, 2473, 'Revers sensor, Not fited', 0),
(2700, 2473, 'Revers sensor, Not fited', 2),
(2700, 2473, 'Rear underrun, Rear underrun for Hamburgers', 0),
(2751, 2750, 'Steel rims, Rims', 0),
(2751, 2750, '158 mm, Neck Height', 0),
(2751, 2750, 'Haldex, Breaking system', 0),
(2751, 2750, 'BPW drum, Axle', 0),
(2751, 2750, 'Real ladder, assembled nearside, Rear ladder', 0),
(2751, 2750, 'Aluminium side protection, Side protection', 0),
(2751, 2750, 'Steel air tanks 2x 60L, Air tanks', 0),
(2751, 2750, 'Goodyear Fuelmax T, Tires', 0),
(2751, 2750, 'standard BPW, Version', 0),
(2751, 2750, 'Tail lift not fitted, Tail lift', 0),
(2751, 2750, 'Rear underrun with ADR plate, Rear underrun', 0),
(2751, 2750, 'GTO rubber buffer, Rear buffer', 0),
(2751, 2750, 'Aspock EP3 withiout end outline marker, Rear lights', 0),
(2751, 2750, 'Hubodometer fited, Hubodometer', 0);   
INSERT INTO PUBLIC.ORD_ORDER_FEATURES_STRINGS_AUD(REV, ORD_ID, ORDER_FEATURES_STRINGS, REVTYPE) VALUES
(2751, 2750, 'Not fited info center, Info center', 0),
(2751, 2750, '26 pairs of lashing rings, Lashing rings', 0),
(2751, 2750, 'Jost L500 landing legs, Landing legs', 0),
(2751, 2750, '4 pairs of ferry rings, Ferry rings', 0),
(2751, 2750, 'Standard front vertical plate, Front vertical plate', 0),
(2751, 2750, '1250, 5-th wheel heigth', 0),
(2751, 2750, 'Full mudguards with Dowson logo, Mudguards', 0),
(2751, 2750, 'Keruing Wood Floor, Floor', 0),
(2751, 2750, 'Front pulpit 600, Front Pulpit', 0),
(2751, 2750, 'V-tech Reversing Sensors, Revers sensor', 0),
(2752, 2750, 'Steel rims, Rims', 2),
(2752, 2750, '158 mm, Neck Height', 2),
(2752, 2750, 'Haldex, Breaking system', 2),
(2752, 2750, 'BPW drum, Axle', 2),
(2752, 2750, 'Real ladder, assembled nearside, Rear ladder', 2),
(2752, 2750, 'Aluminium side protection, Side protection', 2),
(2752, 2750, 'Steel air tanks 2x 60L, Air tanks', 2),
(2752, 2750, 'Goodyear Fuelmax T, Tires', 2),
(2752, 2750, 'standard BPW, Version', 2),
(2752, 2750, 'Tail lift not fitted, Tail lift', 2),
(2752, 2750, 'Rear underrun with ADR plate, Rear underrun', 2),
(2752, 2750, 'GTO rubber buffer, Rear buffer', 2),
(2752, 2750, 'Aspock EP3 withiout end outline marker, Rear lights', 2),
(2752, 2750, 'Hubodometer fited, Hubodometer', 2),
(2752, 2750, 'Not fited info center, Info center', 2),
(2752, 2750, '26 pairs of lashing rings, Lashing rings', 2),
(2752, 2750, 'Jost L500 landing legs, Landing legs', 2),
(2752, 2750, '4 pairs of ferry rings, Ferry rings', 2),
(2752, 2750, 'Standard front vertical plate, Front vertical plate', 2),
(2752, 2750, '1250, 5-th wheel heigth', 2),
(2752, 2750, 'Full mudguards with Dowson logo, Mudguards', 2),
(2752, 2750, 'Keruing Wood Floor, Floor', 2),
(2752, 2750, 'Front pulpit 600, Front Pulpit', 2),
(2752, 2750, 'V-tech Reversing Sensors, Revers sensor', 2),
(2752, 2750, 'Rear ladder, Ladder not fitted', 0),
(2755, 2750, 'Rear ladder, Ladder not fitted', 2),
(2755, 2750, STRINGDECODE('Mudguards, Mudguards with side wallance, with LD logo\n/n'), 0),
(2757, 2750, STRINGDECODE('Mudguards, Mudguards with side wallance, with LD logo\n/n'), 2),
(2757, 2750, 'Landing legs, Jost CW (with wheel) landing legs<br>', 0),
(2757, 2750, 'Rear buffer, No Buffer<br>', 0),
(2757, 2750, 'Rims, Alcoa aluminium rims<br>', 0),
(2761, 2652, 'Lashing rings, No lashing rings', 2),
(2761, 2652, 'Side protection, Aluminium side protection for different wheel base, tail lift<br>', 0),
(2761, 2652, 'Breaking system, Knorr Bremse<br>', 0),
(2761, 2652, 'Front vertical plate, Front Vertical plate for TEM Haldex<br>', 0),
(2761, 2652, 'Lashing rings, 26 pairs of lashing rings<br>', 0),
(2765, 2652, 'Breaking system, Knorr Bremse<br>', 2),
(2765, 2652, 'Front vertical plate, Front Vertical plate for TEM Haldex<br>', 2),
(2765, 2652, 'Lashing rings, 26 pairs of lashing rings<br>', 2),
(2765, 2652, 'Side protection, Aluminium side protection for different wheel base, tail lift<br>', 2),
(2765, 2652, 'Revers sensor, V-tech Reversing Sensors<br>', 0),
(2766, 2652, 'Revers sensor, V-tech Reversing Sensors<br>', 2),
(2767, 2473, 'Rear underrun, Rear underrun for Hamburgers', 2),
(2767, 2473, 'old revision', 0),
(2767, 2473, 'Rear ladder, Ladder not fitted<br>', 0),
(2768, 2473, 'Rear ladder, Ladder not fitted<br>', 2),
(2768, 2473, 'Front Pulpit, Front pulpit 1200 INOX<br>', 0),
(2768, 2473, 'new revision', 0),
(2770, 2473, 'Front Pulpit, Front pulpit 1200 INOX<br>', 2),
(2770, 2473, 'Mudguards, Mudguards with side wallance, with LD logo<br>', 0),
(2771, 2473, 'Mudguards, Mudguards with side wallance, with LD logo<br>', 2),
(2771, 2473, 'Hubodometer, Hubodometer<br>', 0),
(2771, 2473, 'Info center, Info center<br>', 0),
(2771, 2473, 'Rear underrun, Rear underrun<br>', 0),
(2771, 2473, 'Tail lift, Tail lift<br>', 0),
(2771, 2473, 'Lashing rings, Lashing rings<br>', 0),
(2771, 2473, 'Rear buffer, Rear buffer<br>', 0),
(2771, 2473, 'Rear ladder, Rear ladder<br>', 0),
(2771, 2473, 'Lashing rings, No lashing rings<br>', 0);              
INSERT INTO PUBLIC.ORD_ORDER_FEATURES_STRINGS_AUD(REV, ORD_ID, ORDER_FEATURES_STRINGS, REVTYPE) VALUES
(2771, 2473, 'Revers sensor, Revers sensor<br>', 0),
(2771, 2473, 'Tires, Tires<br>', 0),
(2771, 2473, 'Side protection, Side protection<br>', 0),
(2771, 2473, 'Air tanks, Air tanks<br>', 0),
(2771, 2473, 'Breaking system, Breaking system<br>', 0),
(2771, 2473, 'Ferry rings, Ferry rings<br>', 0),
(2771, 2473, 'Version, Version<br>', 0),
(2771, 2473, 'Rear lights, Rear lights<br>', 0),
(2771, 2473, 'Axle, Axle<br>', 0),
(2771, 2473, '5-th wheel heigth, 5-th wheel heigth<br>', 0),
(2771, 2473, 'Landing legs, Landing legs<br>', 0),
(2771, 2473, 'Floor, Floor<br>', 0),
(2771, 2473, 'Neck Height, Neck Height<br>', 0),
(2771, 2473, 'Rims, Rims<br>', 0),
(2771, 2473, 'Front vertical plate, Front vertical plate<br>', 0),
(2771, 2473, 'Mudguards, Mudguards<br>', 0),
(2771, 2473, 'Front Pulpit, Front Pulpit<br>', 0),
(2773, 2473, '5-th wheel heigth, 5-th wheel heigth<br>', 2),
(2773, 2473, 'Front Pulpit, Front Pulpit<br>', 2),
(2773, 2473, 'Mudguards, Mudguards<br>', 2),
(2773, 2473, 'Neck Height, Neck Height<br>', 2),
(2773, 2473, 'Floor, Floor<br>', 2),
(2773, 2473, 'Axle, Axle<br>', 2),
(2773, 2473, 'Lashing rings, No lashing rings<br>', 2),
(2773, 2473, 'Landing legs, Landing legs<br>', 2),
(2773, 2473, 'Revers sensor, Revers sensor<br>', 2),
(2773, 2473, 'Tires, Tires<br>', 2),
(2773, 2473, 'Rear buffer, Rear buffer<br>', 2),
(2773, 2473, 'Tail lift, Tail lift<br>', 2),
(2773, 2473, 'Lashing rings, Lashing rings<br>', 2),
(2773, 2473, 'Rear ladder, Rear ladder<br>', 2),
(2773, 2473, 'Rear underrun, Rear underrun<br>', 2),
(2773, 2473, 'Info center, Info center<br>', 2),
(2773, 2473, 'Hubodometer, Hubodometer<br>', 2),
(2773, 2473, 'Version, Version<br>', 2),
(2773, 2473, 'Rims, Rims<br>', 2),
(2773, 2473, 'Rear lights, Rear lights<br>', 2),
(2773, 2473, 'Ferry rings, Ferry rings<br>', 2),
(2773, 2473, 'Front vertical plate, Front vertical plate<br>', 2),
(2773, 2473, 'Breaking system, Breaking system<br>', 2),
(2773, 2473, 'Air tanks, Air tanks<br>', 2),
(2773, 2473, 'Side protection, Side protection<br>', 2),
(2773, 2473, 'Mudguards, Full mudguards with Dowson logo<br>', 0),
(2773, 2473, 'Air tanks, Steel air tanks 2x 60L<br>', 0),
(2773, 2473, 'Front vertical plate, Standard front vertical plate<br>', 0),
(2773, 2473, 'Breaking system, Haldex<br>', 0),
(2773, 2473, 'Rear buffer, GTO rubber buffer<br>', 0),
(2773, 2473, 'Rear lights, Rubbolite M800<br>', 0),
(2773, 2473, 'Tail lift, Tail lift not fitted<br>', 0),
(2773, 2473, 'Rims, Steel rims<br>', 0),
(2773, 2473, 'Rear underrun, Standard Underrun<br>', 0),
(2773, 2473, 'Rear ladder, Real ladder, assembled nearside<br>', 0),
(2773, 2473, '5-th wheel heigth, 1250<br>', 0),
(2773, 2473, 'Hubodometer, Hubodometer fited<br>', 0),
(2773, 2473, 'Lashing rings, 26 pairs of lashing rings<br>', 0),
(2773, 2473, 'Ferry rings, 4 pairs of ferry rings<br>', 0),
(2773, 2473, 'Revers sensor, V-tech Reversing Sensors<br>', 0),
(2773, 2473, 'Version, standard BPW<br>', 0),
(2773, 2473, 'Neck Height, 158 mm<br>', 0),
(2773, 2473, 'Axle, BPW drum<br>', 0),
(2773, 2473, 'Front Pulpit, Front pulpit 600<br>', 0),
(2773, 2473, 'Floor, Keruing Wood Floor<br>', 0),
(2773, 2473, 'Landing legs, Jost L500 landing legs<br>', 0),
(2773, 2473, 'Side protection, Aluminium side protection<br>', 0),
(2773, 2473, 'Info center, Not fited info center<br>', 0),
(2773, 2473, 'Tires, Goodyear Fuelmax T<br>', 0),
(2773, 2473, 'Rear lights, Aspock EP3 withiout end outline marker<br>', 0),
(2775, 2473, 'Rear lights, Rubbolite M800<br>', 2),
(2775, 2473, 'Rear buffer, Double roll buffer<br>', 0),
(2807, 2473, 'old revision', 2),
(2807, 2473, 'Front vertical plate, Standard front vertical plate<br>', 2),
(2807, 2473, 'Rear ladder, Real ladder, assembled nearside<br>', 2),
(2807, 2473, 'Lashing rings, 26 pairs of lashing rings<br>', 2),
(2807, 2473, 'Neck Height, 158 mm<br>', 2),
(2807, 2473, 'Hubodometer, Hubodometer fited<br>', 2),
(2807, 2473, 'Front Pulpit, Front pulpit 600<br>', 2),
(2807, 2473, 'Axle, BPW drum<br>', 2);      
INSERT INTO PUBLIC.ORD_ORDER_FEATURES_STRINGS_AUD(REV, ORD_ID, ORDER_FEATURES_STRINGS, REVTYPE) VALUES
(2807, 2473, 'Version, standard BPW<br>', 2),
(2807, 2473, 'Landing legs, Jost L500 landing legs<br>', 2),
(2807, 2473, 'Rear buffer, Double roll buffer<br>', 2),
(2807, 2473, 'Rear underrun, Standard Underrun<br>', 2),
(2807, 2473, '5-th wheel heigth, 1250<br>', 2),
(2807, 2473, 'Air tanks, Steel air tanks 2x 60L<br>', 2),
(2807, 2473, 'Revers sensor, V-tech Reversing Sensors<br>', 2),
(2807, 2473, 'Side protection, Aluminium side protection<br>', 2),
(2807, 2473, 'Ferry rings, 4 pairs of ferry rings<br>', 2),
(2807, 2473, 'new revision', 2),
(2807, 2473, 'Rear lights, Aspock EP3 withiout end outline marker<br>', 2),
(2807, 2473, 'Info center, Not fited info center<br>', 2),
(2807, 2473, 'Breaking system, Haldex<br>', 2),
(2807, 2473, 'Tires, Goodyear Fuelmax T<br>', 2),
(2807, 2473, 'Floor, Keruing Wood Floor<br>', 2),
(2807, 2473, 'Tail lift, Tail lift not fitted<br>', 2),
(2807, 2473, 'Rims, Steel rims<br>', 2),
(2807, 2473, 'old revision:', 0),
(2807, 2473, 'Mudguards, Mudguards with side wallance, with LD logo<br>', 0),
(2807, 2473, 'new revision:', 0),
(2807, 2473, 'Rear buffer, No Buffer<br>', 0),
(2809, 2473, 'Mudguards, Full mudguards with Dowson logo<br>', 2),
(2809, 2473, 'Mudguards, Mudguards with side wallance, with LD logo<br>', 2),
(2809, 2473, 'Landing legs, Jost CW (with wheel) landing legs<br>', 0),
(2809, 2473, 'Landing legs, Jost L500 landing legs<br>', 0),
(2859, 2858, 'Steel rims, Rims', 0),
(2859, 2858, '158 mm, Neck Height', 0),
(2859, 2858, 'Haldex, Breaking system', 0),
(2859, 2858, 'BPW drum, Axle', 0),
(2859, 2858, 'Real ladder, assembled nearside, Rear ladder', 0),
(2859, 2858, 'Aluminium side protection, Side protection', 0),
(2859, 2858, 'Steel air tanks 2x 60L, Air tanks', 0),
(2859, 2858, 'Goodyear Fuelmax T, Tires', 0),
(2859, 2858, 'standard BPW, Version', 0),
(2859, 2858, 'Tail lift not fitted, Tail lift', 0),
(2859, 2858, 'GTO rubber buffer, Rear buffer', 0),
(2859, 2858, 'Aspock EP3 withiout end outline marker, Rear lights', 0),
(2859, 2858, 'Hubodometer fited, Hubodometer', 0),
(2859, 2858, 'Standard Underrun, Rear underrun', 0),
(2859, 2858, 'Not fited info center, Info center', 0),
(2859, 2858, '26 pairs of lashing rings, Lashing rings', 0),
(2859, 2858, 'Jost L500 landing legs, Landing legs', 0),
(2859, 2858, '4 pairs of ferry rings, Ferry rings', 0),
(2859, 2858, 'Front pulpit 1200 INOX, Front Pulpit', 0),
(2859, 2858, 'Standard front vertical plate, Front vertical plate', 0),
(2859, 2858, '1250, 5-th wheel heigth', 0),
(2859, 2858, 'Full mudguards with Dowson logo, Mudguards', 0),
(2859, 2858, 'Keruing Wood Floor, Floor', 0),
(2859, 2858, 'V-tech Reversing Sensors, Revers sensor', 0),
(2860, 2858, 'Steel rims, Rims', 2),
(2860, 2858, '158 mm, Neck Height', 2),
(2860, 2858, 'Haldex, Breaking system', 2),
(2860, 2858, 'BPW drum, Axle', 2),
(2860, 2858, 'Real ladder, assembled nearside, Rear ladder', 2),
(2860, 2858, 'Aluminium side protection, Side protection', 2),
(2860, 2858, 'Steel air tanks 2x 60L, Air tanks', 2),
(2860, 2858, 'Goodyear Fuelmax T, Tires', 2),
(2860, 2858, 'standard BPW, Version', 2),
(2860, 2858, 'Tail lift not fitted, Tail lift', 2),
(2860, 2858, 'GTO rubber buffer, Rear buffer', 2),
(2860, 2858, 'Aspock EP3 withiout end outline marker, Rear lights', 2),
(2860, 2858, 'Hubodometer fited, Hubodometer', 2),
(2860, 2858, 'Standard Underrun, Rear underrun', 2),
(2860, 2858, 'Not fited info center, Info center', 2),
(2860, 2858, '26 pairs of lashing rings, Lashing rings', 2),
(2860, 2858, 'Jost L500 landing legs, Landing legs', 2),
(2860, 2858, '4 pairs of ferry rings, Ferry rings', 2),
(2860, 2858, 'Front pulpit 1200 INOX, Front Pulpit', 2),
(2860, 2858, 'Standard front vertical plate, Front vertical plate', 2),
(2860, 2858, '1250, 5-th wheel heigth', 2),
(2860, 2858, 'Full mudguards with Dowson logo, Mudguards', 2),
(2860, 2858, 'Keruing Wood Floor, Floor', 2),
(2860, 2858, 'V-tech Reversing Sensors, Revers sensor', 2),
(2860, 2858, 'new revision:', 0),
(2860, 2858, 'old revision:', 0);    
INSERT INTO PUBLIC.ORD_ORDER_FEATURES_STRINGS_AUD(REV, ORD_ID, ORDER_FEATURES_STRINGS, REVTYPE) VALUES
(2860, 2858, 'Revers sensor, V-tech Reversing Sensors<br>', 0),
(2860, 2858, 'Revers sensor, Not fited<br>', 0),
(2862, 2858, 'Revers sensor, V-tech Reversing Sensors<br>', 2),
(2862, 2858, 'Revers sensor, Not fited<br>', 2),
(2862, 2858, 'Floor, Keruing Wood Floor<br>', 0),
(2862, 2858, 'Front Pulpit, Front pulpit 1200 INOX<br>', 0),
(2862, 2858, 'Rear ladder, Ladder not fitted<br>', 0),
(2862, 2858, 'Front Pulpit, Front pulpit 600<br>', 0),
(2862, 2858, 'Floor, Full Plywood<br>', 0),
(2862, 2858, 'Rear ladder, Real ladder, assembled nearside<br>', 0),
(2866, 2858, 'Floor, Full Plywood<br>', 2),
(2866, 2858, 'Floor, Keruing Wood Floor<br>', 2),
(2869, 2858, 'old revision:', 2),
(2869, 2858, 'Front Pulpit, Front pulpit 1200 INOX<br>', 2),
(2869, 2858, 'Front Pulpit, Front pulpit 600<br>', 2),
(2869, 2858, 'Rear ladder, Ladder not fitted<br>', 2),
(2869, 2858, 'Rear ladder, Real ladder, assembled nearside<br>', 2),
(2869, 2858, 'new revision:', 2),
(2869, 2858, 'old revision:<br>', 0),
(2869, 2858, 'new revision:<br>', 0),
(2874, 2858, 'old revision:<br>', 2),
(2874, 2858, 'new revision:<br>', 2),
(2874, 2858, 'Rear underrun: Standard Underrun -> Underrun  not fited', 0),
(2874, 2858, 'Floor: Plywood with anti slippery plate on last 1.2 m -> Keruing Wood Floor', 0),
(2877, 2858, 'Rear underrun: Standard Underrun -> Underrun  not fited', 2),
(2877, 2858, 'Floor: Plywood with anti slippery plate on last 1.2 m -> Keruing Wood Floor', 2),
(2877, 2858, 'Floor: Keruing Wood Floor -> Full Plywood', 0),
(2928, 2927, 'Steel rims, Rims', 0),
(2928, 2927, '158 mm, Neck Height', 0),
(2928, 2927, 'Haldex, Breaking system', 0),
(2928, 2927, 'Hubodometer not fitted, Hubodometer', 0),
(2928, 2927, 'BPW drum, Axle', 0),
(2928, 2927, 'Real ladder, assembled nearside, Rear ladder', 0),
(2928, 2927, 'Aluminium side protection, Side protection', 0),
(2928, 2927, 'Steel air tanks 2x 60L, Air tanks', 0),
(2928, 2927, 'Goodyear Fuelmax T, Tires', 0),
(2928, 2927, 'standard BPW, Version', 0),
(2928, 2927, 'Tail lift not fitted, Tail lift', 0),
(2928, 2927, 'GTO rubber buffer, Rear buffer', 0),
(2928, 2927, 'Aspock EP3 withiout end outline marker, Rear lights', 0),
(2928, 2927, 'Standard Underrun, Rear underrun', 0),
(2928, 2927, 'Not fited info center, Info center', 0),
(2928, 2927, '26 pairs of lashing rings, Lashing rings', 0),
(2928, 2927, 'Jost L500 landing legs, Landing legs', 0),
(2928, 2927, '4 pairs of ferry rings, Ferry rings', 0),
(2928, 2927, 'Standard front vertical plate, Front vertical plate', 0),
(2928, 2927, '1250, 5-th wheel heigth', 0),
(2928, 2927, 'Full mudguards with Dowson logo, Mudguards', 0),
(2928, 2927, 'Keruing Wood Floor, Floor', 0),
(2928, 2927, 'Front pulpit 600, Front Pulpit', 0),
(2928, 2927, 'V-tech Reversing Sensors, Revers sensor', 0),
(2978, 2977, 'Steel rims, Rims', 0),
(2978, 2977, '158 mm, Neck Height', 0),
(2978, 2977, 'Haldex, Breaking system', 0),
(2978, 2977, 'BPW drum, Axle', 0),
(2978, 2977, 'Real ladder, assembled nearside, Rear ladder', 0),
(2978, 2977, 'Aluminium side protection, Side protection', 0),
(2978, 2977, 'Steel air tanks 2x 60L, Air tanks', 0),
(2978, 2977, 'Goodyear Fuelmax T, Tires', 0),
(2978, 2977, 'standard BPW, Version', 0),
(2978, 2977, 'Tail lift not fitted, Tail lift', 0),
(2978, 2977, 'GTO rubber buffer, Rear buffer', 0),
(2978, 2977, 'Aspock EP3 withiout end outline marker, Rear lights', 0),
(2978, 2977, 'Hubodometer fited, Hubodometer', 0),
(2978, 2977, 'Standard Underrun, Rear underrun', 0),
(2978, 2977, 'Jost CW (with wheel) landing legs, Landing legs', 0),
(2978, 2977, 'Not fited info center, Info center', 0),
(2978, 2977, '26 pairs of lashing rings, Lashing rings', 0),
(2978, 2977, '4 pairs of ferry rings, Ferry rings', 0),
(2978, 2977, 'Standard front vertical plate, Front vertical plate', 0),
(2978, 2977, '1250, 5-th wheel heigth', 0),
(2978, 2977, 'Full mudguards with Dowson logo, Mudguards', 0),
(2978, 2977, 'Keruing Wood Floor, Floor', 0),
(2978, 2977, 'Front pulpit 600, Front Pulpit', 0);         
INSERT INTO PUBLIC.ORD_ORDER_FEATURES_STRINGS_AUD(REV, ORD_ID, ORDER_FEATURES_STRINGS, REVTYPE) VALUES
(2978, 2977, 'V-tech Reversing Sensors, Revers sensor', 0),
(2993, 2977, 'Steel rims, Rims', 2),
(2993, 2977, '158 mm, Neck Height', 2),
(2993, 2977, 'Haldex, Breaking system', 2),
(2993, 2977, 'BPW drum, Axle', 2),
(2993, 2977, 'Real ladder, assembled nearside, Rear ladder', 2),
(2993, 2977, 'Aluminium side protection, Side protection', 2),
(2993, 2977, 'Steel air tanks 2x 60L, Air tanks', 2),
(2993, 2977, 'Goodyear Fuelmax T, Tires', 2),
(2993, 2977, 'standard BPW, Version', 2),
(2993, 2977, 'Tail lift not fitted, Tail lift', 2),
(2993, 2977, 'GTO rubber buffer, Rear buffer', 2),
(2993, 2977, 'Aspock EP3 withiout end outline marker, Rear lights', 2),
(2993, 2977, 'Hubodometer fited, Hubodometer', 2),
(2993, 2977, 'Standard Underrun, Rear underrun', 2),
(2993, 2977, 'Jost CW (with wheel) landing legs, Landing legs', 2),
(2993, 2977, 'Not fited info center, Info center', 2),
(2993, 2977, '26 pairs of lashing rings, Lashing rings', 2),
(2993, 2977, '4 pairs of ferry rings, Ferry rings', 2),
(2993, 2977, 'Standard front vertical plate, Front vertical plate', 2),
(2993, 2977, '1250, 5-th wheel heigth', 2),
(2993, 2977, 'Full mudguards with Dowson logo, Mudguards', 2),
(2993, 2977, 'Keruing Wood Floor, Floor', 2),
(2993, 2977, 'Front pulpit 600, Front Pulpit', 2),
(2993, 2977, 'V-tech Reversing Sensors, Revers sensor', 2),
(3043, 3042, 'Steel rims, Rims', 0),
(3043, 3042, '158 mm, Neck Height', 0),
(3043, 3042, 'Haldex, Breaking system', 0),
(3043, 3042, 'BPW drum, Axle', 0),
(3043, 3042, 'Real ladder, assembled nearside, Rear ladder', 0),
(3043, 3042, 'Aluminium side protection, Side protection', 0),
(3043, 3042, 'Steel air tanks 2x 60L, Air tanks', 0),
(3043, 3042, 'Goodyear Fuelmax T, Tires', 0),
(3043, 3042, 'standard BPW, Version', 0),
(3043, 3042, 'Tail lift not fitted, Tail lift', 0),
(3043, 3042, 'GTO rubber buffer, Rear buffer', 0),
(3043, 3042, 'Aspock EP3 withiout end outline marker, Rear lights', 0),
(3043, 3042, 'Hubodometer fited, Hubodometer', 0),
(3043, 3042, 'Standard Underrun, Rear underrun', 0),
(3043, 3042, 'Jost CW (with wheel) landing legs, Landing legs', 0),
(3043, 3042, 'Not fited info center, Info center', 0),
(3043, 3042, '26 pairs of lashing rings, Lashing rings', 0),
(3043, 3042, '4 pairs of ferry rings, Ferry rings', 0),
(3043, 3042, 'Standard front vertical plate, Front vertical plate', 0),
(3043, 3042, '1250, 5-th wheel heigth', 0),
(3043, 3042, 'Full mudguards with Dowson logo, Mudguards', 0),
(3043, 3042, 'Keruing Wood Floor, Floor', 0),
(3043, 3042, 'Front pulpit 600, Front Pulpit', 0),
(3043, 3042, 'V-tech Reversing Sensors, Revers sensor', 0),
(3044, 3042, 'Steel rims, Rims', 2),
(3044, 3042, '158 mm, Neck Height', 2),
(3044, 3042, 'Haldex, Breaking system', 2),
(3044, 3042, 'BPW drum, Axle', 2),
(3044, 3042, 'Real ladder, assembled nearside, Rear ladder', 2),
(3044, 3042, 'Aluminium side protection, Side protection', 2),
(3044, 3042, 'Steel air tanks 2x 60L, Air tanks', 2),
(3044, 3042, 'Goodyear Fuelmax T, Tires', 2),
(3044, 3042, 'standard BPW, Version', 2),
(3044, 3042, 'Tail lift not fitted, Tail lift', 2),
(3044, 3042, 'GTO rubber buffer, Rear buffer', 2),
(3044, 3042, 'Aspock EP3 withiout end outline marker, Rear lights', 2),
(3044, 3042, 'Hubodometer fited, Hubodometer', 2),
(3044, 3042, 'Standard Underrun, Rear underrun', 2),
(3044, 3042, 'Jost CW (with wheel) landing legs, Landing legs', 2),
(3044, 3042, 'Not fited info center, Info center', 2),
(3044, 3042, '26 pairs of lashing rings, Lashing rings', 2),
(3044, 3042, '4 pairs of ferry rings, Ferry rings', 2),
(3044, 3042, 'Standard front vertical plate, Front vertical plate', 2),
(3044, 3042, '1250, 5-th wheel heigth', 2),
(3044, 3042, 'Full mudguards with Dowson logo, Mudguards', 2),
(3044, 3042, 'Keruing Wood Floor, Floor', 2),
(3044, 3042, 'Front pulpit 600, Front Pulpit', 2),
(3044, 3042, 'V-tech Reversing Sensors, Revers sensor', 2),
(3044, 3042, 'Revers sensor: V-tech Reversing Sensors -> Aspock RDC', 0),
(3044, 3042, 'Rear buffer: GTO rubber buffer -> No Buffer', 0);
INSERT INTO PUBLIC.ORD_ORDER_FEATURES_STRINGS_AUD(REV, ORD_ID, ORDER_FEATURES_STRINGS, REVTYPE) VALUES
(3044, 3042, 'Lashing rings: 26 pairs of lashing rings -> 13 pairs of lashing rings', 0),
(3048, 2858, 'Floor: Keruing Wood Floor -> Full Plywood', 2),
(3049, 2473, 'old revision:', 2),
(3049, 2473, 'Rear buffer, GTO rubber buffer<br>', 2),
(3049, 2473, 'Landing legs, Jost L500 landing legs<br>', 2),
(3049, 2473, 'new revision:', 2),
(3049, 2473, 'Landing legs, Jost CW (with wheel) landing legs<br>', 2),
(3049, 2473, 'Rear buffer, No Buffer<br>', 2),
(3050, 2750, 'Landing legs, Jost CW (with wheel) landing legs<br>', 2),
(3050, 2750, 'Rims, Alcoa aluminium rims<br>', 2),
(3050, 2750, 'Rear buffer, No Buffer<br>', 2);        
CREATE CACHED TABLE PUBLIC.PRODUCT_FEATURE_PRODUCT_CONFIGURATION_AUD(
    REV INTEGER NOT NULL,
    CONFIGURATION_LIST_ID BIGINT NOT NULL,
    PRODUCT_CONFIGURATION_ID BIGINT NOT NULL,
    REVTYPE TINYINT
);
ALTER TABLE PUBLIC.PRODUCT_FEATURE_PRODUCT_CONFIGURATION_AUD ADD CONSTRAINT PUBLIC.CONSTRAINT_B0 PRIMARY KEY(REV, CONFIGURATION_LIST_ID, PRODUCT_CONFIGURATION_ID);            
-- 35 +/- SELECT COUNT(*) FROM PUBLIC.PRODUCT_FEATURE_PRODUCT_CONFIGURATION_AUD;               
INSERT INTO PUBLIC.PRODUCT_FEATURE_PRODUCT_CONFIGURATION_AUD(REV, CONFIGURATION_LIST_ID, PRODUCT_CONFIGURATION_ID, REVTYPE) VALUES
(453, 11, 8, 0),
(453, 12, 8, 0),
(453, 13, 8, 0),
(453, 35, 8, 0),
(453, 73, 8, 0),
(453, 90, 8, 0),
(453, 105, 8, 0),
(453, 115, 8, 0),
(453, 124, 8, 0),
(453, 139, 8, 0),
(453, 163, 8, 0),
(453, 170, 8, 0),
(453, 180, 8, 0),
(453, 186, 8, 0),
(453, 194, 8, 0),
(453, 204, 8, 0),
(453, 210, 8, 0),
(453, 217, 8, 0),
(453, 223, 8, 0),
(453, 229, 8, 0),
(453, 251, 8, 0),
(453, 328, 8, 0),
(453, 357, 8, 0),
(453, 370, 8, 0),
(453, 379, 8, 0),
(479, 11, 398, 0),
(479, 12, 398, 0),
(479, 13, 398, 0),
(479, 35, 398, 0),
(484, 11, 8, 2),
(484, 11, 398, 2),
(485, 12, 8, 2),
(485, 12, 398, 2),
(486, 13, 398, 2),
(486, 13, 8, 2);         
CREATE CACHED TABLE PUBLIC.PRODUCT_FEATURE_PRODUCT_CONFIGURATION(
    CONFIGURATION_LIST_ID BIGINT NOT NULL,
    PRODUCT_CONFIGURATION_ID BIGINT NOT NULL
);   
-- 44 +/- SELECT COUNT(*) FROM PUBLIC.PRODUCT_FEATURE_PRODUCT_CONFIGURATION;   
INSERT INTO PUBLIC.PRODUCT_FEATURE_PRODUCT_CONFIGURATION(CONFIGURATION_LIST_ID, PRODUCT_CONFIGURATION_ID) VALUES
(73, 8),
(73, 8),
(90, 8),
(90, 8),
(105, 8),
(105, 8),
(115, 8),
(115, 8),
(124, 8),
(124, 8),
(139, 8),
(139, 8),
(163, 8),
(163, 8),
(170, 8),
(170, 8),
(180, 8),
(180, 8),
(186, 8),
(186, 8),
(194, 8),
(194, 8),
(204, 8),
(204, 8),
(210, 8),
(210, 8),
(217, 8),
(217, 8),
(223, 8),
(223, 8),
(229, 8),
(229, 8),
(251, 8),
(251, 8),
(328, 8),
(328, 8),
(357, 8),
(357, 8),
(370, 8),
(370, 8),
(379, 8),
(379, 8),
(35, 8),
(35, 8);             
CREATE CACHED TABLE PUBLIC.ORD_ORDER_FEATURES_STRINGS(
    ORD_ID BIGINT NOT NULL,
    ORDER_FEATURES_STRINGS VARCHAR(255)
);  
-- 27 +/- SELECT COUNT(*) FROM PUBLIC.ORD_ORDER_FEATURES_STRINGS;              
INSERT INTO PUBLIC.ORD_ORDER_FEATURES_STRINGS(ORD_ID, ORDER_FEATURES_STRINGS) VALUES
(2927, '1250, 5-th wheel heigth'),
(2927, 'BPW drum, Axle'),
(2927, 'standard BPW, Version'),
(2927, 'Tail lift not fitted, Tail lift'),
(2927, '158 mm, Neck Height'),
(2927, 'V-tech Reversing Sensors, Revers sensor'),
(2927, 'Front pulpit 600, Front Pulpit'),
(2927, 'Real ladder, assembled nearside, Rear ladder'),
(2927, 'Keruing Wood Floor, Floor'),
(2927, 'Standard Underrun, Rear underrun'),
(2927, 'Jost L500 landing legs, Landing legs'),
(2927, 'Steel air tanks 2x 60L, Air tanks'),
(2927, 'Aluminium side protection, Side protection'),
(2927, 'Full mudguards with Dowson logo, Mudguards'),
(2927, 'GTO rubber buffer, Rear buffer'),
(2927, 'Steel rims, Rims'),
(2927, 'Goodyear Fuelmax T, Tires'),
(2927, 'Not fited info center, Info center'),
(2927, 'Haldex, Breaking system'),
(2927, 'Aspock EP3 withiout end outline marker, Rear lights'),
(2927, 'Hubodometer not fitted, Hubodometer'),
(2927, 'Standard front vertical plate, Front vertical plate'),
(2927, '26 pairs of lashing rings, Lashing rings'),
(2927, '4 pairs of ferry rings, Ferry rings'),
(3042, 'Revers sensor: V-tech Reversing Sensors -> Aspock RDC'),
(3042, 'Lashing rings: 26 pairs of lashing rings -> 13 pairs of lashing rings'),
(3042, 'Rear buffer: GTO rubber buffer -> No Buffer');               
ALTER TABLE PUBLIC.USER ADD CONSTRAINT PUBLIC.UK_OB8KQYQQGMEFL0ACO34AKDTPE UNIQUE(EMAIL);      
ALTER TABLE PUBLIC.USER ADD CONSTRAINT PUBLIC.UK_EW1HVAM8UWAKNUAELLWHQCHHB UNIQUE(LOGIN);      
ALTER TABLE PUBLIC.PROJECT ADD CONSTRAINT PUBLIC.UK_PBFM0XRDQW1ANDX15423O4LTF UNIQUE(PROJECT_NAME);            
ALTER TABLE PUBLIC.USER ADD CONSTRAINT PUBLIC.UK_SB8BBOUER5WAK8VYIIY4PF2BX UNIQUE(USERNAME);   
ALTER TABLE PUBLIC.PRODUCT_CONFIGURATION ADD CONSTRAINT PUBLIC.UK_8BHC5GKWH94NJ5CRLOPF08HTN UNIQUE(NAME);      
ALTER TABLE PUBLIC.PROJECT_PARTICIPANTS ADD CONSTRAINT PUBLIC.FKBLYX3R2A6YYBC40O86MJJ1I7J FOREIGN KEY(USER_ID) REFERENCES PUBLIC.USER(ID) NOCHECK;             
ALTER TABLE PUBLIC.PRODUCT_FEATURE_PRODUCT_CONFIGURATION_AUD ADD CONSTRAINT PUBLIC.FKBVAQ9NOQ3JUXIBJ0GY59O2OOH FOREIGN KEY(REV) REFERENCES PUBLIC.REVINFO(ID) NOCHECK;         
ALTER TABLE PUBLIC.ORDER_FEATURE ADD CONSTRAINT PUBLIC.FK59ASJ36MIDY1AG1Q16GWDBPL8 FOREIGN KEY(PRODUCT_FEATURE_ID) REFERENCES PUBLIC.PRODUCT_FEATURE(ID) NOCHECK;              
ALTER TABLE PUBLIC.ORD_ORDER_FEATURES_STRINGS ADD CONSTRAINT PUBLIC.FKPWY6EPD4KKSNMGKEUTW1VV9EM FOREIGN KEY(ORD_ID) REFERENCES PUBLIC.ORD(ID) NOCHECK;         
ALTER TABLE PUBLIC.FEATURE_PRODUCT_FEATURE_LIST ADD CONSTRAINT PUBLIC.FK71JHOD97SRKTOT7RIVFTC979I FOREIGN KEY(FEATURE_ID) REFERENCES PUBLIC.FEATURE(ID) NOCHECK;               
ALTER TABLE PUBLIC.TASK ADD CONSTRAINT PUBLIC.FK2HSYTMXYSATFVT0P1992CW449 FOREIGN KEY(USER_ID) REFERENCES PUBLIC.USER(ID) NOCHECK;             
ALTER TABLE PUBLIC.PARTICIPANTS ADD CONSTRAINT PUBLIC.FKLYGOCMOHUH11SVFDUXXW8YKK6 FOREIGN KEY(USER_ID) REFERENCES PUBLIC.USER(ID) NOCHECK;     
ALTER TABLE PUBLIC.PRODUCT_FEATURE_FEATURE_AUD ADD CONSTRAINT PUBLIC.FKC8C8T820JJG267H98NDWM6YJR FOREIGN KEY(REV) REFERENCES PUBLIC.REVINFO(ID) NOCHECK;       
ALTER TABLE PUBLIC.PROJECT_USERS ADD CONSTRAINT PUBLIC.FK9AT0EI37RLS7VD2M6SH92668H FOREIGN KEY(PROJECT_ID) REFERENCES PUBLIC.PROJECT(ID) NOCHECK;              
ALTER TABLE PUBLIC.PRODUCT_FEATURE ADD CONSTRAINT PUBLIC.FKRP6XSPA4WGMRN3X5SFUC3VJIK FOREIGN KEY(PRODUCT_CONFIGURATION_ID) REFERENCES PUBLIC.PRODUCT_CONFIGURATION(ID) NOCHECK;
ALTER TABLE PUBLIC.FEATURE_PRODUCT_FEATURE_LIST_AUD ADD CONSTRAINT PUBLIC.FK2932AI74XROW96F15SQN0C3LW FOREIGN KEY(REV) REFERENCES PUBLIC.REVINFO(ID) NOCHECK;  
ALTER TABLE PUBLIC.TASK_AUD ADD CONSTRAINT PUBLIC.FKAERB34SJRAIW4VJH4OH46RB71 FOREIGN KEY(REV) REFERENCES PUBLIC.REVINFO(ID) NOCHECK;          
ALTER TABLE PUBLIC.PROJECT_USERS ADD CONSTRAINT PUBLIC.FK1M4KYGHSGB54TDLEF6NASVJX7 FOREIGN KEY(USERS_ID) REFERENCES PUBLIC.USER(ID) NOCHECK;   
ALTER TABLE PUBLIC.PARTICIPANTS ADD CONSTRAINT PUBLIC.FKTN91OMQ9LHHC0ITJMVFGBU26O FOREIGN KEY(PROJECT_ID) REFERENCES PUBLIC.PROJECT(ID) NOCHECK;               
ALTER TABLE PUBLIC.PRODUCT_FEATURE_PRODUCT_CONFIGURATION ADD CONSTRAINT PUBLIC.FK7XY8JNGDJPEAEMNNM8KTPV47R FOREIGN KEY(PRODUCT_CONFIGURATION_ID) REFERENCES PUBLIC.PRODUCT_CONFIGURATION(ID) NOCHECK;          
ALTER TABLE PUBLIC.ORD_AUD ADD CONSTRAINT PUBLIC.FKK1VH8OC7U6JTVMQ472G9FKFAA FOREIGN KEY(REV) REFERENCES PUBLIC.REVINFO(ID) NOCHECK;           
ALTER TABLE PUBLIC.PRODUCT_CONFIGURATION_AUD ADD CONSTRAINT PUBLIC.FKSF1WFU50N4BYPDF1M634EU0A4 FOREIGN KEY(REV) REFERENCES PUBLIC.REVINFO(ID) NOCHECK;         
ALTER TABLE PUBLIC.USER_AUD ADD CONSTRAINT PUBLIC.FK89NTTO9KOBWAHRWXBNE2NQCNR FOREIGN KEY(REV) REFERENCES PUBLIC.REVINFO(ID) NOCHECK;          
ALTER TABLE PUBLIC.PRODUCT_FEATURE_PRODUCT_CONFIGURATION ADD CONSTRAINT PUBLIC.FK58G5VBT61C3FYKI3CMNFHAUUJ FOREIGN KEY(CONFIGURATION_LIST_ID) REFERENCES PUBLIC.PRODUCT_FEATURE(ID) NOCHECK;   
ALTER TABLE PUBLIC.FEATURE_PRODUCT_FEATURE_LIST ADD CONSTRAINT PUBLIC.FKTRRJAOEYI8RBBKBO8EXQUDYD FOREIGN KEY(PRODUCT_FEATURE_LIST_ID) REFERENCES PUBLIC.PRODUCT_FEATURE(ID) NOCHECK;           
ALTER TABLE PUBLIC.ORD_ORDER_FEATURES_STRINGS_AUD ADD CONSTRAINT PUBLIC.FK97MKUUJMJ08G4A0UEPNF3Q69L FOREIGN KEY(REV) REFERENCES PUBLIC.REVINFO(ID) NOCHECK;    
ALTER TABLE PUBLIC.FEATURE ADD CONSTRAINT PUBLIC.FKS9C7HAOO1AAHLELKE9TAM2X8J FOREIGN KEY(ORDER_FEATURES_ID) REFERENCES PUBLIC.ORDER_FEATURE(ID) NOCHECK;       
ALTER TABLE PUBLIC.PROJECT ADD CONSTRAINT PUBLIC.FKO06V2E9KUAPCUGNYHTTQA1VPT FOREIGN KEY(USER_ID) REFERENCES PUBLIC.USER(ID) NOCHECK;          
ALTER TABLE PUBLIC.TASK ADD CONSTRAINT PUBLIC.FKAO8FQIOVC2G9EN1PQ7JAENGH6 FOREIGN KEY(SPRINT_ID) REFERENCES PUBLIC.SPRINT(ID) NOCHECK;         
ALTER TABLE PUBLIC.PRODUCT_FEATURE_FEATURE ADD CONSTRAINT PUBLIC.FKE0H6DSW6R8EGPE5289L5X8DAE FOREIGN KEY(PRODUCT_FEATURE_ID) REFERENCES PUBLIC.PRODUCT_FEATURE(ID) NOCHECK;    
ALTER TABLE PUBLIC.PRODUCT_FEATURE_FEATURE ADD CONSTRAINT PUBLIC.FK68KA5LINU4FEQLNS80GFX5Q81 FOREIGN KEY(FEATURE_ID) REFERENCES PUBLIC.FEATURE(ID) NOCHECK;    
ALTER TABLE PUBLIC.ORDER_FEATURE_ORD ADD CONSTRAINT PUBLIC.FKPARV9SCC1DPUBTB6VYP4MHAER FOREIGN KEY(ORD_ID) REFERENCES PUBLIC.ORD(ID) NOCHECK;  
ALTER TABLE PUBLIC.ORDER_FEATURE_ORD ADD CONSTRAINT PUBLIC.FK5FB2CAWBALAI252D2C071D5LT FOREIGN KEY(ORDER_FEATURES_ID) REFERENCES PUBLIC.ORDER_FEATURE(ID) NOCHECK;             
ALTER TABLE PUBLIC.ORDER_FEATURE ADD CONSTRAINT PUBLIC.FKAS052KWQVYG9MWJHOGO18LN3K FOREIGN KEY(FEATURE_ID) REFERENCES PUBLIC.FEATURE(ID) NOCHECK;              
ALTER TABLE PUBLIC.ORDER_FEATURE_ORD_AUD ADD CONSTRAINT PUBLIC.FKTHMM35ATRCST3NUHODVGIUWUI FOREIGN KEY(REV) REFERENCES PUBLIC.REVINFO(ID) NOCHECK;             
ALTER TABLE PUBLIC.PRODUCT_FEATURE ADD CONSTRAINT PUBLIC.FKLH5UE8BA0I44EMCCLLYEL9IP4 FOREIGN KEY(ORDER_FEATURE_ID) REFERENCES PUBLIC.ORDER_FEATURE(ID) NOCHECK;
ALTER TABLE PUBLIC.SPRINT_AUD ADD CONSTRAINT PUBLIC.FK379ONHNBA9Q80BYBO1CWNNMP8 FOREIGN KEY(REV) REFERENCES PUBLIC.REVINFO(ID) NOCHECK;        
ALTER TABLE PUBLIC.PROJECT_AUD ADD CONSTRAINT PUBLIC.FKPNOJD25GXJYN8JG0MJ5K96MCL FOREIGN KEY(REV) REFERENCES PUBLIC.REVINFO(ID) NOCHECK;       
ALTER TABLE PUBLIC.FEATURE_AUD ADD CONSTRAINT PUBLIC.FKC9P40HNPRS9T0QWW7JHAXCDWA FOREIGN KEY(REV) REFERENCES PUBLIC.REVINFO(ID) NOCHECK;       
ALTER TABLE PUBLIC.TASK ADD CONSTRAINT PUBLIC.FKK8QRWOWG31KX7HP93SRU1PDQA FOREIGN KEY(PROJECT_ID) REFERENCES PUBLIC.PROJECT(ID) NOCHECK;       
ALTER TABLE PUBLIC.PRODUCT_FEATURE_AUD ADD CONSTRAINT PUBLIC.FK9IUVN9JB3REW2AUHRBEE1TG2F FOREIGN KEY(REV) REFERENCES PUBLIC.REVINFO(ID) NOCHECK;               
ALTER TABLE PUBLIC.PROJECT_USERS_AUD ADD CONSTRAINT PUBLIC.FK3VWKLNLFE5CT496V996HJJ2LJ FOREIGN KEY(REV) REFERENCES PUBLIC.REVINFO(ID) NOCHECK; 
ALTER TABLE PUBLIC.ORDER_FEATURE_AUD ADD CONSTRAINT PUBLIC.FKIG05N9C49162LR21LY70QHB6W FOREIGN KEY(REV) REFERENCES PUBLIC.REVINFO(ID) NOCHECK; 
ALTER TABLE PUBLIC.PARTICIPANTS_AUD ADD CONSTRAINT PUBLIC.FK4T7TN3KU8WKMX2WRX1CJF5U8D FOREIGN KEY(REV) REFERENCES PUBLIC.REVINFO(ID) NOCHECK;  