;              
CREATE USER IF NOT EXISTS SA SALT '9474e3917ec4dffd' HASH 'c94cc00e69525ba94a178027dc63c8d059ed82a5e0f94f89f595ffa79d928869' ADMIN; 


Drop all objects;    
CREATE SEQUENCE PUBLIC.HIBERNATE_SEQUENCE START WITH 122;     
CREATE CACHED TABLE PUBLIC.FEATURE(
    ID BIGINT NOT NULL,
    DESCRIPTION VARCHAR(255),
    IMAGE_PATH VARCHAR(255),
    INDEX VARCHAR(255),
    NAME VARCHAR(255),
    PRICE DOUBLE,
    ORDER_FEATURES_ID BIGINT
);        
ALTER TABLE PUBLIC.FEATURE ADD CONSTRAINT PUBLIC.CONSTRAINT_F PRIMARY KEY(ID); 
-- 24 +/- SELECT COUNT(*) FROM PUBLIC.FEATURE; 
INSERT INTO PUBLIC.FEATURE(ID, DESCRIPTION, IMAGE_PATH, INDEX, NAME, PRICE, ORDER_FEATURES_ID) VALUES
(1, '5-th wheel height', 'default.png', 'K144976', '1250', 55.1, 55),
(2, '5-th wheel height', 'default.png', 'K123411', '1200', 55.1, NULL),
(3, 'aXLE', 'default.png', '', 'SAF drum', 55.1, 57),
(4, '', '', '', 'BPW drum', 0.0, NULL),
(21, '', '', '', 'standard curtain with tail lift', 0.0, 53),
(24, '', '', 'K237100', 'standard', 0.0, NULL),
(27, '', '', '', 'with flat rear main beam', 0.0, NULL),
(33, '', '', '', 'DH 20 tail lift', 0.0, NULL),
(37, '', '', '', 'DH SKS tail lift', 0.0, 59),
(41, '', '', '', 'other tail lift', 0.0, NULL),
(68, '', '', '', 'Jost disk', 0.0, NULL),
(71, '', '', '', '158 mm', 0.0, NULL),
(84, '', '', '', '100 mm', 0.0, NULL),
(88, '', '', '', 'Not fited', 0.0, NULL),
(92, '', '', '', 'Aspock RDC', 0.0, NULL),
(94, '', '', '', 'V-tech Revering Sensors', 0.0, NULL),
(97, '', '', 'K235884', 'Front pulpit 600', 0.0, NULL),
(99, '', '', 'K145810', 'Front pulpit 900', 0.0, NULL),
(101, '', '', 'K205370', 'Front pulpit 1200 INOX', 0.0, NULL),
(103, '', '', 'K237062', 'Front pulpit 1200 ', 0.0, NULL),
(108, '', '', 'K145719', 'Front Pulpit 200 for Suzie', 0.0, NULL),
(111, '', '', 'K145180', 'Real ladder, assembled nearside', 0.0, NULL),
(113, '', '', '', 'Ladder not fitted', 0.0, NULL),
(119, '', '', '', 'Tail lift not fitted', 0.0, NULL);     
CREATE CACHED TABLE PUBLIC.FEATURE_AUD(
    ID BIGINT NOT NULL,
    REV INTEGER NOT NULL,
    REVTYPE TINYINT,
    DESCRIPTION VARCHAR(255),
    IMAGE_PATH VARCHAR(255),
    INDEX VARCHAR(255),
    NAME VARCHAR(255),
    PRICE DOUBLE,
    ORDER_FEATURES_ID BIGINT
);     
ALTER TABLE PUBLIC.FEATURE_AUD ADD CONSTRAINT PUBLIC.CONSTRAINT_6 PRIMARY KEY(ID, REV);        
-- 32 +/- SELECT COUNT(*) FROM PUBLIC.FEATURE_AUD;             
INSERT INTO PUBLIC.FEATURE_AUD(ID, REV, REVTYPE, DESCRIPTION, IMAGE_PATH, INDEX, NAME, PRICE, ORDER_FEATURES_ID) VALUES
(4, 5, 0, '', '', '', 'BPW', 0.0, NULL),
(3, 7, 1, 'aXLE', 'default.png', 'K234555', 'SAF', 55.1, NULL),
(1, 17, 1, '5-th wheel height', 'default.png', 'K125444', '1250', 55.1, 14),
(3, 19, 1, 'aXLE', 'default.png', 'K234555', 'SAF', 55.1, 16),
(21, 22, 0, '', '', '', 'standard curtain with tail lift', 0.0, NULL),
(24, 25, 0, '', '', '', 'standard', 0.0, NULL),
(27, 28, 0, '', '', '', 'with flat rear main beam', 0.0, NULL),
(33, 34, 0, '', '', '', 'DH 20 tail lift', 0.0, NULL),
(37, 38, 0, '', '', '', 'DH SKS tail lift', 0.0, NULL),
(41, 42, 0, '', '', '', 'other tail lift', 0.0, NULL),
(21, 56, 1, '', '', '', 'standard curtain with tail lift', 0.0, 53),
(1, 58, 1, '5-th wheel height', 'default.png', 'K125444', '1250', 55.1, 55),
(3, 60, 1, 'aXLE', 'default.png', 'K234555', 'SAF', 55.1, 57),
(37, 62, 1, '', '', '', 'DH SKS tail lift', 0.0, 59),
(4, 63, 1, '', '', '', 'BPW drum', 0.0, NULL),
(1, 64, 1, '5-th wheel height', 'default.png', 'K144976', '1250', 55.1, 55),
(3, 67, 1, 'aXLE', 'default.png', '', 'SAF drum', 55.1, 57),
(68, 69, 0, '', '', '', 'Jost disk', 0.0, NULL),
(71, 72, 0, '', '', '', '158 mm', 0.0, NULL),
(84, 85, 0, '', '', '', '100 mm', 0.0, NULL),
(24, 87, 1, '', '', 'K237100', 'standard', 0.0, NULL),
(88, 89, 0, '', '', '', 'Not fited', 0.0, NULL),
(92, 93, 0, '', '', '', 'Aspock RDC', 0.0, NULL),
(94, 95, 0, '', '', '', 'V-tech Revering Sensors', 0.0, NULL),
(97, 98, 0, '', '', 'K235884', 'Front pulpit 600', 0.0, NULL),
(99, 100, 0, '', '', 'K145810', 'Front pulpit 900', 0.0, NULL),
(101, 102, 0, '', '', 'K205370', 'Front pulpit 1200 INOX', 0.0, NULL),
(103, 104, 0, '', '', 'K237062', 'Front pulpit 1200 ', 0.0, NULL),
(108, 109, 0, '', '', 'K145719', 'Front Pulpit 200 for Suzie', 0.0, NULL),
(111, 112, 0, '', '', 'K145180', 'Real ladder, assembled nearside', 0.0, NULL),
(113, 114, 0, '', '', '', 'Ladder not fitted', 0.0, NULL),
(119, 120, 0, '', '', '', 'Tail lift not fitted', 0.0, NULL);   
CREATE CACHED TABLE PUBLIC.FEATURE_PRODUCT_FEATURE_LIST_AUD(
    REV INTEGER NOT NULL,
    FEATURE_ID BIGINT NOT NULL,
    PRODUCT_FEATURE_LIST_ID BIGINT NOT NULL,
    REVTYPE TINYINT
);     
ALTER TABLE PUBLIC.FEATURE_PRODUCT_FEATURE_LIST_AUD ADD CONSTRAINT PUBLIC.CONSTRAINT_2 PRIMARY KEY(REV, FEATURE_ID, PRODUCT_FEATURE_LIST_ID);  
-- 0 +/- SELECT COUNT(*) FROM PUBLIC.FEATURE_PRODUCT_FEATURE_LIST_AUD;         
CREATE CACHED TABLE PUBLIC.FEATURE_PRODUCT_FEATURE_LIST(
    FEATURE_ID BIGINT NOT NULL,
    PRODUCT_FEATURE_LIST_ID BIGINT NOT NULL
);        
ALTER TABLE PUBLIC.FEATURE_PRODUCT_FEATURE_LIST ADD CONSTRAINT PUBLIC.CONSTRAINT_B PRIMARY KEY(FEATURE_ID, PRODUCT_FEATURE_LIST_ID);           
-- 0 +/- SELECT COUNT(*) FROM PUBLIC.FEATURE_PRODUCT_FEATURE_LIST;             
CREATE CACHED TABLE PUBLIC.ORD(
    ID BIGINT NOT NULL,
    CLIENT VARCHAR(255),
    ORDER_NAME VARCHAR(255),
    PRICE DOUBLE,
    UNITS_TO_PRODUCE INTEGER
);
ALTER TABLE PUBLIC.ORD ADD CONSTRAINT PUBLIC.CONSTRAINT_1 PRIMARY KEY(ID);     
-- 2 +/- SELECT COUNT(*) FROM PUBLIC.ORD;      
INSERT INTO PUBLIC.ORD(ID, CLIENT, ORDER_NAME, PRICE, UNITS_TO_PRODUCE) VALUES
(18, 'adf', 'A12341', 23452.0, 4),
(61, NULL, NULL, NULL, NULL);
CREATE CACHED TABLE PUBLIC.ORD_AUD(
    ID BIGINT NOT NULL,
    REV INTEGER NOT NULL,
    REVTYPE TINYINT,
    CLIENT VARCHAR(255),
    ORDER_NAME VARCHAR(255),
    PRICE DOUBLE,
    UNITS_TO_PRODUCE INTEGER
);             
ALTER TABLE PUBLIC.ORD_AUD ADD CONSTRAINT PUBLIC.CONSTRAINT_E PRIMARY KEY(ID, REV);            
-- 3 +/- SELECT COUNT(*) FROM PUBLIC.ORD_AUD;  
INSERT INTO PUBLIC.ORD_AUD(ID, REV, REVTYPE, CLIENT, ORDER_NAME, PRICE, UNITS_TO_PRODUCE) VALUES
(18, 19, 0, NULL, NULL, NULL, NULL),
(18, 20, 1, 'adf', 'A12341', 23452.0, 4),
(61, 62, 0, NULL, NULL, NULL, NULL);           
CREATE CACHED TABLE PUBLIC.ORDER_FEATURE_AUD(
    ID BIGINT NOT NULL,
    REV INTEGER NOT NULL,
    REVTYPE TINYINT,
    FEATURE_ID BIGINT,
    PRODUCT_FEATURE_ID BIGINT
);   
ALTER TABLE PUBLIC.ORDER_FEATURE_AUD ADD CONSTRAINT PUBLIC.CONSTRAINT_8 PRIMARY KEY(ID, REV);  
-- 12 +/- SELECT COUNT(*) FROM PUBLIC.ORDER_FEATURE_AUD;       
INSERT INTO PUBLIC.ORDER_FEATURE_AUD(ID, REV, REVTYPE, FEATURE_ID, PRODUCT_FEATURE_ID) VALUES
(14, 15, 0, 1, 11),
(16, 17, 0, 3, 12),
(14, 19, 1, 1, 11),
(16, 19, 1, 3, 12),
(53, 54, 0, 21, 13),
(55, 56, 0, 1, 11),
(57, 58, 0, 3, 12),
(59, 60, 0, 37, 35),
(53, 62, 1, 21, 13),
(55, 62, 1, 1, 11),
(57, 62, 1, 3, 12),
(59, 62, 1, 37, 35);              
CREATE CACHED TABLE PUBLIC.ORDER_FEATURE_ORD_AUD(
    REV INTEGER NOT NULL,
    ORDER_FEATURES_ID BIGINT NOT NULL,
    ORD_ID BIGINT NOT NULL,
    REVTYPE TINYINT
);          
ALTER TABLE PUBLIC.ORDER_FEATURE_ORD_AUD ADD CONSTRAINT PUBLIC.CONSTRAINT_D PRIMARY KEY(REV, ORDER_FEATURES_ID, ORD_ID);       
-- 6 +/- SELECT COUNT(*) FROM PUBLIC.ORDER_FEATURE_ORD_AUD;    
INSERT INTO PUBLIC.ORDER_FEATURE_ORD_AUD(REV, ORDER_FEATURES_ID, ORD_ID, REVTYPE) VALUES
(19, 14, 18, 0),
(19, 16, 18, 0),
(62, 53, 61, 0),
(62, 55, 61, 0),
(62, 57, 61, 0),
(62, 59, 61, 0); 
CREATE CACHED TABLE PUBLIC.ORDER_FEATURE(
    ID BIGINT NOT NULL,
    FEATURE_ID BIGINT,
    PRODUCT_FEATURE_ID BIGINT
);      
ALTER TABLE PUBLIC.ORDER_FEATURE ADD CONSTRAINT PUBLIC.CONSTRAINT_7 PRIMARY KEY(ID);           
-- 6 +/- SELECT COUNT(*) FROM PUBLIC.ORDER_FEATURE;            
INSERT INTO PUBLIC.ORDER_FEATURE(ID, FEATURE_ID, PRODUCT_FEATURE_ID) VALUES
(14, 1, 11),
(16, 3, 12),
(53, 21, 13),
(55, 1, 11),
(57, 3, 12),
(59, 37, 35);    
CREATE CACHED TABLE PUBLIC.ORDER_FEATURE_ORD(
    ORDER_FEATURES_ID BIGINT NOT NULL,
    ORD_ID BIGINT NOT NULL
);             
-- 6 +/- SELECT COUNT(*) FROM PUBLIC.ORDER_FEATURE_ORD;        
INSERT INTO PUBLIC.ORDER_FEATURE_ORD(ORDER_FEATURES_ID, ORD_ID) VALUES
(14, 18),
(16, 18),
(53, 61),
(55, 61),
(57, 61),
(59, 61);             
CREATE CACHED TABLE PUBLIC.PARTICIPANTS(
    USER_ID BIGINT NOT NULL,
    PROJECT_ID BIGINT NOT NULL
);        
ALTER TABLE PUBLIC.PARTICIPANTS ADD CONSTRAINT PUBLIC.CONSTRAINT_14 PRIMARY KEY(USER_ID, PROJECT_ID);          
-- 0 +/- SELECT COUNT(*) FROM PUBLIC.PARTICIPANTS;             
CREATE CACHED TABLE PUBLIC.PARTICIPANTS_AUD(
    REV INTEGER NOT NULL,
    USER_ID BIGINT NOT NULL,
    PROJECT_ID BIGINT NOT NULL,
    REVTYPE TINYINT
);     
ALTER TABLE PUBLIC.PARTICIPANTS_AUD ADD CONSTRAINT PUBLIC.CONSTRAINT_24 PRIMARY KEY(REV, USER_ID, PROJECT_ID); 
-- 0 +/- SELECT COUNT(*) FROM PUBLIC.PARTICIPANTS_AUD;         
CREATE CACHED TABLE PUBLIC.PRODUCT_CONFIGURATION_AUD(
    ID BIGINT NOT NULL,
    REV INTEGER NOT NULL,
    REVTYPE TINYINT,
    NAME VARCHAR(255)
);          
ALTER TABLE PUBLIC.PRODUCT_CONFIGURATION_AUD ADD CONSTRAINT PUBLIC.CONSTRAINT_F1 PRIMARY KEY(ID, REV);         
-- 5 +/- SELECT COUNT(*) FROM PUBLIC.PRODUCT_CONFIGURATION_AUD;
INSERT INTO PUBLIC.PRODUCT_CONFIGURATION_AUD(ID, REV, REVTYPE, NAME) VALUES
(8, 9, 0, 'curtain'),
(8, 44, 1, 'curtain'),
(8, 75, 1, 'curtain'),
(8, 107, 1, 'curtain'),
(8, 118, 1, 'curtain');
CREATE CACHED TABLE PUBLIC.PRODUCT_FEATURE_AUD(
    ID BIGINT NOT NULL,
    REV INTEGER NOT NULL,
    REVTYPE TINYINT,
    DESCRIPTION VARCHAR(255),
    IMAGE_PATH VARCHAR(255),
    NAME VARCHAR(255),
    POSITION INTEGER,
    ORDER_FEATURE_ID BIGINT,
    PRODUCT_CONFIGURATION_ID BIGINT
);             
ALTER TABLE PUBLIC.PRODUCT_FEATURE_AUD ADD CONSTRAINT PUBLIC.CONSTRAINT_85 PRIMARY KEY(ID, REV);               
-- 72 +/- SELECT COUNT(*) FROM PUBLIC.PRODUCT_FEATURE_AUD;     
INSERT INTO PUBLIC.PRODUCT_FEATURE_AUD(ID, REV, REVTYPE, DESCRIPTION, IMAGE_PATH, NAME, POSITION, ORDER_FEATURE_ID, PRODUCT_CONFIGURATION_ID) VALUES
(11, 2, 1, 'distance from ground to king pin plate', 'default.png', '5-th wheel heigth', 0, NULL, NULL),
(12, 3, 1, 'producer of the axle', 'default.png', 'Axle', 0, NULL, NULL),
(12, 6, 1, 'producer of the axle', 'default.png', 'Axle', 0, NULL, NULL),
(11, 9, 1, 'distance from ground to king pin plate', 'default.png', '5-th wheel heigth', 0, NULL, 8),
(12, 9, 1, 'producer of the axle', 'default.png', 'Axle', 0, NULL, 8),
(13, 9, 1, '', 'default.png', 'Body Type', 0, NULL, 8),
(12, 10, 1, 'producer of the axle', 'default.png', 'Axle', 1, NULL, 8),
(13, 11, 1, '', 'default.png', 'Body Type', 2, NULL, 8),
(13, 12, 1, '', 'default.png', 'Body Type', 1, NULL, 8),
(12, 12, 1, 'producer of the axle', 'default.png', 'Axle', 2, NULL, 8),
(12, 13, 1, 'producer of the axle', 'default.png', 'Axle', 1, NULL, 8),
(13, 13, 1, '', 'default.png', 'Body Type', 2, NULL, 8),
(11, 17, 1, 'distance from ground to king pin plate', 'default.png', '5-th wheel heigth', 0, 14, 8),
(12, 19, 1, 'producer of the axle', 'default.png', 'Axle', 1, 16, 8),
(13, 23, 1, '', 'default.png', 'Version', 2, NULL, 8),
(13, 26, 1, '', 'default.png', 'Version', 2, NULL, 8),
(13, 29, 1, '', 'default.png', 'Version', 2, NULL, 8),
(13, 30, 1, '', 'default.png', 'Version', 2, NULL, 8),
(13, 31, 1, '', 'default.png', 'Version', 1, NULL, 8),
(12, 31, 1, 'producer of the axle', 'default.png', 'Axle', 2, 16, 8),
(13, 32, 1, '', 'default.png', 'Version', 0, NULL, 8),
(11, 32, 1, 'distance from ground to king pin plate', 'default.png', '5-th wheel heigth', 1, 14, 8),
(35, 36, 0, '', '', 'Tail lift', NULL, NULL, NULL),
(35, 39, 1, '', '', 'Tail lift', NULL, NULL, NULL),
(35, 40, 1, '', '', 'Tail lift', NULL, NULL, NULL),
(35, 43, 1, '', '', 'Tail lift', NULL, NULL, NULL),
(13, 44, 1, '', 'default.png', 'Version', 5, NULL, 8),
(11, 44, 1, 'distance from ground to king pin plate', 'default.png', '5-th wheel heigth', 3, 14, 8),
(12, 44, 1, 'producer of the axle', 'default.png', 'Axle', 4, 16, 8),
(35, 44, 1, '', '', 'Tail lift', 6, NULL, 8),
(13, 45, 1, '', 'default.png', 'Version', 0, NULL, 8),
(11, 46, 1, 'distance from ground to king pin plate', 'default.png', '5-th wheel heigth', 1, 14, 8),
(12, 47, 1, 'producer of the axle', 'default.png', 'Axle', 2, 16, 8),
(11, 48, 1, 'distance from ground to king pin plate', 'default.png', '5-th wheel heigth', 3, 14, 8),
(12, 49, 1, 'producer of the axle', 'default.png', 'Axle', 4, 16, 8),
(13, 50, 1, '', 'default.png', 'Version', 5, NULL, 8),
(13, 51, 1, '', 'default.png', 'Version', 4, NULL, 8),
(12, 51, 1, 'producer of the axle', 'default.png', 'Axle', 5, 16, 8),
(13, 52, 1, '', 'default.png', 'Version', 3, NULL, 8),
(11, 52, 1, 'distance from ground to king pin plate', 'default.png', '5-th wheel heigth', 4, 14, 8),
(13, 56, 1, '', 'default.png', 'Version', 3, 53, 8),
(11, 58, 1, 'distance from ground to king pin plate', 'default.png', '5-th wheel heigth', 4, 55, 8),
(12, 60, 1, 'producer of the axle', 'default.png', 'Axle', 5, 57, 8),
(35, 62, 1, '', '', 'Tail lift', 6, 59, 8),
(11, 65, 1, 'distance from ground to king pin plate', 'default.png', '5-th wheel heigth', 4, 55, 8),
(11, 66, 1, 'distance from ground to king pin plate', 'default.png', '5-th wheel heigth', 3, 55, 8),
(13, 66, 1, '', 'default.png', 'Version', 4, 53, 8),
(12, 70, 1, 'producer of the axle', 'default.png', 'Axle', 5, 57, 8),
(73, 74, 0, '', '', 'Neck Height', NULL, NULL, NULL),
(73, 75, 1, '', '', 'Neck Height', 7, NULL, 8),
(11, 76, 1, 'distance from ground to king pin plate', 'default.png', '5-th wheel heigth', 0, 55, 8),
(13, 77, 1, '', 'default.png', 'Version', 1, 53, 8),
(12, 78, 1, 'producer of the axle', 'default.png', 'Axle', 2, 57, 8),
(35, 79, 1, '', '', 'Tail lift', 3, 59, 8),
(73, 80, 1, '', '', 'Neck Height', 4, NULL, 8),
(73, 81, 1, '', '', 'Neck Height', 3, NULL, 8),
(35, 81, 1, '', '', 'Tail lift', 4, 59, 8),
(73, 82, 1, '', '', 'Neck Height', 2, NULL, 8),
(12, 82, 1, 'producer of the axle', 'default.png', 'Axle', 3, 57, 8);    
INSERT INTO PUBLIC.PRODUCT_FEATURE_AUD(ID, REV, REVTYPE, DESCRIPTION, IMAGE_PATH, NAME, POSITION, ORDER_FEATURE_ID, PRODUCT_CONFIGURATION_ID) VALUES
(12, 83, 1, 'producer of the axle', 'default.png', 'Axle', 2, 57, 8),
(73, 83, 1, '', '', 'Neck Height', 3, NULL, 8),
(73, 86, 1, '', '', 'Neck Height', 3, NULL, 8),
(90, 91, 0, '', '', 'Revers sensor', NULL, NULL, NULL),
(90, 96, 1, '', '', 'Revers sensor', NULL, NULL, NULL),
(105, 106, 0, '', '', 'Front Pulpit', NULL, NULL, NULL),
(90, 107, 1, '', '', 'Revers sensor', 5, NULL, 8),
(105, 107, 1, '', '', 'Front Pulpit', 6, NULL, 8),
(105, 110, 1, '', '', 'Front Pulpit', 6, NULL, 8),
(115, 116, 0, '', '', 'Rear ladder', NULL, NULL, NULL),
(115, 117, 1, '', '', 'Rear ladder', NULL, NULL, NULL),
(115, 118, 1, '', '', 'Rear ladder', 7, NULL, 8),
(35, 121, 1, '', '', 'Tail lift', 4, 59, 8);    
CREATE CACHED TABLE PUBLIC.PRODUCT_FEATURE_FEATURE_AUD(
    REV INTEGER NOT NULL,
    PRODUCT_FEATURE_ID BIGINT NOT NULL,
    FEATURE_ID BIGINT NOT NULL,
    REVTYPE TINYINT
);               
ALTER TABLE PUBLIC.PRODUCT_FEATURE_FEATURE_AUD ADD CONSTRAINT PUBLIC.CONSTRAINT_9 PRIMARY KEY(REV, PRODUCT_FEATURE_ID, FEATURE_ID);            
-- 31 +/- SELECT COUNT(*) FROM PUBLIC.PRODUCT_FEATURE_FEATURE_AUD;             
INSERT INTO PUBLIC.PRODUCT_FEATURE_FEATURE_AUD(REV, PRODUCT_FEATURE_ID, FEATURE_ID, REVTYPE) VALUES
(2, 11, 2, 0),
(2, 11, 1, 0),
(3, 12, 3, 0),
(6, 12, 4, 0),
(23, 13, 21, 0),
(26, 13, 24, 0),
(29, 13, 21, 2),
(29, 13, 24, 2),
(29, 13, 27, 0),
(30, 13, 24, 0),
(30, 13, 21, 0),
(36, 35, 33, 0),
(39, 35, 33, 2),
(39, 35, 37, 0),
(40, 35, 33, 0),
(43, 35, 41, 0),
(65, 11, 2, 2),
(70, 12, 68, 0),
(74, 73, 71, 0),
(86, 73, 84, 0),
(91, 90, 88, 0),
(96, 90, 92, 0),
(96, 90, 94, 0),
(106, 105, 97, 0),
(106, 105, 101, 0),
(106, 105, 103, 0),
(106, 105, 99, 0),
(110, 105, 108, 0),
(116, 115, 113, 0),
(117, 115, 111, 0),
(121, 35, 119, 0); 
CREATE CACHED TABLE PUBLIC.PRODUCT_CONFIGURATION(
    ID BIGINT NOT NULL,
    NAME VARCHAR(255)
);             
ALTER TABLE PUBLIC.PRODUCT_CONFIGURATION ADD CONSTRAINT PUBLIC.CONSTRAINT_1B PRIMARY KEY(ID);  
-- 1 +/- SELECT COUNT(*) FROM PUBLIC.PRODUCT_CONFIGURATION;    
INSERT INTO PUBLIC.PRODUCT_CONFIGURATION(ID, NAME) VALUES
(8, 'curtain');      
CREATE CACHED TABLE PUBLIC.PRODUCT_FEATURE(
    ID BIGINT NOT NULL,
    DESCRIPTION VARCHAR(255),
    IMAGE_PATH VARCHAR(255),
    NAME VARCHAR(255),
    POSITION INTEGER,
    ORDER_FEATURE_ID BIGINT,
    PRODUCT_CONFIGURATION_ID BIGINT
);
ALTER TABLE PUBLIC.PRODUCT_FEATURE ADD CONSTRAINT PUBLIC.CONSTRAINT_95 PRIMARY KEY(ID);        
-- 8 +/- SELECT COUNT(*) FROM PUBLIC.PRODUCT_FEATURE;          
INSERT INTO PUBLIC.PRODUCT_FEATURE(ID, DESCRIPTION, IMAGE_PATH, NAME, POSITION, ORDER_FEATURE_ID, PRODUCT_CONFIGURATION_ID) VALUES
(11, 'distance from ground to king pin plate', 'default.png', '5-th wheel heigth', 0, 55, 8),
(12, 'producer of the axle', 'default.png', 'Axle', 2, 57, 8),
(13, '', 'default.png', 'Version', 1, 53, 8),
(35, '', '', 'Tail lift', 4, 59, 8),
(73, '', '', 'Neck Height', 3, NULL, 8),
(90, '', '', 'Revers sensor', 5, NULL, 8),
(105, '', '', 'Front Pulpit', 6, NULL, 8),
(115, '', '', 'Rear ladder', 7, NULL, 8);    
CREATE CACHED TABLE PUBLIC.PRODUCT_FEATURE_FEATURE(
    PRODUCT_FEATURE_ID BIGINT NOT NULL,
    FEATURE_ID BIGINT NOT NULL
);  
ALTER TABLE PUBLIC.PRODUCT_FEATURE_FEATURE ADD CONSTRAINT PUBLIC.CONSTRAINT_4 PRIMARY KEY(PRODUCT_FEATURE_ID, FEATURE_ID);     
-- 23 +/- SELECT COUNT(*) FROM PUBLIC.PRODUCT_FEATURE_FEATURE; 
INSERT INTO PUBLIC.PRODUCT_FEATURE_FEATURE(PRODUCT_FEATURE_ID, FEATURE_ID) VALUES
(11, 1),
(13, 27),
(13, 21),
(13, 24),
(12, 3),
(12, 68),
(12, 4),
(73, 71),
(73, 84),
(90, 94),
(90, 88),
(90, 92),
(105, 97),
(105, 101),
(105, 103),
(105, 108),
(105, 99),
(115, 111),
(115, 113),
(35, 33),
(35, 119),
(35, 41),
(35, 37);              
CREATE CACHED TABLE PUBLIC.PROJECT(
    ID BIGINT NOT NULL,
    DESCRIPTION VARCHAR(255),
    PROJECT_NAME VARCHAR(255),
    USER_ID BIGINT
); 
ALTER TABLE PUBLIC.PROJECT ADD CONSTRAINT PUBLIC.CONSTRAINT_18 PRIMARY KEY(ID);
-- 1 +/- SELECT COUNT(*) FROM PUBLIC.PROJECT;  
INSERT INTO PUBLIC.PROJECT(ID, DESCRIPTION, PROJECT_NAME, USER_ID) VALUES
(1, 'make drawings', 'documentation', 114);          
CREATE CACHED TABLE PUBLIC.PROJECT_AUD(
    ID BIGINT NOT NULL,
    REV INTEGER NOT NULL,
    REVTYPE TINYINT,
    DESCRIPTION VARCHAR(255),
    PROJECT_NAME VARCHAR(255),
    USER_ID BIGINT
);              
ALTER TABLE PUBLIC.PROJECT_AUD ADD CONSTRAINT PUBLIC.CONSTRAINT_48 PRIMARY KEY(ID, REV);       
-- 0 +/- SELECT COUNT(*) FROM PUBLIC.PROJECT_AUD;              
CREATE CACHED TABLE PUBLIC.PROJECT_USERS(
    PROJECT_ID BIGINT NOT NULL,
    USERS_ID BIGINT NOT NULL
);      
ALTER TABLE PUBLIC.PROJECT_USERS ADD CONSTRAINT PUBLIC.CONSTRAINT_B8 PRIMARY KEY(PROJECT_ID, USERS_ID);        
-- 0 +/- SELECT COUNT(*) FROM PUBLIC.PROJECT_USERS;            
CREATE CACHED TABLE PUBLIC.PROJECT_USERS_AUD(
    REV INTEGER NOT NULL,
    PROJECT_ID BIGINT NOT NULL,
    USERS_ID BIGINT NOT NULL,
    REVTYPE TINYINT
);   
ALTER TABLE PUBLIC.PROJECT_USERS_AUD ADD CONSTRAINT PUBLIC.CONSTRAINT_5 PRIMARY KEY(REV, PROJECT_ID, USERS_ID);
-- 0 +/- SELECT COUNT(*) FROM PUBLIC.PROJECT_USERS_AUD;        
CREATE CACHED TABLE PUBLIC.PROJECT_PARTICIPANTS(
    ID BIGINT NOT NULL,
    USER_ID BIGINT
); 
ALTER TABLE PUBLIC.PROJECT_PARTICIPANTS ADD CONSTRAINT PUBLIC.CONSTRAINT_41 PRIMARY KEY(ID);   
-- 0 +/- SELECT COUNT(*) FROM PUBLIC.PROJECT_PARTICIPANTS;     
CREATE CACHED TABLE PUBLIC.REVINFO(
    ID INTEGER NOT NULL,
    TIMESTAMP BIGINT NOT NULL,
    USERNAME VARCHAR(255)
);       
ALTER TABLE PUBLIC.REVINFO ADD CONSTRAINT PUBLIC.CONSTRAINT_6C PRIMARY KEY(ID);
-- 85 +/- SELECT COUNT(*) FROM PUBLIC.REVINFO; 
INSERT INTO PUBLIC.REVINFO(ID, TIMESTAMP, USERNAME) VALUES
(2, 1577397688420, 'uuu'),
(3, 1577397693231, 'uuu'),
(5, 1577397702910, 'uuu'),
(6, 1577397709700, 'uuu'),
(7, 1577397721458, 'uuu'),
(9, 1577397920510, 'uuu'),
(10, 1577397920529, 'uuu'),
(11, 1577397920538, 'uuu'),
(12, 1577397929820, 'uuu'),
(13, 1577397934670, 'uuu'),
(15, 1577397974124, 'uuu'),
(17, 1577397974134, 'uuu'),
(19, 1577397974151, 'uuu'),
(20, 1577397992279, 'uuu'),
(22, 1577398681908, 'uuu'),
(23, 1577398691662, 'uuu'),
(25, 1577398701418, 'uuu'),
(26, 1577398708032, 'uuu'),
(28, 1577398728058, 'uuu'),
(29, 1577398732759, 'uuu'),
(30, 1577398737896, 'uuu'),
(31, 1577398754878, 'uuu'),
(32, 1577398756533, 'uuu'),
(34, 1577399889119, 'uuu'),
(36, 1577401338995, 'uuu'),
(38, 1577401371439, 'uuu'),
(39, 1577401376382, 'uuu'),
(40, 1577401691456, 'uuu'),
(42, 1577401711200, 'uuu'),
(43, 1577401715908, 'uuu'),
(44, 1577401729403, 'uuu'),
(45, 1577401729418, 'uuu'),
(46, 1577401729425, 'uuu'),
(47, 1577401729433, 'uuu'),
(48, 1577401729439, 'uuu'),
(49, 1577401729450, 'uuu'),
(50, 1577401729457, 'uuu'),
(51, 1577401735063, 'uuu'),
(52, 1577401737801, 'uuu'),
(54, 1577401766675, 'uuu'),
(56, 1577401766683, 'uuu'),
(58, 1577401766694, 'uuu'),
(60, 1577401766707, 'uuu'),
(62, 1577401766728, 'uuu'),
(63, 1577475006413, 'uuu'),
(64, 1577475033424, 'uuu'),
(65, 1577475077077, 'uuu'),
(66, 1577475094474, 'uuu'),
(67, 1577475149424, 'uuu'),
(69, 1577475170391, 'uuu'),
(70, 1577475175192, 'uuu'),
(72, 1577475267741, 'uuu'),
(74, 1577475275717, 'uuu'),
(75, 1577475289151, 'uuu'),
(76, 1577475289168, 'uuu'),
(77, 1577475289176, 'uuu'),
(78, 1577475289184, 'uuu'),
(79, 1577475289191, 'uuu'),
(80, 1577475289197, 'uuu'),
(81, 1577475293432, 'uuu'),
(82, 1577475295431, 'uuu'),
(83, 1577475298435, 'uuu'),
(85, 1577475330962, 'uuu'),
(86, 1577475336569, 'uuu'),
(87, 1577475358773, 'uuu'),
(89, 1577475461091, 'uuu'),
(91, 1577475508085, 'uuu'),
(93, 1577475525764, 'uuu'),
(95, 1577475555598, 'uuu'),
(96, 1577475562229, 'uuu'),
(98, 1577475644436, 'uuu'),
(100, 1577475680275, 'uuu'),
(102, 1577475713556, 'uuu'),
(104, 1577475732183, 'uuu'),
(106, 1577475750705, 'uuu'),
(107, 1577475770586, 'uuu'),
(109, 1577475814365, 'uuu'),
(110, 1577475846797, 'uuu'),
(112, 1577475965058, 'uuu'),
(114, 1577475984945, 'uuu'),
(116, 1577476357539, 'uuu'),
(117, 1577476364631, 'uuu'),
(118, 1577476383408, 'uuu'),
(120, 1577476424861, 'uuu'),
(121, 1577476433508, 'uuu'); 
CREATE CACHED TABLE PUBLIC.SPRINT(
    ID BIGINT NOT NULL,
    FINISH_DATE DATE,
    PLANED_STORY_POINTS INTEGER,
    START_DATE DATE
);       
ALTER TABLE PUBLIC.SPRINT ADD CONSTRAINT PUBLIC.CONSTRAINT_92 PRIMARY KEY(ID); 
-- 1 +/- SELECT COUNT(*) FROM PUBLIC.SPRINT;   
INSERT INTO PUBLIC.SPRINT(ID, FINISH_DATE, PLANED_STORY_POINTS, START_DATE) VALUES
(3, DATE '2019-11-08', 11, DATE '2019-11-01');              
CREATE CACHED TABLE PUBLIC.SPRINT_AUD(
    ID BIGINT NOT NULL,
    REV INTEGER NOT NULL,
    REVTYPE TINYINT,
    FINISH_DATE DATE,
    PLANED_STORY_POINTS INTEGER,
    START_DATE DATE
);    
ALTER TABLE PUBLIC.SPRINT_AUD ADD CONSTRAINT PUBLIC.CONSTRAINT_6E PRIMARY KEY(ID, REV);        
-- 0 +/- SELECT COUNT(*) FROM PUBLIC.SPRINT_AUD;               
CREATE CACHED TABLE PUBLIC.TASK(
    ID BIGINT NOT NULL,
    DESCRIPTION VARCHAR(2000),
    NAME VARCHAR(255),
    PROGRESS INTEGER,
    STORY_POINTS INTEGER,
    WEIGHT INTEGER,
    PROJECT_ID BIGINT,
    SPRINT_ID BIGINT,
    USER_ID BIGINT
);          
ALTER TABLE PUBLIC.TASK ADD CONSTRAINT PUBLIC.CONSTRAINT_27 PRIMARY KEY(ID);   
-- 1 +/- SELECT COUNT(*) FROM PUBLIC.TASK;     
INSERT INTO PUBLIC.TASK(ID, DESCRIPTION, NAME, PROGRESS, STORY_POINTS, WEIGHT, PROJECT_ID, SPRINT_ID, USER_ID) VALUES
(5, 'make upper structure', 'upper structure', 0, 2, 3, 1, 3, 203);      
CREATE CACHED TABLE PUBLIC.TASK_AUD(
    ID BIGINT NOT NULL,
    REV INTEGER NOT NULL,
    REVTYPE TINYINT,
    DESCRIPTION VARCHAR(2000),
    NAME VARCHAR(255),
    PROGRESS INTEGER,
    STORY_POINTS INTEGER,
    WEIGHT INTEGER,
    PROJECT_ID BIGINT,
    SPRINT_ID BIGINT,
    USER_ID BIGINT
);       
ALTER TABLE PUBLIC.TASK_AUD ADD CONSTRAINT PUBLIC.CONSTRAINT_16 PRIMARY KEY(ID, REV);          
-- 0 +/- SELECT COUNT(*) FROM PUBLIC.TASK_AUD; 
CREATE CACHED TABLE PUBLIC.USER(
    ID BIGINT NOT NULL,
    AUTHORITIES VARCHAR(255),
    AVATAR VARCHAR(255),
    EMAIL VARCHAR(255),
    LOGIN VARCHAR(255),
    PASSWORD VARCHAR(255),
    USERNAME VARCHAR(255)
);        
ALTER TABLE PUBLIC.USER ADD CONSTRAINT PUBLIC.CONSTRAINT_27E PRIMARY KEY(ID);  
-- 2 +/- SELECT COUNT(*) FROM PUBLIC.USER;     
INSERT INTO PUBLIC.USER(ID, AUTHORITIES, AVATAR, EMAIL, LOGIN, PASSWORD, USERNAME) VALUES
(114, 'ADMIN', 'boy-7.png', 'uuu@uuu.pl', 'uuu', '{bcrypt}$2a$10$I0uWuhWjubbkUMRlfi.SA.zis2SKMl5CZmxQ9APT3W2evp7TLLwgq', 'uuu'),
(203, 'ADMIN', 'default.png', '1eee@interia.pl', '1eee', '{bcrypt}$2a$10$9TYp3C5y1nt1uKil8lL53e2jm.MN0HwM8MpiipWErGMF26lBIX73m', '1eee');           
CREATE CACHED TABLE PUBLIC.USER_AUD(
    ID BIGINT NOT NULL,
    REV INTEGER NOT NULL,
    REVTYPE TINYINT,
    AUTHORITIES VARCHAR(255),
    AVATAR VARCHAR(255),
    EMAIL VARCHAR(255),
    LOGIN VARCHAR(255),
    PASSWORD VARCHAR(255),
    USERNAME VARCHAR(255)
);     
ALTER TABLE PUBLIC.USER_AUD ADD CONSTRAINT PUBLIC.CONSTRAINT_1E PRIMARY KEY(ID, REV);          
-- 0 +/- SELECT COUNT(*) FROM PUBLIC.USER_AUD; 
ALTER TABLE PUBLIC.USER ADD CONSTRAINT PUBLIC.UK_OB8KQYQQGMEFL0ACO34AKDTPE UNIQUE(EMAIL);      
ALTER TABLE PUBLIC.USER ADD CONSTRAINT PUBLIC.UK_EW1HVAM8UWAKNUAELLWHQCHHB UNIQUE(LOGIN);      
ALTER TABLE PUBLIC.PROJECT ADD CONSTRAINT PUBLIC.UK_PBFM0XRDQW1ANDX15423O4LTF UNIQUE(PROJECT_NAME);            
ALTER TABLE PUBLIC.USER ADD CONSTRAINT PUBLIC.UK_SB8BBOUER5WAK8VYIIY4PF2BX UNIQUE(USERNAME);   
ALTER TABLE PUBLIC.PRODUCT_CONFIGURATION ADD CONSTRAINT PUBLIC.UK_8BHC5GKWH94NJ5CRLOPF08HTN UNIQUE(NAME);      
ALTER TABLE PUBLIC.PROJECT_PARTICIPANTS ADD CONSTRAINT PUBLIC.FKBLYX3R2A6YYBC40O86MJJ1I7J FOREIGN KEY(USER_ID) REFERENCES PUBLIC.USER(ID) NOCHECK;             
ALTER TABLE PUBLIC.ORDER_FEATURE ADD CONSTRAINT PUBLIC.FK59ASJ36MIDY1AG1Q16GWDBPL8 FOREIGN KEY(PRODUCT_FEATURE_ID) REFERENCES PUBLIC.PRODUCT_FEATURE(ID) NOCHECK;              
ALTER TABLE PUBLIC.FEATURE_PRODUCT_FEATURE_LIST ADD CONSTRAINT PUBLIC.FK71JHOD97SRKTOT7RIVFTC979I FOREIGN KEY(FEATURE_ID) REFERENCES PUBLIC.FEATURE(ID) NOCHECK;               
ALTER TABLE PUBLIC.TASK ADD CONSTRAINT PUBLIC.FK2HSYTMXYSATFVT0P1992CW449 FOREIGN KEY(USER_ID) REFERENCES PUBLIC.USER(ID) NOCHECK;             
ALTER TABLE PUBLIC.PARTICIPANTS ADD CONSTRAINT PUBLIC.FKLYGOCMOHUH11SVFDUXXW8YKK6 FOREIGN KEY(USER_ID) REFERENCES PUBLIC.USER(ID) NOCHECK;     
ALTER TABLE PUBLIC.PRODUCT_FEATURE_FEATURE_AUD ADD CONSTRAINT PUBLIC.FKC8C8T820JJG267H98NDWM6YJR FOREIGN KEY(REV) REFERENCES PUBLIC.REVINFO(ID) NOCHECK;       
ALTER TABLE PUBLIC.PROJECT_USERS ADD CONSTRAINT PUBLIC.FK9AT0EI37RLS7VD2M6SH92668H FOREIGN KEY(PROJECT_ID) REFERENCES PUBLIC.PROJECT(ID) NOCHECK;              
ALTER TABLE PUBLIC.PRODUCT_FEATURE ADD CONSTRAINT PUBLIC.FKRP6XSPA4WGMRN3X5SFUC3VJIK FOREIGN KEY(PRODUCT_CONFIGURATION_ID) REFERENCES PUBLIC.PRODUCT_CONFIGURATION(ID) NOCHECK;
ALTER TABLE PUBLIC.FEATURE_PRODUCT_FEATURE_LIST_AUD ADD CONSTRAINT PUBLIC.FK2932AI74XROW96F15SQN0C3LW FOREIGN KEY(REV) REFERENCES PUBLIC.REVINFO(ID) NOCHECK;  
ALTER TABLE PUBLIC.TASK_AUD ADD CONSTRAINT PUBLIC.FKAERB34SJRAIW4VJH4OH46RB71 FOREIGN KEY(REV) REFERENCES PUBLIC.REVINFO(ID) NOCHECK;          
ALTER TABLE PUBLIC.PROJECT_USERS ADD CONSTRAINT PUBLIC.FK1M4KYGHSGB54TDLEF6NASVJX7 FOREIGN KEY(USERS_ID) REFERENCES PUBLIC.USER(ID) NOCHECK;   
ALTER TABLE PUBLIC.PARTICIPANTS ADD CONSTRAINT PUBLIC.FKTN91OMQ9LHHC0ITJMVFGBU26O FOREIGN KEY(PROJECT_ID) REFERENCES PUBLIC.PROJECT(ID) NOCHECK;               
ALTER TABLE PUBLIC.ORD_AUD ADD CONSTRAINT PUBLIC.FKK1VH8OC7U6JTVMQ472G9FKFAA FOREIGN KEY(REV) REFERENCES PUBLIC.REVINFO(ID) NOCHECK;           
ALTER TABLE PUBLIC.PRODUCT_CONFIGURATION_AUD ADD CONSTRAINT PUBLIC.FKSF1WFU50N4BYPDF1M634EU0A4 FOREIGN KEY(REV) REFERENCES PUBLIC.REVINFO(ID) NOCHECK;         
ALTER TABLE PUBLIC.USER_AUD ADD CONSTRAINT PUBLIC.FK89NTTO9KOBWAHRWXBNE2NQCNR FOREIGN KEY(REV) REFERENCES PUBLIC.REVINFO(ID) NOCHECK;          
ALTER TABLE PUBLIC.FEATURE_PRODUCT_FEATURE_LIST ADD CONSTRAINT PUBLIC.FKTRRJAOEYI8RBBKBO8EXQUDYD FOREIGN KEY(PRODUCT_FEATURE_LIST_ID) REFERENCES PUBLIC.PRODUCT_FEATURE(ID) NOCHECK;           
ALTER TABLE PUBLIC.FEATURE ADD CONSTRAINT PUBLIC.FKS9C7HAOO1AAHLELKE9TAM2X8J FOREIGN KEY(ORDER_FEATURES_ID) REFERENCES PUBLIC.ORDER_FEATURE(ID) NOCHECK;       
ALTER TABLE PUBLIC.PROJECT ADD CONSTRAINT PUBLIC.FKO06V2E9KUAPCUGNYHTTQA1VPT FOREIGN KEY(USER_ID) REFERENCES PUBLIC.USER(ID) NOCHECK;          
ALTER TABLE PUBLIC.TASK ADD CONSTRAINT PUBLIC.FKAO8FQIOVC2G9EN1PQ7JAENGH6 FOREIGN KEY(SPRINT_ID) REFERENCES PUBLIC.SPRINT(ID) NOCHECK;         
ALTER TABLE PUBLIC.PRODUCT_FEATURE_FEATURE ADD CONSTRAINT PUBLIC.FKE0H6DSW6R8EGPE5289L5X8DAE FOREIGN KEY(PRODUCT_FEATURE_ID) REFERENCES PUBLIC.PRODUCT_FEATURE(ID) NOCHECK;    
ALTER TABLE PUBLIC.PRODUCT_FEATURE_FEATURE ADD CONSTRAINT PUBLIC.FK68KA5LINU4FEQLNS80GFX5Q81 FOREIGN KEY(FEATURE_ID) REFERENCES PUBLIC.FEATURE(ID) NOCHECK;    
ALTER TABLE PUBLIC.ORDER_FEATURE_ORD ADD CONSTRAINT PUBLIC.FKPARV9SCC1DPUBTB6VYP4MHAER FOREIGN KEY(ORD_ID) REFERENCES PUBLIC.ORD(ID) NOCHECK;  
ALTER TABLE PUBLIC.ORDER_FEATURE_ORD ADD CONSTRAINT PUBLIC.FK5FB2CAWBALAI252D2C071D5LT FOREIGN KEY(ORDER_FEATURES_ID) REFERENCES PUBLIC.ORDER_FEATURE(ID) NOCHECK;             
ALTER TABLE PUBLIC.ORDER_FEATURE ADD CONSTRAINT PUBLIC.FKAS052KWQVYG9MWJHOGO18LN3K FOREIGN KEY(FEATURE_ID) REFERENCES PUBLIC.FEATURE(ID) NOCHECK;              
ALTER TABLE PUBLIC.ORDER_FEATURE_ORD_AUD ADD CONSTRAINT PUBLIC.FKTHMM35ATRCST3NUHODVGIUWUI FOREIGN KEY(REV) REFERENCES PUBLIC.REVINFO(ID) NOCHECK;             
ALTER TABLE PUBLIC.PRODUCT_FEATURE ADD CONSTRAINT PUBLIC.FKLH5UE8BA0I44EMCCLLYEL9IP4 FOREIGN KEY(ORDER_FEATURE_ID) REFERENCES PUBLIC.ORDER_FEATURE(ID) NOCHECK;
ALTER TABLE PUBLIC.SPRINT_AUD ADD CONSTRAINT PUBLIC.FK379ONHNBA9Q80BYBO1CWNNMP8 FOREIGN KEY(REV) REFERENCES PUBLIC.REVINFO(ID) NOCHECK;        
ALTER TABLE PUBLIC.PROJECT_AUD ADD CONSTRAINT PUBLIC.FKPNOJD25GXJYN8JG0MJ5K96MCL FOREIGN KEY(REV) REFERENCES PUBLIC.REVINFO(ID) NOCHECK;       
ALTER TABLE PUBLIC.FEATURE_AUD ADD CONSTRAINT PUBLIC.FKC9P40HNPRS9T0QWW7JHAXCDWA FOREIGN KEY(REV) REFERENCES PUBLIC.REVINFO(ID) NOCHECK;       
ALTER TABLE PUBLIC.TASK ADD CONSTRAINT PUBLIC.FKK8QRWOWG31KX7HP93SRU1PDQA FOREIGN KEY(PROJECT_ID) REFERENCES PUBLIC.PROJECT(ID) NOCHECK;       
ALTER TABLE PUBLIC.PRODUCT_FEATURE_AUD ADD CONSTRAINT PUBLIC.FK9IUVN9JB3REW2AUHRBEE1TG2F FOREIGN KEY(REV) REFERENCES PUBLIC.REVINFO(ID) NOCHECK;               
ALTER TABLE PUBLIC.PROJECT_USERS_AUD ADD CONSTRAINT PUBLIC.FK3VWKLNLFE5CT496V996HJJ2LJ FOREIGN KEY(REV) REFERENCES PUBLIC.REVINFO(ID) NOCHECK; 
ALTER TABLE PUBLIC.ORDER_FEATURE_AUD ADD CONSTRAINT PUBLIC.FKIG05N9C49162LR21LY70QHB6W FOREIGN KEY(REV) REFERENCES PUBLIC.REVINFO(ID) NOCHECK; 
ALTER TABLE PUBLIC.PARTICIPANTS_AUD ADD CONSTRAINT PUBLIC.FK4T7TN3KU8WKMX2WRX1CJF5U8D FOREIGN KEY(REV) REFERENCES PUBLIC.REVINFO(ID) NOCHECK;  